concept,prefLabel,broad,altLabels
https://hdl.handle.net/20.500.11840/termmaster10079293,uitoefenen van geweld,https://hdl.handle.net/20.500.11840/termmaster10049755,geweld | violence
https://hdl.handle.net/20.500.11840/termmaster10068310,zeilvaartuigen,https://hdl.handle.net/20.500.11840/termmaster10068305,sailing vessels
https://hdl.handle.net/20.500.11840/termmaster10064029,Delhi (hoofdstadregio),https://hdl.handle.net/20.500.11840/termmaster10063752,Delhi (union territory) | Oud Delhi
https://hdl.handle.net/20.500.11840/termmaster10048934,wedstrijd met dieren,https://hdl.handle.net/20.500.11840/termmaster10048926,kameelraces | paardenraces | tournaments with animals
https://hdl.handle.net/20.500.11840/termmaster10064838,met viltstift tekenen,https://hdl.handle.net/20.500.11840/termmaster10064832,felt-tip pen drawing | met viltstift getekend
https://hdl.handle.net/20.500.11840/termmaster10072007,mondboren,https://hdl.handle.net/20.500.11840/termmaster10072006,mouth drills
https://hdl.handle.net/20.500.11840/termmaster10056607,South Ayrshire,https://hdl.handle.net/20.500.11840/termmaster10056600,
https://hdl.handle.net/20.500.11840/termmaster10061020,Kaifeng,https://hdl.handle.net/20.500.11840/termmaster10061018,
https://hdl.handle.net/20.500.11840/termmaster10068195,drachmemunten,https://hdl.handle.net/20.500.11840/termmaster10068183,drachma coins
https://hdl.handle.net/20.500.11840/termmaster10069240,sieraden naar functie,https://hdl.handle.net/20.500.11840/termmaster10069233,jewelry by function
https://hdl.handle.net/20.500.11840/termmaster10065305,ijzer en ijzerlegering,https://hdl.handle.net/20.500.11840/termmaster10065304,iron and iron alloy
https://hdl.handle.net/20.500.11840/termmaster10063983,Cuttack District,https://hdl.handle.net/20.500.11840/termmaster10063982,
https://hdl.handle.net/20.500.11840/termmaster10063062,Pemalang (regentschap),https://hdl.handle.net/20.500.11840/termmaster10063042,Pemalang (kabupaten) | Pemalang (regency)
https://hdl.handle.net/20.500.11840/termmaster10071941,inkt-en-verfbereidingsgereedschap,https://hdl.handle.net/20.500.11840/termmaster10071815,ink and paint preparation tools
https://hdl.handle.net/20.500.11840/termmaster10059832,Groenland,https://hdl.handle.net/20.500.11840/termmaster10059438,GRL  | Greenland | Grönland | Kalaallit Nunaat
https://hdl.handle.net/20.500.11840/termmaster10068605,top- en randornamenten,https://hdl.handle.net/20.500.11840/termmaster10068603,culminating and edge ornaments
https://hdl.handle.net/20.500.11840/termmaster10071478,weefbomen,https://hdl.handle.net/20.500.11840/termmaster10071461,weaving beams
https://hdl.handle.net/20.500.11840/termmaster10054850,Littoral (provincie),https://hdl.handle.net/20.500.11840/termmaster10054795,Littoral (province)
https://hdl.handle.net/20.500.11840/termmaster10060532,Aibom,https://hdl.handle.net/20.500.11840/termmaster10060520,
https://hdl.handle.net/20.500.11840/termmaster10062422,Ruteng,https://hdl.handle.net/20.500.11840/termmaster10062419,
https://hdl.handle.net/20.500.11840/termmaster10056986,Königskopf,https://hdl.handle.net/20.500.11840/termmaster10056939,
https://hdl.handle.net/20.500.11840/termmaster10068962,schijven,https://hdl.handle.net/20.500.11840/termmaster10068934,disks (object genres)
https://hdl.handle.net/20.500.11840/termmaster10079672,natuur- en landschapsbeheer,https://hdl.handle.net/20.500.11840/termmaster10048183,nature and landscape management
https://hdl.handle.net/20.500.11840/termmaster10055128,Mopti (regio),https://hdl.handle.net/20.500.11840/termmaster10055095,Mopti (region)
https://hdl.handle.net/20.500.11840/termmaster10056126,Loosdrechtse Plassen,https://hdl.handle.net/20.500.11840/termmaster10056110,
https://hdl.handle.net/20.500.11840/termmaster10055594,Sloten (voormalige gemeente),https://hdl.handle.net/20.500.11840/termmaster10055592,Sloten (former community)
https://hdl.handle.net/20.500.11840/termmaster10057467,Cantal,https://hdl.handle.net/20.500.11840/termmaster10057465,
https://hdl.handle.net/20.500.11840/termmaster10058125,Stoelmans-eilanden,https://hdl.handle.net/20.500.11840/termmaster10058104,Stoelmans Islands
https://hdl.handle.net/20.500.11840/termmaster10054905,Bijagós-eilanden,https://hdl.handle.net/20.500.11840/termmaster10054904,Bijagós Islands | Bisagos-eilanden | Bissagos-eilanden
https://hdl.handle.net/20.500.11840/termmaster10067331,kinderprenten,https://hdl.handle.net/20.500.11840/termmaster10067330,children's print
https://hdl.handle.net/20.500.11840/termmaster10063510,Nakhon Si Thammarat (provincie),https://hdl.handle.net/20.500.11840/termmaster10063506,Nakhon Si Thammarat (changwat) | Nakhon Si Thammarat (province)
https://hdl.handle.net/20.500.11840/termmaster10069271,heupringen,https://hdl.handle.net/20.500.11840/termmaster10069270,hip rings
https://hdl.handle.net/20.500.11840/termmaster10049115,adolescentie en jeugd,https://hdl.handle.net/20.500.11840/termmaster10049107,adolescence and youth | adolescentie | jeugd | waardering van jongvolwassenen
https://hdl.handle.net/20.500.11840/termmaster10071342,vlechtpriemen,https://hdl.handle.net/20.500.11840/termmaster10071338,peg awls | vlechtnaalden
https://hdl.handle.net/20.500.11840/termmaster10062462,Nita,https://hdl.handle.net/20.500.11840/termmaster10062459,Nitta
https://hdl.handle.net/20.500.11840/termmaster10053897,Humpata,https://hdl.handle.net/20.500.11840/termmaster10053896,
https://hdl.handle.net/20.500.11840/termmaster10068564,speelballen,https://hdl.handle.net/20.500.11840/termmaster10068528,ballen (speelgoed) | balls (object genres)
https://hdl.handle.net/20.500.11840/termmaster10064332,At Ta'min (gouvernement),https://hdl.handle.net/20.500.11840/termmaster10064331,At Ta'min (governorate) | Kirkuk (Gouvernement)
https://hdl.handle.net/20.500.11840/termmaster10067396,miniaturen (schilderingen),https://hdl.handle.net/20.500.11840/termmaster10067390,miniatures (paintings) | miniatuurschilderingen
https://hdl.handle.net/20.500.11840/termmaster10065646,monkey pot,https://hdl.handle.net/20.500.11840/termmaster10065616,monkey pod | monkeypod | monkeypod tree | rain tree | rain-tree | samanea samán
https://hdl.handle.net/20.500.11840/termmaster10065634,itaùbahout,https://hdl.handle.net/20.500.11840/termmaster10065616,itaùba
https://hdl.handle.net/20.500.11840/termmaster10079105,theeceremnonies,https://hdl.handle.net/20.500.11840/termmaster10048364,tea ceremonies
https://hdl.handle.net/20.500.11840/termmaster10061769,Labuhanbatu Selatan (regentschap),https://hdl.handle.net/20.500.11840/termmaster10061673,Labuhanbatu Selatan (kabupaten) | Labuhanbatu Selatan (regency)
https://hdl.handle.net/20.500.11840/termmaster10066343,watervallen,https://hdl.handle.net/20.500.11840/termmaster10066337,waterfalls (natural bodies of water)
https://hdl.handle.net/20.500.11840/termmaster10076351,Seneca,https://hdl.handle.net/20.500.11840/termmaster10076346,
https://hdl.handle.net/20.500.11840/termmaster10060700,Gilbert-eilanden,https://hdl.handle.net/20.500.11840/termmaster10060699,Gilbert Islands
https://hdl.handle.net/20.500.11840/termmaster10065174,celluloseacetaat (CA),https://hdl.handle.net/20.500.11840/termmaster10065170,CA (plastic) | Kodak Safety Film | cellulose acetaat (CA) | cellulose acetate (CA)
https://hdl.handle.net/20.500.11840/termmaster10063710,Federally Administered Tribal Areas,https://hdl.handle.net/20.500.11840/termmaster10063663,FATA | Federaal Bestuurde Stamgebieden
https://hdl.handle.net/20.500.11840/termmaster10068705,pothaken,https://hdl.handle.net/20.500.11840/termmaster10068700,halen | pot-hooks
https://hdl.handle.net/20.500.11840/termmaster10058854,Todos Santos,https://hdl.handle.net/20.500.11840/termmaster10058825,
https://hdl.handle.net/20.500.11840/termmaster10063524,Centraal-Thailand,https://hdl.handle.net/20.500.11840/termmaster10063483,Central Thailand | Thailand: centraal | Thailand: central
https://hdl.handle.net/20.500.11840/termmaster10075850,Delfts,https://hdl.handle.net/20.500.11840/termmaster10075841,Delft
https://hdl.handle.net/20.500.11840/termmaster10078590,Bisharin,https://hdl.handle.net/20.500.11840/termmaster10078588,
https://hdl.handle.net/20.500.11840/termmaster10057314,Cuenca (provincie) -Spanje,https://hdl.handle.net/20.500.11840/termmaster10057313,Cuenca (ESP province)
https://hdl.handle.net/20.500.11840/termmaster10068754,condensatoren,https://hdl.handle.net/20.500.11840/termmaster10068753,condensers
https://hdl.handle.net/20.500.11840/termmaster10063628,Muong Sing,https://hdl.handle.net/20.500.11840/termmaster10063622,Mouong Sing
https://hdl.handle.net/20.500.11840/termmaster10065042,damasceren,https://hdl.handle.net/20.500.11840/termmaster10065040,damascening
https://hdl.handle.net/20.500.11840/termmaster10068286,ceremoniële vaartuigen,https://hdl.handle.net/20.500.11840/termmaster10068251,ceremonial watercraft
https://hdl.handle.net/20.500.11840/termmaster10054815,Ngaoundéré,https://hdl.handle.net/20.500.11840/termmaster10054795,
https://hdl.handle.net/20.500.11840/termmaster10071608,sleephaken,https://hdl.handle.net/20.500.11840/termmaster10071607,hitches | trekhaken
https://hdl.handle.net/20.500.11840/termmaster10072039,grammofoonnaalden,https://hdl.handle.net/20.500.11840/termmaster10072038,fonograafnaalden | gramophone needles
https://hdl.handle.net/20.500.11840/termmaster10054368,Ksar el Boukhari,https://hdl.handle.net/20.500.11840/termmaster10054367,Ksar El-Boukhari
https://hdl.handle.net/20.500.11840/termmaster10060433,Fergusson-eiland,https://hdl.handle.net/20.500.11840/termmaster10060431,Fergusson Island
https://hdl.handle.net/20.500.11840/termmaster10078545,Mesguilda,https://hdl.handle.net/20.500.11840/termmaster10078544,Beni Mesguilda
https://hdl.handle.net/20.500.11840/termmaster10065269,nefrietsteen,https://hdl.handle.net/20.500.11840/termmaster10065268,lapis aequipondus | martelaarsteen | martyr's stone | pietra nefritica
https://hdl.handle.net/20.500.11840/termmaster10060528,Walis,https://hdl.handle.net/20.500.11840/termmaster10060520,
https://hdl.handle.net/20.500.11840/termmaster10054438,Chichaoua,https://hdl.handle.net/20.500.11840/termmaster10054431,
https://hdl.handle.net/20.500.11840/termmaster10075807,Rooms-katholiek,https://hdl.handle.net/20.500.11840/termmaster10075800,Roman Catholic | katholicisme | katholiek
https://hdl.handle.net/20.500.11840/termmaster10061863,Pandai Sikek,https://hdl.handle.net/20.500.11840/termmaster10061857,
https://hdl.handle.net/20.500.11840/termmaster10057715,Haute-Normandie,https://hdl.handle.net/20.500.11840/termmaster10057434,
https://hdl.handle.net/20.500.11840/termmaster10071098,keukengerei naar functie,https://hdl.handle.net/20.500.11840/termmaster10071086,culinary equipment by function
https://hdl.handle.net/20.500.11840/termmaster10067917,laden en ladenonderdelen,https://hdl.handle.net/20.500.11840/termmaster10067910,drawers and drawer components
https://hdl.handle.net/20.500.11840/termmaster10064727,vastpennen,https://hdl.handle.net/20.500.11840/termmaster10064720,doweling
https://hdl.handle.net/20.500.11840/termmaster10070345,tobbes,https://hdl.handle.net/20.500.11840/termmaster10070287,tubs (containers)
https://hdl.handle.net/20.500.11840/termmaster10057996,Graubünden,https://hdl.handle.net/20.500.11840/termmaster10057984,
https://hdl.handle.net/20.500.11840/termmaster10071125,kookgereedschap,https://hdl.handle.net/20.500.11840/termmaster10071107,cooking equipment | cooking utensils
https://hdl.handle.net/20.500.11840/termmaster10062901,Berbak,https://hdl.handle.net/20.500.11840/termmaster10062900,Berbek
https://hdl.handle.net/20.500.11840/termmaster10056947,Lingen,https://hdl.handle.net/20.500.11840/termmaster10056946,
https://hdl.handle.net/20.500.11840/termmaster10071954,kraaienpoten,https://hdl.handle.net/20.500.11840/termmaster10071948,caltrops
https://hdl.handle.net/20.500.11840/termmaster10071624,strijkijzers,https://hdl.handle.net/20.500.11840/termmaster10071618,irons
https://hdl.handle.net/20.500.11840/termmaster10075815,Candomblé,https://hdl.handle.net/20.500.11840/termmaster10075813,
https://hdl.handle.net/20.500.11840/termmaster10063206,Prambanan (vlakte),https://hdl.handle.net/20.500.11840/termmaster10063199,Kewe Plain | Kewu-vlakte | Prambanan Plain
https://hdl.handle.net/20.500.11840/termmaster10065406,klei,https://hdl.handle.net/20.500.11840/termmaster10065382,clay | native clay
https://hdl.handle.net/20.500.11840/termmaster10056758,Mittelfranken,https://hdl.handle.net/20.500.11840/termmaster10056737,
https://hdl.handle.net/20.500.11840/termmaster10065546,tempera,https://hdl.handle.net/20.500.11840/termmaster10065543,tempera paint
https://hdl.handle.net/20.500.11840/termmaster10067274,foto's naar vorm: kleur,https://hdl.handle.net/20.500.11840/termmaster10067264,photographs by form: color
https://hdl.handle.net/20.500.11840/termmaster10079524,siliconenrubber (SI),https://hdl.handle.net/20.500.11840/termmaster10065161,Polysilixane | SI (siliconenrubber) | SIR | Silastic | Silicone rubber (SI) | Silopren | polysiloxaan | silicone | silicone elastomer
https://hdl.handle.net/20.500.11840/termmaster10070040,stadskaarten,https://hdl.handle.net/20.500.11840/termmaster10070039,city maps | stadsplannen | stadsplattegronden
https://hdl.handle.net/20.500.11840/termmaster10058598,Rio de Janeiro (deelstaat),https://hdl.handle.net/20.500.11840/termmaster10058588,Rio de Janeiro (state)
https://hdl.handle.net/20.500.11840/termmaster10077657,Buleleng,https://hdl.handle.net/20.500.11840/termmaster10077656,Boeleleng | Noord-Balinees
https://hdl.handle.net/20.500.11840/termmaster10078219,Nyai,https://hdl.handle.net/20.500.11840/termmaster10078216,
https://hdl.handle.net/20.500.11840/termmaster10070367,pakmanden,https://hdl.handle.net/20.500.11840/termmaster10070364,draagkorven | draagmanden | pack baskets
https://hdl.handle.net/20.500.11840/termmaster10069067,schaalonderdelen,https://hdl.handle.net/20.500.11840/termmaster10069066,scale components
https://hdl.handle.net/20.500.11840/termmaster10063083,Salatiga (stadsgemeente),https://hdl.handle.net/20.500.11840/termmaster10063042,Salatiga (kota) | Salatiga (municipality)
https://hdl.handle.net/20.500.11840/termmaster10066954,minaretten,https://hdl.handle.net/20.500.11840/termmaster10066952,minarets
https://hdl.handle.net/20.500.11840/termmaster10056443,Dronten,https://hdl.handle.net/20.500.11840/termmaster10056442,
https://hdl.handle.net/20.500.11840/termmaster10068429,herenfietsen,https://hdl.handle.net/20.500.11840/termmaster10068428,men's bicycles
https://hdl.handle.net/20.500.11840/termmaster10057955,Eisenerz,https://hdl.handle.net/20.500.11840/termmaster10057954,
https://hdl.handle.net/20.500.11840/termmaster10054124,Pool (departement),https://hdl.handle.net/20.500.11840/termmaster10054110,Pool (department)
https://hdl.handle.net/20.500.11840/termmaster10063998,Araku,https://hdl.handle.net/20.500.11840/termmaster10063997,
https://hdl.handle.net/20.500.11840/termmaster10064790,aquatint,https://hdl.handle.net/20.500.11840/termmaster10064789,aquatint (printing process)
https://hdl.handle.net/20.500.11840/termmaster10069930,eigendomsmerken,https://hdl.handle.net/20.500.11840/termmaster10069928,ownership marks
https://hdl.handle.net/20.500.11840/termmaster10067730,fotolampen,https://hdl.handle.net/20.500.11840/termmaster10067729,foto-opnamelampen | photoflood lamps
https://hdl.handle.net/20.500.11840/termmaster10060215,South Australia,https://hdl.handle.net/20.500.11840/termmaster10060133,Zuid-Australië (deelstaat)
https://hdl.handle.net/20.500.11840/termmaster10066355,duinen,https://hdl.handle.net/20.500.11840/termmaster10066354,dunes
https://hdl.handle.net/20.500.11840/termmaster10076305,Tesuque,https://hdl.handle.net/20.500.11840/termmaster10076299,Tesuque Pueblo
https://hdl.handle.net/20.500.11840/termmaster10076476,Precolumbiaanse noordelijk Midden-Amerikaanse stijlen,https://hdl.handle.net/20.500.11840/termmaster10076475,Pre-Columbian Costa Rican styles | Pre-Columbian Northern Central American styles | Precolumbiaans Costa Rica stijlen en perioden
https://hdl.handle.net/20.500.11840/termmaster10068908,versieringen (objectgenres),https://hdl.handle.net/20.500.11840/termmaster10068880,decorations (object genres) | versieringen
https://hdl.handle.net/20.500.11840/termmaster10069094,meetinstrumenten voor het meten van elektriciteit,https://hdl.handle.net/20.500.11840/termmaster10069093,electricity measuring devices
https://hdl.handle.net/20.500.11840/termmaster10077293,Jianwen,https://hdl.handle.net/20.500.11840/termmaster10077291,
https://hdl.handle.net/20.500.11840/termmaster10054776,Benin,https://hdl.handle.net/20.500.11840/termmaster10054775,Dahomey
https://hdl.handle.net/20.500.11840/termmaster10056421,Sleen,https://hdl.handle.net/20.500.11840/termmaster10056387,
https://hdl.handle.net/20.500.11840/termmaster10057901,Zagreb,https://hdl.handle.net/20.500.11840/termmaster10057900,
https://hdl.handle.net/20.500.11840/termmaster10067442,wrijfprenten,https://hdl.handle.net/20.500.11840/termmaster10067247,Abklatsch | afwrijfprenten | rubbingprenten | rubbings | rubbings (visual works) | wrijfsels
https://hdl.handle.net/20.500.11840/termmaster10078407,Vai,https://hdl.handle.net/20.500.11840/termmaster10078383,Vaï | Vei
https://hdl.handle.net/20.500.11840/termmaster10050379,theorieën van maatschappelijke vooruitgang,https://hdl.handle.net/20.500.11840/termmaster10050137,theories of social progress
https://hdl.handle.net/20.500.11840/termmaster10057695,Vendée,https://hdl.handle.net/20.500.11840/termmaster10057694,
https://hdl.handle.net/20.500.11840/termmaster10067551,bedekkingen en voorhangen voor meubilair,https://hdl.handle.net/20.500.11840/termmaster10067544,coverings and hangings for furniture
https://hdl.handle.net/20.500.11840/termmaster10077520,Sumbawa,https://hdl.handle.net/20.500.11840/termmaster10077504,
https://hdl.handle.net/20.500.11840/termmaster10056897,Wallücke,https://hdl.handle.net/20.500.11840/termmaster10056894,
https://hdl.handle.net/20.500.11840/termmaster10067510,heiligenbeelden,https://hdl.handle.net/20.500.11840/termmaster10067494,saintly sculptures
https://hdl.handle.net/20.500.11840/termmaster10057338,Madrid,https://hdl.handle.net/20.500.11840/termmaster10057337,
https://hdl.handle.net/20.500.11840/termmaster10064433,Band-e Qir,https://hdl.handle.net/20.500.11840/termmaster10064429,Band Qir | Band-i-Qir | Bend-i-Kir
https://hdl.handle.net/20.500.11840/termmaster10057842,Borislav,https://hdl.handle.net/20.500.11840/termmaster10057841,
https://hdl.handle.net/20.500.11840/termmaster10077134,Nara,https://hdl.handle.net/20.500.11840/termmaster10077132,
https://hdl.handle.net/20.500.11840/termmaster10077417,Pontianak,https://hdl.handle.net/20.500.11840/termmaster10077411,
https://hdl.handle.net/20.500.11840/termmaster10069680,halsbergen,https://hdl.handle.net/20.500.11840/termmaster10069679,gorgets
https://hdl.handle.net/20.500.11840/termmaster10078432,Gurma,https://hdl.handle.net/20.500.11840/termmaster10078416,Gourma | Gourmantche | Gulmance | Gurmanceba | Gurmanche
https://hdl.handle.net/20.500.11840/termmaster10061076,Lautem (district),https://hdl.handle.net/20.500.11840/termmaster10061075,
https://hdl.handle.net/20.500.11840/termmaster10048461,bontbewerking,https://hdl.handle.net/20.500.11840/termmaster10048459,fur working
https://hdl.handle.net/20.500.11840/termmaster10055966,Goedereede,https://hdl.handle.net/20.500.11840/termmaster10055808,
https://hdl.handle.net/20.500.11840/termmaster10065301,graniet,https://hdl.handle.net/20.500.11840/termmaster10065300,grantite | moorstone
https://hdl.handle.net/20.500.11840/termmaster10067347,nishiki-e,https://hdl.handle.net/20.500.11840/termmaster10067346,
https://hdl.handle.net/20.500.11840/termmaster10055064,Wassulu-gebied,https://hdl.handle.net/20.500.11840/termmaster10055051,Wassulu Area
https://hdl.handle.net/20.500.11840/termmaster10056187,Oisterwijk,https://hdl.handle.net/20.500.11840/termmaster10056165,
https://hdl.handle.net/20.500.11840/termmaster10055144,Balé,https://hdl.handle.net/20.500.11840/termmaster10055142,
https://hdl.handle.net/20.500.11840/termmaster10061917,Manna,https://hdl.handle.net/20.500.11840/termmaster10061916,
https://hdl.handle.net/20.500.11840/termmaster10054800,Batouri,https://hdl.handle.net/20.500.11840/termmaster10054795,
https://hdl.handle.net/20.500.11840/termmaster10061297,Manokwari Selatan (regentschap),https://hdl.handle.net/20.500.11840/termmaster10061284,Manokwari Selatan (kabupaten) | Manokwari Selatan (regency) | Ransiki (onderafdeling)
https://hdl.handle.net/20.500.11840/termmaster10069299,halssieraden,https://hdl.handle.net/20.500.11840/termmaster10069293,halstooien | halsversieringen | neck decorations
https://hdl.handle.net/20.500.11840/termmaster10070901,uitrusting voor voorspellen,https://hdl.handle.net/20.500.11840/termmaster10070891,divinatie-uitrusting | equipment for prophesizing | uitrusting voor orakelen | uitrusting voor predictie | uitrusting voor waarzeggen | uitrusting voor wichelen
https://hdl.handle.net/20.500.11840/termmaster10066821,spaarbanken,https://hdl.handle.net/20.500.11840/termmaster10066820,savings banks
https://hdl.handle.net/20.500.11840/termmaster10071173,ijsschaven,https://hdl.handle.net/20.500.11840/termmaster10071167,ice shavers | ijsschrapers (keukengerei)
https://hdl.handle.net/20.500.11840/termmaster10054023,Mbandaka,https://hdl.handle.net/20.500.11840/termmaster10054015,
https://hdl.handle.net/20.500.11840/termmaster10048918,explosieve wapens,https://hdl.handle.net/20.500.11840/termmaster10048907,explosive weapons
https://hdl.handle.net/20.500.11840/termmaster10076112,Xingú,https://hdl.handle.net/20.500.11840/termmaster10076109,Xinguanos
https://hdl.handle.net/20.500.11840/termmaster10075899,Oude Europese stijlen en perioden,https://hdl.handle.net/20.500.11840/termmaster10075898,
https://hdl.handle.net/20.500.11840/termmaster10062646,Telen (rivier),https://hdl.handle.net/20.500.11840/termmaster10062645,Sungai Telen | Telen River
https://hdl.handle.net/20.500.11840/termmaster10069825,geboorteakten,https://hdl.handle.net/20.500.11840/termmaster10069823,birth certificates
https://hdl.handle.net/20.500.11840/termmaster10076002,Pame,https://hdl.handle.net/20.500.11840/termmaster10075995,
https://hdl.handle.net/20.500.11840/termmaster10061090,Palekbang  ,https://hdl.handle.net/20.500.11840/termmaster10061088,
https://hdl.handle.net/20.500.11840/termmaster10069708,lendenbeschermers,https://hdl.handle.net/20.500.11840/termmaster10069664,loin guards | lumbar guards
https://hdl.handle.net/20.500.11840/termmaster10056173,Liessel,https://hdl.handle.net/20.500.11840/termmaster10056171,
https://hdl.handle.net/20.500.11840/termmaster10065061,koperslaan,https://hdl.handle.net/20.500.11840/termmaster10065057,coppersmithing
https://hdl.handle.net/20.500.11840/termmaster10061158,Sagada,https://hdl.handle.net/20.500.11840/termmaster10061157,
https://hdl.handle.net/20.500.11840/termmaster10065934,Korhogo-weefsel,https://hdl.handle.net/20.500.11840/termmaster10065930,korhogo cloth
https://hdl.handle.net/20.500.11840/termmaster10062963,Malo,https://hdl.handle.net/20.500.11840/termmaster10062960,
https://hdl.handle.net/20.500.11840/termmaster10062406,Dompu (regentschap),https://hdl.handle.net/20.500.11840/termmaster10062402,Dompu  (regency) | Dompu (kabupaten)
https://hdl.handle.net/20.500.11840/termmaster10065604,plantaardig materiaal,https://hdl.handle.net/20.500.11840/termmaster10065603,plant material
https://hdl.handle.net/20.500.11840/termmaster10063686,Wah,https://hdl.handle.net/20.500.11840/termmaster10063682,
https://hdl.handle.net/20.500.11840/termmaster10065819,web,https://hdl.handle.net/20.500.11840/termmaster10065810,web (secretion)
https://hdl.handle.net/20.500.11840/termmaster10064070,Rann-van-Kutch,https://hdl.handle.net/20.500.11840/termmaster10064034,Rann-van-Kachchh
https://hdl.handle.net/20.500.11840/termmaster10063511,Nakhon Si Thammarat,https://hdl.handle.net/20.500.11840/termmaster10063510,Lakhon | Lakon | Ligor | Nagara Sri Dharmaraja
https://hdl.handle.net/20.500.11840/termmaster10069030,originelen en afgeleide objecten,https://hdl.handle.net/20.500.11840/termmaster10068871,originals and derivative objects
https://hdl.handle.net/20.500.11840/termmaster10057118,Oberkochen,https://hdl.handle.net/20.500.11840/termmaster10057108,
https://hdl.handle.net/20.500.11840/termmaster10066306,mangatonderdelen (wegelementen),https://hdl.handle.net/20.500.11840/termmaster10066305,manhole components
https://hdl.handle.net/20.500.11840/termmaster10065580,hechtmiddel,https://hdl.handle.net/20.500.11840/termmaster10065494,adhesive | kleefstof
https://hdl.handle.net/20.500.11840/termmaster10071785,bandages,https://hdl.handle.net/20.500.11840/termmaster10071774,zwachtels
https://hdl.handle.net/20.500.11840/termmaster10059090,Mil Cumbres,https://hdl.handle.net/20.500.11840/termmaster10059059,
https://hdl.handle.net/20.500.11840/termmaster10079168,stelen en diefstal,https://hdl.handle.net/20.500.11840/termmaster10049277,pilfering | stelen van dingen in kleine hoeveelheid | winkeldiefstal | zakkenrollerij
https://hdl.handle.net/20.500.11840/termmaster10079126,sprookjes,https://hdl.handle.net/20.500.11840/termmaster10048337,fairy tales
https://hdl.handle.net/20.500.11840/termmaster10064381,Kazerun,https://hdl.handle.net/20.500.11840/termmaster10064377,
https://hdl.handle.net/20.500.11840/termmaster10056503,Portland,https://hdl.handle.net/20.500.11840/termmaster10056498,
https://hdl.handle.net/20.500.11840/termmaster10068141,mesgeld,https://hdl.handle.net/20.500.11840/termmaster10068137,blade money | knife money
https://hdl.handle.net/20.500.11840/termmaster10047976,oogsten,https://hdl.handle.net/20.500.11840/termmaster10047962,030104 | harvesting
https://hdl.handle.net/20.500.11840/termmaster10057990,Monte San Giorgio,https://hdl.handle.net/20.500.11840/termmaster10057985,
https://hdl.handle.net/20.500.11840/termmaster10061204,Salawati (eiland),https://hdl.handle.net/20.500.11840/termmaster10061202,Pulau Salawati | Salawati | Salawati (island) | Salawatti | Salewati
https://hdl.handle.net/20.500.11840/termmaster10066700,kunstschildersateliers,https://hdl.handle.net/20.500.11840/termmaster10066699,painters studios
https://hdl.handle.net/20.500.11840/termmaster10056644,België,https://hdl.handle.net/20.500.11840/termmaster10055587,BEL  | Belgium
https://hdl.handle.net/20.500.11840/termmaster10068939,tegels,https://hdl.handle.net/20.500.11840/termmaster10068934,tiles
https://hdl.handle.net/20.500.11840/termmaster10064117,Zuidwest-Azië: regionaal,https://hdl.handle.net/20.500.11840/termmaster10064116,
https://hdl.handle.net/20.500.11840/termmaster10067062,stallen,https://hdl.handle.net/20.500.11840/termmaster10067057,stables (animal housing) | veestallen
https://hdl.handle.net/20.500.11840/termmaster10057791,Cínovec,https://hdl.handle.net/20.500.11840/termmaster10057790,Cinovec
https://hdl.handle.net/20.500.11840/termmaster10071708,krachthamers,https://hdl.handle.net/20.500.11840/termmaster10071707,jackhammers
https://hdl.handle.net/20.500.11840/termmaster10060878,Fukuoka,https://hdl.handle.net/20.500.11840/termmaster10060877,
https://hdl.handle.net/20.500.11840/termmaster10064034,Gujarat (deelstaat),https://hdl.handle.net/20.500.11840/termmaster10063752,Gujarat (state) | Gujerat
https://hdl.handle.net/20.500.11840/termmaster10077311,Shunzhi,https://hdl.handle.net/20.500.11840/termmaster10077310,
https://hdl.handle.net/20.500.11840/termmaster10058608,Tefé,https://hdl.handle.net/20.500.11840/termmaster10058604,
https://hdl.handle.net/20.500.11840/termmaster10055446,Filipstad,https://hdl.handle.net/20.500.11840/termmaster10055444,
https://hdl.handle.net/20.500.11840/termmaster10064112,Farg'ona (regio),https://hdl.handle.net/20.500.11840/termmaster10064106,Ferg'ona (region) | Fergana
https://hdl.handle.net/20.500.11840/termmaster10078234,Ila,https://hdl.handle.net/20.500.11840/termmaster10078232,Baila | Baschukulompo | Maschukulompo | Maschukulumbuwe | Mashukulumbuwe | Shukulumbuwe
https://hdl.handle.net/20.500.11840/termmaster10076583,Antilliaans,https://hdl.handle.net/20.500.11840/termmaster10076582,Dutch Antillian
https://hdl.handle.net/20.500.11840/termmaster10078286,Mbembe,https://hdl.handle.net/20.500.11840/termmaster10078280,M'bembe | Mbembe (Cross River region style)
https://hdl.handle.net/20.500.11840/termmaster10076048,Chuj,https://hdl.handle.net/20.500.11840/termmaster10076036,
https://hdl.handle.net/20.500.11840/termmaster10063943,Chhatarpur,https://hdl.handle.net/20.500.11840/termmaster10063940,
https://hdl.handle.net/20.500.11840/termmaster10060069,Northland (regio),https://hdl.handle.net/20.500.11840/termmaster10060043,Northland Region | Te Tai Tokerau
https://hdl.handle.net/20.500.11840/termmaster10063882,West-India,https://hdl.handle.net/20.500.11840/termmaster10063871,India: west | Western India
https://hdl.handle.net/20.500.11840/termmaster10071680,wasborden,https://hdl.handle.net/20.500.11840/termmaster10071671,washboards
https://hdl.handle.net/20.500.11840/termmaster10055357,Marianhill,https://hdl.handle.net/20.500.11840/termmaster10055356,
https://hdl.handle.net/20.500.11840/termmaster10079277,bidden en vereren,https://hdl.handle.net/20.500.11840/termmaster10048341,"gebaren van verering en bidden | worshipping, praying and veneration"
https://hdl.handle.net/20.500.11840/termmaster10066079,rieten (aërofonen),https://hdl.handle.net/20.500.11840/termmaster10066044,reeds (aerophones)
https://hdl.handle.net/20.500.11840/termmaster10065354,Yogya zilver,https://hdl.handle.net/20.500.11840/termmaster10065351,Djokja silver | Djokja zilver | djokjazilver
https://hdl.handle.net/20.500.11840/termmaster10061139,Candon,https://hdl.handle.net/20.500.11840/termmaster10061137,
https://hdl.handle.net/20.500.11840/termmaster10056076,Rijsterbos,https://hdl.handle.net/20.500.11840/termmaster10056048,
https://hdl.handle.net/20.500.11840/termmaster10067570,kussenovertrekken,https://hdl.handle.net/20.500.11840/termmaster10067567,pillow shams
https://hdl.handle.net/20.500.11840/termmaster10069565,babykleding,https://hdl.handle.net/20.500.11840/termmaster10069564,baby wear
https://hdl.handle.net/20.500.11840/termmaster10059965,Amerika: regionaal,https://hdl.handle.net/20.500.11840/termmaster10058071,
https://hdl.handle.net/20.500.11840/termmaster10061773,Sidikalang,https://hdl.handle.net/20.500.11840/termmaster10061772,
https://hdl.handle.net/20.500.11840/termmaster10066268,mechanische instrumenten,https://hdl.handle.net/20.500.11840/termmaster10066262,mechanical instruments
https://hdl.handle.net/20.500.11840/termmaster10062993,Raas (eiland),https://hdl.handle.net/20.500.11840/termmaster10062991,Pulau Raas | Raas (island)
https://hdl.handle.net/20.500.11840/termmaster10059851,Isortoq,https://hdl.handle.net/20.500.11840/termmaster10059841,
https://hdl.handle.net/20.500.11840/termmaster10078313,West-Atlantisch,https://hdl.handle.net/20.500.11840/termmaster10078312,West Atlantic | West Atlantic styles | West-Atlantische stijlen
https://hdl.handle.net/20.500.11840/termmaster10069505,colberts,https://hdl.handle.net/20.500.11840/termmaster10069504,colbertjasjes | sport coat | sports jackets
https://hdl.handle.net/20.500.11840/termmaster10067978,knobkerries,https://hdl.handle.net/20.500.11840/termmaster10067976,
https://hdl.handle.net/20.500.11840/termmaster10059248,Jalisco (deelstaat),https://hdl.handle.net/20.500.11840/termmaster10058919,Jalisco (state)
https://hdl.handle.net/20.500.11840/termmaster10060212,Bribie (eiland),https://hdl.handle.net/20.500.11840/termmaster10060189,Bribie Island
https://hdl.handle.net/20.500.11840/termmaster10057316,Toledo,https://hdl.handle.net/20.500.11840/termmaster10057313,
https://hdl.handle.net/20.500.11840/termmaster10063732,Koskandawala,https://hdl.handle.net/20.500.11840/termmaster10063711,
https://hdl.handle.net/20.500.11840/termmaster10069972,cadeaubonnen,https://hdl.handle.net/20.500.11840/termmaster10069971,gift certificates
https://hdl.handle.net/20.500.11840/termmaster10058959,Mixtla,https://hdl.handle.net/20.500.11840/termmaster10058938,
https://hdl.handle.net/20.500.11840/termmaster10070476,maté-bekers,https://hdl.handle.net/20.500.11840/termmaster10070474,maté cups | maté-potjes
https://hdl.handle.net/20.500.11840/termmaster10068991,bandweefsels,https://hdl.handle.net/20.500.11840/termmaster10068989,webbing
https://hdl.handle.net/20.500.11840/termmaster10049357,aardrijks- en landmeetkundige expeditie,https://hdl.handle.net/20.500.11840/termmaster10049356,geographical and land surveying | vermeten en in kaart brengen van land
https://hdl.handle.net/20.500.11840/termmaster10065736,ilucta,https://hdl.handle.net/20.500.11840/termmaster10065733,llipta | mambe | tocra
https://hdl.handle.net/20.500.11840/termmaster10077103,Midden-Chosôn,https://hdl.handle.net/20.500.11840/termmaster10077101,Middle Chosôn
https://hdl.handle.net/20.500.11840/termmaster10067383,olieverfschilderingen,https://hdl.handle.net/20.500.11840/termmaster10067375,oil paintings | olieverfschilderijen
https://hdl.handle.net/20.500.11840/termmaster10056140,Linschoten,https://hdl.handle.net/20.500.11840/termmaster10056139,
https://hdl.handle.net/20.500.11840/termmaster10062613,Buntok,https://hdl.handle.net/20.500.11840/termmaster10062612,
https://hdl.handle.net/20.500.11840/termmaster10077333,San Guo,https://hdl.handle.net/20.500.11840/termmaster10077276,Drie Koninkrijken
https://hdl.handle.net/20.500.11840/termmaster10076415,Late Tussenperiode- Noordkust,https://hdl.handle.net/20.500.11840/termmaster10076414,Late Intermediate period- northern coast
https://hdl.handle.net/20.500.11840/termmaster10071640,kassa's,https://hdl.handle.net/20.500.11840/termmaster10071635,cash registers | kassa
https://hdl.handle.net/20.500.11840/termmaster10062356,Pinrang (regentschap),https://hdl.handle.net/20.500.11840/termmaster10062270,Pinrang (kabupaten) | Pinrang (regency)
https://hdl.handle.net/20.500.11840/termmaster10068556,diabolospellen,https://hdl.handle.net/20.500.11840/termmaster10068555,diabolos
https://hdl.handle.net/20.500.11840/termmaster10059225,Actopán,https://hdl.handle.net/20.500.11840/termmaster10059223,
https://hdl.handle.net/20.500.11840/termmaster10070656,opbergdozen,https://hdl.handle.net/20.500.11840/termmaster10070645,storage boxes
https://hdl.handle.net/20.500.11840/termmaster10070266,spandoeken,https://hdl.handle.net/20.500.11840/termmaster10070199,picket signs | stakersspandoeken
https://hdl.handle.net/20.500.11840/termmaster10059506,Washington State,https://hdl.handle.net/20.500.11840/termmaster10059451,
https://hdl.handle.net/20.500.11840/termmaster10058010,Basel,https://hdl.handle.net/20.500.11840/termmaster10058009,
https://hdl.handle.net/20.500.11840/termmaster10066856,amfitheaters (gebouwde structuren),https://hdl.handle.net/20.500.11840/termmaster10066855,amphitheaters (built works)
https://hdl.handle.net/20.500.11840/termmaster10068202,antoniniani,https://hdl.handle.net/20.500.11840/termmaster10068201,
https://hdl.handle.net/20.500.11840/termmaster10069841,koopmansboeken,https://hdl.handle.net/20.500.11840/termmaster10069839,handelsboeken | merchant books
https://hdl.handle.net/20.500.11840/termmaster10067536,bric-à-brac,https://hdl.handle.net/20.500.11840/termmaster10067532,
https://hdl.handle.net/20.500.11840/termmaster10053857,Tenerife,https://hdl.handle.net/20.500.11840/termmaster10053856,
https://hdl.handle.net/20.500.11840/termmaster10069554,jassen,https://hdl.handle.net/20.500.11840/termmaster10069495,coats
https://hdl.handle.net/20.500.11840/termmaster10047934,valkerij,https://hdl.handle.net/20.500.11840/termmaster10047933,falconry
https://hdl.handle.net/20.500.11840/termmaster10065562,indigo,https://hdl.handle.net/20.500.11840/termmaster10065561,Indian blue
https://hdl.handle.net/20.500.11840/termmaster10071900,schrijfmatten,https://hdl.handle.net/20.500.11840/termmaster10071895,"writing mats (are mats used as under-layers for writing; when rolled up they function as portable storage for pencils, pens, paper etc)"
https://hdl.handle.net/20.500.11840/termmaster10060094,Amerikaans Samoa,https://hdl.handle.net/20.500.11840/termmaster10060093,ASM  | American Samoa
https://hdl.handle.net/20.500.11840/termmaster10061657,Por (rivier),https://hdl.handle.net/20.500.11840/termmaster10061643,Por (river)
https://hdl.handle.net/20.500.11840/termmaster10067437,krijttekeningen,https://hdl.handle.net/20.500.11840/termmaster10067434,chalk drawings
https://hdl.handle.net/20.500.11840/termmaster10060869,Nagato,https://hdl.handle.net/20.500.11840/termmaster10060854,
https://hdl.handle.net/20.500.11840/termmaster10076010,Tepecano,https://hdl.handle.net/20.500.11840/termmaster10076005,
https://hdl.handle.net/20.500.11840/termmaster10063884,Anantnag,https://hdl.handle.net/20.500.11840/termmaster10063883,Islamabad -India
https://hdl.handle.net/20.500.11840/termmaster10077682,Pasuruan,https://hdl.handle.net/20.500.11840/termmaster10077677,
https://hdl.handle.net/20.500.11840/termmaster10062372,Polewali Mandar (regentschap),https://hdl.handle.net/20.500.11840/termmaster10062359,Polewali Mandar (kabupaten) | Polewali Mandar (regency)
https://hdl.handle.net/20.500.11840/termmaster10056820,Adelsberg,https://hdl.handle.net/20.500.11840/termmaster10056819,
https://hdl.handle.net/20.500.11840/termmaster10079012,Ban Kao,https://hdl.handle.net/20.500.11840/termmaster10079011,
https://hdl.handle.net/20.500.11840/termmaster10055829,Westduinen,https://hdl.handle.net/20.500.11840/termmaster10055818,
https://hdl.handle.net/20.500.11840/termmaster10055630,Naarden,https://hdl.handle.net/20.500.11840/termmaster10055589,
https://hdl.handle.net/20.500.11840/termmaster10076127,Lokono,https://hdl.handle.net/20.500.11840/termmaster10076126,Arawak | Arowak
https://hdl.handle.net/20.500.11840/termmaster10049768,kolonialisme en imperialisme,https://hdl.handle.net/20.500.11840/termmaster10049762,colonialism
https://hdl.handle.net/20.500.11840/termmaster10076579,Guatemalteeks,https://hdl.handle.net/20.500.11840/termmaster10076578,Guatemalaans | Guatemalan
https://hdl.handle.net/20.500.11840/termmaster10076888,Gamei,https://hdl.handle.net/20.500.11840/termmaster10076886,Borewar
https://hdl.handle.net/20.500.11840/termmaster10067414,tekeningen naar functie,https://hdl.handle.net/20.500.11840/termmaster10067410,drawings by function
https://hdl.handle.net/20.500.11840/termmaster10061302,Papua (provincie),https://hdl.handle.net/20.500.11840/termmaster10061191,Papua (province)
https://hdl.handle.net/20.500.11840/termmaster10071474,weefbanken,https://hdl.handle.net/20.500.11840/termmaster10071461,loom benches | weavebenches
https://hdl.handle.net/20.500.11840/termmaster10064604,Ma'rib,https://hdl.handle.net/20.500.11840/termmaster10064603,Marib
https://hdl.handle.net/20.500.11840/termmaster10063339,Anyer Kidul,https://hdl.handle.net/20.500.11840/termmaster10063332,
https://hdl.handle.net/20.500.11840/termmaster10062317,Soppeng (regentschap),https://hdl.handle.net/20.500.11840/termmaster10062270,Soppeng (kabupaten) | Soppeng (regency)
https://hdl.handle.net/20.500.11840/termmaster10064378,Shiraz,https://hdl.handle.net/20.500.11840/termmaster10064377,
https://hdl.handle.net/20.500.11840/termmaster10076381,Tolima,https://hdl.handle.net/20.500.11840/termmaster10076372,Tolima-stijl
https://hdl.handle.net/20.500.11840/termmaster10067797,opslag en tentoonstellingsmeubilair,https://hdl.handle.net/20.500.11840/termmaster10067739,storage and display furniture
https://hdl.handle.net/20.500.11840/termmaster10060021,Kadavu-eilanden,https://hdl.handle.net/20.500.11840/termmaster10059983,Kadavu Islands | Kandavu-groep
https://hdl.handle.net/20.500.11840/termmaster10047818,lijfstraf en doodstraf,https://hdl.handle.net/20.500.11840/termmaster10079293,bestraffing | punishing
https://hdl.handle.net/20.500.11840/termmaster10060110,Savaii,https://hdl.handle.net/20.500.11840/termmaster10060104,Savai'i
https://hdl.handle.net/20.500.11840/termmaster10065144,met veren versierd,https://hdl.handle.net/20.500.11840/termmaster10065135,decorated with feathers
https://hdl.handle.net/20.500.11840/termmaster10066339,geisers,https://hdl.handle.net/20.500.11840/termmaster10066338,geysers
https://hdl.handle.net/20.500.11840/termmaster10058812,Ometepe,https://hdl.handle.net/20.500.11840/termmaster10058810,
https://hdl.handle.net/20.500.11840/termmaster10063334,Baros,https://hdl.handle.net/20.500.11840/termmaster10063332,
https://hdl.handle.net/20.500.11840/termmaster10068690,schoenveters,https://hdl.handle.net/20.500.11840/termmaster10068688,shoelaces
https://hdl.handle.net/20.500.11840/termmaster10076445,Nazca 6,https://hdl.handle.net/20.500.11840/termmaster10076439,
https://hdl.handle.net/20.500.11840/termmaster10070235,nummerborden,https://hdl.handle.net/20.500.11840/termmaster10070234,license plates
https://hdl.handle.net/20.500.11840/termmaster10061289,Rumberpon (eiland),https://hdl.handle.net/20.500.11840/termmaster10061285,Rumberpon (island)
https://hdl.handle.net/20.500.11840/termmaster10054098,Lubero,https://hdl.handle.net/20.500.11840/termmaster10054096,Lobero
https://hdl.handle.net/20.500.11840/termmaster10060633,Gofabi,https://hdl.handle.net/20.500.11840/termmaster10060632,
https://hdl.handle.net/20.500.11840/termmaster10061137,Luzon,https://hdl.handle.net/20.500.11840/termmaster10061128,
https://hdl.handle.net/20.500.11840/termmaster10059079,Engahuan,https://hdl.handle.net/20.500.11840/termmaster10059059,
https://hdl.handle.net/20.500.11840/termmaster10064222,Adana,https://hdl.handle.net/20.500.11840/termmaster10064221,Andana
https://hdl.handle.net/20.500.11840/termmaster10061363,Genyem,https://hdl.handle.net/20.500.11840/termmaster10061362,Gengem | Genjem | Goenjem
https://hdl.handle.net/20.500.11840/termmaster10048489,liggen en slapen,https://hdl.handle.net/20.500.11840/termmaster10048487,lying and sleeping
https://hdl.handle.net/20.500.11840/termmaster10061765,Serdang Bedagai (regentschap),https://hdl.handle.net/20.500.11840/termmaster10061673,Serdang Bedagai (kabupaten) | Serdang Bedagai (regency)
https://hdl.handle.net/20.500.11840/termmaster10049909,voorzieningen voor overleg,https://hdl.handle.net/20.500.11840/termmaster10048525,constructies voor vergaderingen | facilities of participation
https://hdl.handle.net/20.500.11840/termmaster10070065,kleurtabellen,https://hdl.handle.net/20.500.11840/termmaster10070064,color charts
https://hdl.handle.net/20.500.11840/termmaster10057716,Eure,https://hdl.handle.net/20.500.11840/termmaster10057715,
https://hdl.handle.net/20.500.11840/termmaster10068311,zeilvaartuigen naar grootte,https://hdl.handle.net/20.500.11840/termmaster10068310,sailing vessels by size
https://hdl.handle.net/20.500.11840/termmaster10060880,Saga,https://hdl.handle.net/20.500.11840/termmaster10060877,
https://hdl.handle.net/20.500.11840/termmaster10059188,Oaxaca-Stad,https://hdl.handle.net/20.500.11840/termmaster10059119,Ciudad de Oaxaca | Oaxaca City
https://hdl.handle.net/20.500.11840/termmaster10076437,Vroege Tussenperiode,https://hdl.handle.net/20.500.11840/termmaster10076405,Early Intermediate period | Vroege Overgangstijd
https://hdl.handle.net/20.500.11840/termmaster10069244,rouwjuwelen,https://hdl.handle.net/20.500.11840/termmaster10069243,mourning jewelry | rouwsieraden
https://hdl.handle.net/20.500.11840/termmaster10057694,Pays de la Loire,https://hdl.handle.net/20.500.11840/termmaster10057434,
https://hdl.handle.net/20.500.11840/termmaster10060981,Nankow Pass,https://hdl.handle.net/20.500.11840/termmaster10060980,Juyong Guan
https://hdl.handle.net/20.500.11840/termmaster10055299,Zululand,https://hdl.handle.net/20.500.11840/termmaster10055293,
https://hdl.handle.net/20.500.11840/termmaster10066318,nederzettingen naar vorm,https://hdl.handle.net/20.500.11840/termmaster10066317,settlements by form
https://hdl.handle.net/20.500.11840/termmaster10055415,Kaliningrad,https://hdl.handle.net/20.500.11840/termmaster10055414,Königsberg
https://hdl.handle.net/20.500.11840/termmaster10061752,Tomok,https://hdl.handle.net/20.500.11840/termmaster10061750,Tomak
https://hdl.handle.net/20.500.11840/termmaster10060918,Chejudo,https://hdl.handle.net/20.500.11840/termmaster10060901,Jeju-do
https://hdl.handle.net/20.500.11840/termmaster10066967,bruggen naar constructie,https://hdl.handle.net/20.500.11840/termmaster10066966,bridges by construction
https://hdl.handle.net/20.500.11840/termmaster10071823,cliché's,https://hdl.handle.net/20.500.11840/termmaster10071821,drukblokken | printing blocks
https://hdl.handle.net/20.500.11840/termmaster10057397,Vesuvio,https://hdl.handle.net/20.500.11840/termmaster10057396,Vesuvius
https://hdl.handle.net/20.500.11840/termmaster10055932,Nieuwpoort,https://hdl.handle.net/20.500.11840/termmaster10055808,
https://hdl.handle.net/20.500.11840/termmaster10058930,Tampico,https://hdl.handle.net/20.500.11840/termmaster10058929,
https://hdl.handle.net/20.500.11840/termmaster10077583,Luwu,https://hdl.handle.net/20.500.11840/termmaster10077582,
https://hdl.handle.net/20.500.11840/termmaster10056677,Ieper,https://hdl.handle.net/20.500.11840/termmaster10056675,
https://hdl.handle.net/20.500.11840/termmaster10057989,Locarno,https://hdl.handle.net/20.500.11840/termmaster10057985,
https://hdl.handle.net/20.500.11840/termmaster10058653,Salvador,https://hdl.handle.net/20.500.11840/termmaster10058650,Bahia
https://hdl.handle.net/20.500.11840/termmaster10048754,bereiden van maaltijden en dranken,https://hdl.handle.net/20.500.11840/termmaster10048710,preparing meals and non-alcoholic drinks
https://hdl.handle.net/20.500.11840/termmaster10057347,Agrigento,https://hdl.handle.net/20.500.11840/termmaster10057346,Girgenti
https://hdl.handle.net/20.500.11840/termmaster10070117,geluidsdragers,https://hdl.handle.net/20.500.11840/termmaster10070111,geluidsopnamen | sound recordings
https://hdl.handle.net/20.500.11840/termmaster10078694,Nilo-Saharaans-sprekende volken,https://hdl.handle.net/20.500.11840/termmaster10078675,Nilo-Saharan speaking peoples
https://hdl.handle.net/20.500.11840/termmaster10066358,fluviatiele landschapsvormen,https://hdl.handle.net/20.500.11840/termmaster10066350,fluvial landforms
https://hdl.handle.net/20.500.11840/termmaster10071677,wasstampers,https://hdl.handle.net/20.500.11840/termmaster10071671,laundry plungers | wasstokken
https://hdl.handle.net/20.500.11840/termmaster10064139,Kefar Nahum,https://hdl.handle.net/20.500.11840/termmaster10064131,Caparnaum | Capernaum | Capharnaum | K'far Nahum
https://hdl.handle.net/20.500.11840/termmaster10077904,Lambada,https://hdl.handle.net/20.500.11840/termmaster10077892,
https://hdl.handle.net/20.500.11840/termmaster10065400,steengoed (materiaal),https://hdl.handle.net/20.500.11840/termmaster10065391,stoneware (material)
https://hdl.handle.net/20.500.11840/termmaster10057124,Tübingen,https://hdl.handle.net/20.500.11840/termmaster10057107,
https://hdl.handle.net/20.500.11840/termmaster10053975,Tandjilé (regio),https://hdl.handle.net/20.500.11840/termmaster10053963,Tandjilé (region)
https://hdl.handle.net/20.500.11840/termmaster10059413,Chemax,https://hdl.handle.net/20.500.11840/termmaster10059408,
https://hdl.handle.net/20.500.11840/termmaster10075955,Iivit,https://hdl.handle.net/20.500.11840/termmaster10075952,Tunumiit | Tunumiut
https://hdl.handle.net/20.500.11840/termmaster10070878,roltongen,https://hdl.handle.net/20.500.11840/termmaster10070872,blowers (festival accessories)
https://hdl.handle.net/20.500.11840/termmaster10068059,bolo's,https://hdl.handle.net/20.500.11840/termmaster10068056,bolos (weapons)
https://hdl.handle.net/20.500.11840/termmaster10062782,Sermata (eiland),https://hdl.handle.net/20.500.11840/termmaster10062781,Pulau Sermata | Sermata (island)
https://hdl.handle.net/20.500.11840/termmaster10067778,kinderstoelen,https://hdl.handle.net/20.500.11840/termmaster10067777,highchairs (children's chairs)
https://hdl.handle.net/20.500.11840/termmaster10056877,Odenthal,https://hdl.handle.net/20.500.11840/termmaster10056862,
https://hdl.handle.net/20.500.11840/termmaster10064519,Jabal Haddah,https://hdl.handle.net/20.500.11840/termmaster10064515,Hadda gebergte | Jabal Hadda
https://hdl.handle.net/20.500.11840/termmaster10058820,Soná,https://hdl.handle.net/20.500.11840/termmaster10058815,
https://hdl.handle.net/20.500.11840/termmaster10076857,Siassi -culturen,https://hdl.handle.net/20.500.11840/termmaster10076843,
https://hdl.handle.net/20.500.11840/termmaster10060652,Noordelijk Nieuw-Guinea,https://hdl.handle.net/20.500.11840/termmaster10060650,Northern New Guinea
https://hdl.handle.net/20.500.11840/termmaster10069697,stofjassen,https://hdl.handle.net/20.500.11840/termmaster10069664,dusters (outdoor overgarments)
https://hdl.handle.net/20.500.11840/termmaster10079074,bewegende watermassa's,https://hdl.handle.net/20.500.11840/termmaster10048167,water movement | waterbeweging
https://hdl.handle.net/20.500.11840/termmaster10060983,China: regionaal,https://hdl.handle.net/20.500.11840/termmaster10060930,
https://hdl.handle.net/20.500.11840/termmaster10070234,nummerplaten,https://hdl.handle.net/20.500.11840/termmaster10070209,number plates
https://hdl.handle.net/20.500.11840/termmaster10066309,elementen van vervoerssystemen,https://hdl.handle.net/20.500.11840/termmaster10066298,transit system elements
https://hdl.handle.net/20.500.11840/termmaster10065517,inkt naar samenstelling of herkomst,https://hdl.handle.net/20.500.11840/termmaster10065516,ink by composition or origin
https://hdl.handle.net/20.500.11840/termmaster10049810,persoon door relaties met anderen,https://hdl.handle.net/20.500.11840/termmaster10049808,persoon als dividual | relational concept of a person
https://hdl.handle.net/20.500.11840/termmaster10071193,tarokloppers,https://hdl.handle.net/20.500.11840/termmaster10071192,taro beaters
https://hdl.handle.net/20.500.11840/termmaster10063689,Sindhwan,https://hdl.handle.net/20.500.11840/termmaster10063688,Sandhawan Tarar
https://hdl.handle.net/20.500.11840/termmaster10066737,waterputten,https://hdl.handle.net/20.500.11840/termmaster10066736,water wells
https://hdl.handle.net/20.500.11840/termmaster10069196,capuchons,https://hdl.handle.net/20.500.11840/termmaster10069194,hoods (costume components) | kappen
https://hdl.handle.net/20.500.11840/termmaster10077988,Kangra,https://hdl.handle.net/20.500.11840/termmaster10077985,
https://hdl.handle.net/20.500.11840/termmaster10055503,Kopenhagen (county),https://hdl.handle.net/20.500.11840/termmaster10055502,Köbenhavn (county) | København (county)
https://hdl.handle.net/20.500.11840/termmaster10064576,Wadi Yib'ath,https://hdl.handle.net/20.500.11840/termmaster10064549,Wadi Yab'ith | Wadi Yeb'eth | Wadi Yebeth
https://hdl.handle.net/20.500.11840/termmaster10078816,Zande,https://hdl.handle.net/20.500.11840/termmaster10078795,Asandeh | Azande | Niam-Niam | Sande
https://hdl.handle.net/20.500.11840/termmaster10061227,Kinara,https://hdl.handle.net/20.500.11840/termmaster10061223,Kenara | Konara
https://hdl.handle.net/20.500.11840/termmaster10065148,splijten,https://hdl.handle.net/20.500.11840/termmaster10065147,gespleten | splitting
https://hdl.handle.net/20.500.11840/termmaster10067846,toilettafels,https://hdl.handle.net/20.500.11840/termmaster10067845,toilettes
https://hdl.handle.net/20.500.11840/termmaster10054890,Agona Junction,https://hdl.handle.net/20.500.11840/termmaster10054875,
https://hdl.handle.net/20.500.11840/termmaster10056110,Utrecht (provincie),https://hdl.handle.net/20.500.11840/termmaster10055588,Utrecht (province)
https://hdl.handle.net/20.500.11840/termmaster10065346,witmetaal,https://hdl.handle.net/20.500.11840/termmaster10065344,white metal
https://hdl.handle.net/20.500.11840/termmaster10070924,wulkenvangers,https://hdl.handle.net/20.500.11840/termmaster10070913,whelk pickers | wulkenstokken
https://hdl.handle.net/20.500.11840/termmaster10076105,Yamána,https://hdl.handle.net/20.500.11840/termmaster10076103,Yamana
https://hdl.handle.net/20.500.11840/termmaster10058869,San Antonio Palopó,https://hdl.handle.net/20.500.11840/termmaster10058825,
https://hdl.handle.net/20.500.11840/termmaster10065479,beton,https://hdl.handle.net/20.500.11840/termmaster10065249,concrete
https://hdl.handle.net/20.500.11840/termmaster10056602,Dunbeath,https://hdl.handle.net/20.500.11840/termmaster10056601,
https://hdl.handle.net/20.500.11840/termmaster10067953,kogels (munitie),https://hdl.handle.net/20.500.11840/termmaster10067952,bullets
https://hdl.handle.net/20.500.11840/termmaster10068572,rijdend speelgoed,https://hdl.handle.net/20.500.11840/termmaster10068571,riding toys
https://hdl.handle.net/20.500.11840/termmaster10076803,Nalik,https://hdl.handle.net/20.500.11840/termmaster10076795,Fesoa | Lugagon
https://hdl.handle.net/20.500.11840/termmaster10069483,mantels (kleding),https://hdl.handle.net/20.500.11840/termmaster10069477,mantles (outerwear) | wintermantels | zomermantels
https://hdl.handle.net/20.500.11840/termmaster10070606,"houders voor schets-, teken- en schrijfbenodigdheden",https://hdl.handle.net/20.500.11840/termmaster10070376,containers for writing equipment
https://hdl.handle.net/20.500.11840/termmaster10057783,Boskovice,https://hdl.handle.net/20.500.11840/termmaster10057782,
https://hdl.handle.net/20.500.11840/termmaster10063662,Muktinath,https://hdl.handle.net/20.500.11840/termmaster10063639,Chumig Gyatsa
https://hdl.handle.net/20.500.11840/termmaster10078537,Noord-Afrikaanse regionale culturen: oost,https://hdl.handle.net/20.500.11840/termmaster10078531,North African regional cultures: east
https://hdl.handle.net/20.500.11840/termmaster10067165,kustgezichten,https://hdl.handle.net/20.500.11840/termmaster10067163,coastal landscapes 
https://hdl.handle.net/20.500.11840/termmaster10076511,Laat Post-Klassiek,https://hdl.handle.net/20.500.11840/termmaster10076509,Late Postclassic | laat-postklassiek
https://hdl.handle.net/20.500.11840/termmaster10062027,Lam Kunyet,https://hdl.handle.net/20.500.11840/termmaster10062020,Lam Koenjet | Mesjid Kunyet
https://hdl.handle.net/20.500.11840/termmaster10056426,Nieuweroord,https://hdl.handle.net/20.500.11840/termmaster10056387,
https://hdl.handle.net/20.500.11840/termmaster10059127,Tilantongo,https://hdl.handle.net/20.500.11840/termmaster10059119,
https://hdl.handle.net/20.500.11840/termmaster10068475,luchtvaartuigen naar functie,https://hdl.handle.net/20.500.11840/termmaster10068461,aircraft by function
https://hdl.handle.net/20.500.11840/termmaster10055072,Dori,https://hdl.handle.net/20.500.11840/termmaster10055051,
https://hdl.handle.net/20.500.11840/termmaster10079285,relikwieën en voorouderschedels,https://hdl.handle.net/20.500.11840/termmaster10079092,relics and ancestor skulls
https://hdl.handle.net/20.500.11840/termmaster10057359,Santa Vittoria d'Alba,https://hdl.handle.net/20.500.11840/termmaster10057358,
https://hdl.handle.net/20.500.11840/termmaster10078231,Venda,https://hdl.handle.net/20.500.11840/termmaster10078223,Bavenda | Bavesha | Bawanda | Bawenda | Vhaven
https://hdl.handle.net/20.500.11840/termmaster10055660,Santpoort,https://hdl.handle.net/20.500.11840/termmaster10055589,
https://hdl.handle.net/20.500.11840/termmaster10064592,Jabal Raymah,https://hdl.handle.net/20.500.11840/termmaster10064591,Djebel Raymah
https://hdl.handle.net/20.500.11840/termmaster10049965,x afvalbak,https://hdl.handle.net/20.500.11840/termmaster10047723,
https://hdl.handle.net/20.500.11840/termmaster10075783,Sjingon,https://hdl.handle.net/20.500.11840/termmaster10075782,Shin-gon | Shingon Buddhism
https://hdl.handle.net/20.500.11840/termmaster10056393,Borger,https://hdl.handle.net/20.500.11840/termmaster10056391,
https://hdl.handle.net/20.500.11840/termmaster10078471,Barawa,https://hdl.handle.net/20.500.11840/termmaster10078470,Mbarawa
https://hdl.handle.net/20.500.11840/termmaster10049009,fossielen,https://hdl.handle.net/20.500.11840/termmaster10079246,fossils
https://hdl.handle.net/20.500.11840/termmaster10057807,Karlovy Vary,https://hdl.handle.net/20.500.11840/termmaster10057805,Karlsbad
https://hdl.handle.net/20.500.11840/termmaster10055992,Rijksdorp,https://hdl.handle.net/20.500.11840/termmaster10055808,
https://hdl.handle.net/20.500.11840/termmaster10049330,werken voor anderen,https://hdl.handle.net/20.500.11840/termmaster10047737,working for others
https://hdl.handle.net/20.500.11840/termmaster10058537,Ica (regio),https://hdl.handle.net/20.500.11840/termmaster10058411,Ica (region)
https://hdl.handle.net/20.500.11840/termmaster10049879,uitwendig parasitaire infectie,https://hdl.handle.net/20.500.11840/termmaster10049878,ectoparasitic infestation | luisbesmetting | schurft | vlooienbesmetting
https://hdl.handle.net/20.500.11840/termmaster10077668,Kudus,https://hdl.handle.net/20.500.11840/termmaster10077660,
https://hdl.handle.net/20.500.11840/termmaster10060125,Neiafu,https://hdl.handle.net/20.500.11840/termmaster10060122,
https://hdl.handle.net/20.500.11840/termmaster10049917,poppenspel-voorstellingen,https://hdl.handle.net/20.500.11840/termmaster10049852,puppet shows
https://hdl.handle.net/20.500.11840/termmaster10055619,Hembrug,https://hdl.handle.net/20.500.11840/termmaster10055618,
https://hdl.handle.net/20.500.11840/termmaster10048955,zeekaarten,https://hdl.handle.net/20.500.11840/termmaster10048578,sea navigation maps
https://hdl.handle.net/20.500.11840/termmaster10067535,boekensteunen,https://hdl.handle.net/20.500.11840/termmaster10067532,bookends
https://hdl.handle.net/20.500.11840/termmaster10063579,Nong Bua Lamphu (provincie),https://hdl.handle.net/20.500.11840/termmaster10063565,Nong Bua Lamphu (changwat) | Nong Bua Lamphu (province)
https://hdl.handle.net/20.500.11840/termmaster10057390,Arno (rivier),https://hdl.handle.net/20.500.11840/termmaster10057385,Arno (river)
https://hdl.handle.net/20.500.11840/termmaster10069880,correspondentie naar inhoud,https://hdl.handle.net/20.500.11840/termmaster10069876,correspondence by internal form
https://hdl.handle.net/20.500.11840/termmaster10069028,documenten,https://hdl.handle.net/20.500.11840/termmaster10069024,documents
https://hdl.handle.net/20.500.11840/termmaster10063066,Moga,https://hdl.handle.net/20.500.11840/termmaster10063062,
https://hdl.handle.net/20.500.11840/termmaster10077149,Laat-Edo,https://hdl.handle.net/20.500.11840/termmaster10077146,Late Edo | Late Tokugawa
https://hdl.handle.net/20.500.11840/termmaster10057349,Etna,https://hdl.handle.net/20.500.11840/termmaster10057346,
https://hdl.handle.net/20.500.11840/termmaster10062493,Seba,https://hdl.handle.net/20.500.11840/termmaster10062492,
https://hdl.handle.net/20.500.11840/termmaster10061229,Horna,https://hdl.handle.net/20.500.11840/termmaster10061223,
https://hdl.handle.net/20.500.11840/termmaster10058361,Quito,https://hdl.handle.net/20.500.11840/termmaster10058341,
https://hdl.handle.net/20.500.11840/termmaster10060412,Yabob,https://hdl.handle.net/20.500.11840/termmaster10060405,
https://hdl.handle.net/20.500.11840/termmaster10049801,ouderdom,https://hdl.handle.net/20.500.11840/termmaster10049107,1304 | elderhood | hoge leeftijd | old age | respect voor ouderen
https://hdl.handle.net/20.500.11840/termmaster10065692,balsahout,https://hdl.handle.net/20.500.11840/termmaster10065674,Ochroma lagopus | balsa | balsa wood
https://hdl.handle.net/20.500.11840/termmaster10066025,poeder,https://hdl.handle.net/20.500.11840/termmaster10066024,powder | powders
https://hdl.handle.net/20.500.11840/termmaster10068151,Aziatische munten naar naam van de muntsoort,https://hdl.handle.net/20.500.11840/termmaster10068150,Asian coins by denomination name
https://hdl.handle.net/20.500.11840/termmaster10063153,Kebumen,https://hdl.handle.net/20.500.11840/termmaster10063149,
https://hdl.handle.net/20.500.11840/termmaster10066816,wijnhuizen,https://hdl.handle.net/20.500.11840/termmaster10066815,wijnlokalen | wine bars
https://hdl.handle.net/20.500.11840/termmaster10065998,bast,https://hdl.handle.net/20.500.11840/termmaster10065997,bast fiber
https://hdl.handle.net/20.500.11840/termmaster10070806,brieventassen,https://hdl.handle.net/20.500.11840/termmaster10070805,portfolios (document containers) | posttassen
https://hdl.handle.net/20.500.11840/termmaster10069219,handtassen,https://hdl.handle.net/20.500.11840/termmaster10069214,purses (bags)
https://hdl.handle.net/20.500.11840/termmaster10079203,flora en fauna (studiemateriaal),https://hdl.handle.net/20.500.11840/termmaster10049008,biologische naturalia | biologische naturaliën | flora and fauna (specimens and visualization)
https://hdl.handle.net/20.500.11840/termmaster10072029,takels,https://hdl.handle.net/20.500.11840/termmaster10072028,hoists | takel
https://hdl.handle.net/20.500.11840/termmaster10078020,Nayak,https://hdl.handle.net/20.500.11840/termmaster10078019,
https://hdl.handle.net/20.500.11840/termmaster10076215,Haida,https://hdl.handle.net/20.500.11840/termmaster10076213,
https://hdl.handle.net/20.500.11840/termmaster10049003,visualiseren van mensen in lokale kleding (poppen),https://hdl.handle.net/20.500.11840/termmaster10079202,klederdrachtpoppen | visualizations of people in local costume (figures and puppets) | voorstellingen van mensen en dieren (poppen)
https://hdl.handle.net/20.500.11840/termmaster10079128,mode,https://hdl.handle.net/20.500.11840/termmaster10048025,fashion
https://hdl.handle.net/20.500.11840/termmaster10065984,lompenpapier,https://hdl.handle.net/20.500.11840/termmaster10065982,rag paper
https://hdl.handle.net/20.500.11840/termmaster10062805,Tanimbar-eilanden,https://hdl.handle.net/20.500.11840/termmaster10062804,Kepulauan Tanimbar | Tanimbar Islands
https://hdl.handle.net/20.500.11840/termmaster10078527,Matakam,https://hdl.handle.net/20.500.11840/termmaster10078524,Mafa | Wula
https://hdl.handle.net/20.500.11840/termmaster10058698,Maisi,https://hdl.handle.net/20.500.11840/termmaster10058696,
https://hdl.handle.net/20.500.11840/termmaster10058970,Tlapacoyan,https://hdl.handle.net/20.500.11840/termmaster10058938,
https://hdl.handle.net/20.500.11840/termmaster10071876,losse flitsers,https://hdl.handle.net/20.500.11840/termmaster10071875,flash attachments
https://hdl.handle.net/20.500.11840/termmaster10059951,Keewatin (regio),https://hdl.handle.net/20.500.11840/termmaster10059939,Keewatin (region) | Kivalliq (regio)
https://hdl.handle.net/20.500.11840/termmaster10049698,hel en vagevuur,https://hdl.handle.net/20.500.11840/termmaster10049693,hel and bonefire
https://hdl.handle.net/20.500.11840/termmaster10058045,Nyon (Zwitserland),https://hdl.handle.net/20.500.11840/termmaster10058044,
https://hdl.handle.net/20.500.11840/termmaster10061383,Keerom (regentschap),https://hdl.handle.net/20.500.11840/termmaster10061304,Keerom (kabupaten) | Keerom (regency)
https://hdl.handle.net/20.500.11840/termmaster10055023,Enugu (deelstaat),https://hdl.handle.net/20.500.11840/termmaster10054977,Enugu (state)
https://hdl.handle.net/20.500.11840/termmaster10067930,baldakijnen (bedonderdelen),https://hdl.handle.net/20.500.11840/termmaster10067923,canopies (bed components)
https://hdl.handle.net/20.500.11840/termmaster10063261,Gadog,https://hdl.handle.net/20.500.11840/termmaster10063257,
https://hdl.handle.net/20.500.11840/termmaster10077877,Singalees,https://hdl.handle.net/20.500.11840/termmaster10077891,Singhala | Singhalese | Sinhala | Sinhalees
https://hdl.handle.net/20.500.11840/termmaster10055738,Oosterbeek,https://hdl.handle.net/20.500.11840/termmaster10055671,
https://hdl.handle.net/20.500.11840/termmaster10071851,instant camera's,https://hdl.handle.net/20.500.11840/termmaster10071843,instant cameras | polaroidcamera's
https://hdl.handle.net/20.500.11840/termmaster10065461,glas en glasbereidingsmengsels,https://hdl.handle.net/20.500.11840/termmaster10065249,glass and glassmaking mixtures
https://hdl.handle.net/20.500.11840/termmaster10076624,Koloniale Latijns-Amerikaanse perioden en stijlen,https://hdl.handle.net/20.500.11840/termmaster10076622,Colonial Latin-american periodes and styles
https://hdl.handle.net/20.500.11840/termmaster10060574,Chimbut,https://hdl.handle.net/20.500.11840/termmaster10060572,
https://hdl.handle.net/20.500.11840/termmaster10054914,Dubréka (regio),https://hdl.handle.net/20.500.11840/termmaster10054906,Dubréka (region)
https://hdl.handle.net/20.500.11840/termmaster10077236,Seto-guro,https://hdl.handle.net/20.500.11840/termmaster10077233,
https://hdl.handle.net/20.500.11840/termmaster10068214,penningen (betaalmiddelen),https://hdl.handle.net/20.500.11840/termmaster10068126,tokens
https://hdl.handle.net/20.500.11840/termmaster10076191,Matis,https://hdl.handle.net/20.500.11840/termmaster10076189,Mikitbo | Mushabo
https://hdl.handle.net/20.500.11840/termmaster10070670,amulettassen,https://hdl.handle.net/20.500.11840/termmaster10070668,amulet bags
https://hdl.handle.net/20.500.11840/termmaster10058986,Izúcar de Matamoros,https://hdl.handle.net/20.500.11840/termmaster10058972,Izucar de Matamoros
https://hdl.handle.net/20.500.11840/termmaster10059028,Chilac,https://hdl.handle.net/20.500.11840/termmaster10058972,
https://hdl.handle.net/20.500.11840/termmaster10062650,Mahakam (rivier),https://hdl.handle.net/20.500.11840/termmaster10062627,Koetai-rivier | Kutai (rivier) | Kutai River | Mahakam River
https://hdl.handle.net/20.500.11840/termmaster10063713,Anuradhapura,https://hdl.handle.net/20.500.11840/termmaster10063711,
https://hdl.handle.net/20.500.11840/termmaster10071199,wannen,https://hdl.handle.net/20.500.11840/termmaster10071190,boultels | graanzeven | rijstwannen | zeefmanden
https://hdl.handle.net/20.500.11840/termmaster10058766,Klein Bonaire,https://hdl.handle.net/20.500.11840/termmaster10058761,Little Bonaire
https://hdl.handle.net/20.500.11840/termmaster10077449,Mandailing,https://hdl.handle.net/20.500.11840/termmaster10077446,Batak Mandailing
https://hdl.handle.net/20.500.11840/termmaster10056954,Braunschweig (district),https://hdl.handle.net/20.500.11840/termmaster10056939,
https://hdl.handle.net/20.500.11840/termmaster10062214,Tomohon,https://hdl.handle.net/20.500.11840/termmaster10062213,
https://hdl.handle.net/20.500.11840/termmaster10061099,Kuala Lumpur (federaal territorium),https://hdl.handle.net/20.500.11840/termmaster10061081,Kuala Lumpur (federal territory)
https://hdl.handle.net/20.500.11840/termmaster10048906,ceremoniële wapens en sierwapens,https://hdl.handle.net/20.500.11840/termmaster10048903,ceremonial and ornamental weapons
https://hdl.handle.net/20.500.11840/termmaster10068157,Aziatische munten naar naamsomschrijving,https://hdl.handle.net/20.500.11840/termmaster10068150,Asian coins by descriptive name
https://hdl.handle.net/20.500.11840/termmaster10064881,diazoprocedés,https://hdl.handle.net/20.500.11840/termmaster10064873,direct positive processes | positief-naar-positiefprocedés
https://hdl.handle.net/20.500.11840/termmaster10066523,structurele bouwelementen en onderdelen van structurele bouwelementen,https://hdl.handle.net/20.500.11840/termmaster10066493,structural elements and structural element components
https://hdl.handle.net/20.500.11840/termmaster10071636,rekenborden,https://hdl.handle.net/20.500.11840/termmaster10071635,arithmetic boards | arithmetic tables | rekentafels
https://hdl.handle.net/20.500.11840/termmaster10071048,oorpeutertjes,https://hdl.handle.net/20.500.11840/termmaster10071028,ear picks | oorkrabbers | oorlepeltjes | oorreinigers | oorspatels
https://hdl.handle.net/20.500.11840/termmaster10065743,kurk (schors),https://hdl.handle.net/20.500.11840/termmaster10065742,cork (bark)
https://hdl.handle.net/20.500.11840/termmaster10070614,pennenbakken,https://hdl.handle.net/20.500.11840/termmaster10070606,pen trays
https://hdl.handle.net/20.500.11840/termmaster10070049,zeekaarten,https://hdl.handle.net/20.500.11840/termmaster10070048,marine charts
https://hdl.handle.net/20.500.11840/termmaster10062354,Nanggala,https://hdl.handle.net/20.500.11840/termmaster10062346,
https://hdl.handle.net/20.500.11840/termmaster10064731,halfhout-verbinding,https://hdl.handle.net/20.500.11840/termmaster10064728,half-lap joining | halfhoutse lipverbinding
https://hdl.handle.net/20.500.11840/termmaster10056330,Wemeldinge,https://hdl.handle.net/20.500.11840/termmaster10056325,
https://hdl.handle.net/20.500.11840/termmaster10064585,Noord-Jemen,https://hdl.handle.net/20.500.11840/termmaster10064584,
https://hdl.handle.net/20.500.11840/termmaster10059009,Zacatipan,https://hdl.handle.net/20.500.11840/termmaster10058972,
https://hdl.handle.net/20.500.11840/termmaster10068017,geweren,https://hdl.handle.net/20.500.11840/termmaster10068013,rifles (long guns)
https://hdl.handle.net/20.500.11840/termmaster10078141,Israëlisch,https://hdl.handle.net/20.500.11840/termmaster10078111,Israeli
https://hdl.handle.net/20.500.11840/termmaster10077516,Roti,https://hdl.handle.net/20.500.11840/termmaster10077504,Dengka | Rote
https://hdl.handle.net/20.500.11840/termmaster10053889,Quillo (rivier),https://hdl.handle.net/20.500.11840/termmaster10053885,Quillo (river)
https://hdl.handle.net/20.500.11840/termmaster10059005,Tlapacoya,https://hdl.handle.net/20.500.11840/termmaster10058972,
https://hdl.handle.net/20.500.11840/termmaster10059783,Navajo county,https://hdl.handle.net/20.500.11840/termmaster10059734,
https://hdl.handle.net/20.500.11840/termmaster10063032,Brantas (rivier),https://hdl.handle.net/20.500.11840/termmaster10063020,Berantas (rivier) | Brantas River | Kali Brantas | Sungai Brantas
https://hdl.handle.net/20.500.11840/termmaster10066384,landschapselementen,https://hdl.handle.net/20.500.11840/termmaster10066383,landschappelijke elementen | site elements
https://hdl.handle.net/20.500.11840/termmaster10054225,Egypte,https://hdl.handle.net/20.500.11840/termmaster10054154,EGY  | Egypt
https://hdl.handle.net/20.500.11840/termmaster10077692,Singaparna,https://hdl.handle.net/20.500.11840/termmaster10077684,
https://hdl.handle.net/20.500.11840/termmaster10068183,munten van de vroeg-westerse wereld naar naam van de muntsoort,https://hdl.handle.net/20.500.11840/termmaster10068182,Early Western World coins by denomination name | vroeg-westerse wereldmunten naar coupure
https://hdl.handle.net/20.500.11840/termmaster10057139,Ziegelhausen,https://hdl.handle.net/20.500.11840/termmaster10057129,
https://hdl.handle.net/20.500.11840/termmaster10064694,Páfos (district),https://hdl.handle.net/20.500.11840/termmaster10064687,Paphos (district) | Paphos District
https://hdl.handle.net/20.500.11840/termmaster10058897,San José Nacahuil,https://hdl.handle.net/20.500.11840/termmaster10058825,
https://hdl.handle.net/20.500.11840/termmaster10058245,San Felipe (Venezuela),https://hdl.handle.net/20.500.11840/termmaster10058234,
https://hdl.handle.net/20.500.11840/termmaster10079137,fotografie (kunst),https://hdl.handle.net/20.500.11840/termmaster10079641,photography (fine arts)
https://hdl.handle.net/20.500.11840/termmaster10064589,Wadi al Masilah,https://hdl.handle.net/20.500.11840/termmaster10064584,
https://hdl.handle.net/20.500.11840/termmaster10076007,Huichol,https://hdl.handle.net/20.500.11840/termmaster10076005,
https://hdl.handle.net/20.500.11840/termmaster10071756,burijnen (archeologische artefacten),https://hdl.handle.net/20.500.11840/termmaster10071720,burijn
https://hdl.handle.net/20.500.11840/termmaster10079444,liberalisme,https://hdl.handle.net/20.500.11840/termmaster10050372,liberalism
https://hdl.handle.net/20.500.11840/termmaster10067068,pluimveehokken,https://hdl.handle.net/20.500.11840/termmaster10067057,poultry houses
https://hdl.handle.net/20.500.11840/termmaster10063906,Lamayuru,https://hdl.handle.net/20.500.11840/termmaster10063883,
https://hdl.handle.net/20.500.11840/termmaster10079286,beelden van goden of personen van goddelijke status,https://hdl.handle.net/20.500.11840/termmaster10079298,Boeddhabbeelden | godenbeelden | kruisbeelden | statues of gods or persons of godly status | vooroudebeelden
https://hdl.handle.net/20.500.11840/termmaster10070459,roomkannen,https://hdl.handle.net/20.500.11840/termmaster10070440,creamers
https://hdl.handle.net/20.500.11840/termmaster10061521,Tanahmerah (Boven Digoel),https://hdl.handle.net/20.500.11840/termmaster10061520,
https://hdl.handle.net/20.500.11840/termmaster10054481,Rissani,https://hdl.handle.net/20.500.11840/termmaster10054469,Rizzani
https://hdl.handle.net/20.500.11840/termmaster10067655,kaarsen en kaarsenhouders,https://hdl.handle.net/20.500.11840/termmaster10067643,candles and candleholders
https://hdl.handle.net/20.500.11840/termmaster10065056,stansen (metaalknippen),https://hdl.handle.net/20.500.11840/termmaster10065055,blanking
https://hdl.handle.net/20.500.11840/termmaster10056504,Cheshire,https://hdl.handle.net/20.500.11840/termmaster10056471,
https://hdl.handle.net/20.500.11840/termmaster10061071,Oost-Azië: regionaal,https://hdl.handle.net/20.500.11840/termmaster10060758,
https://hdl.handle.net/20.500.11840/termmaster10059767,Bisbee,https://hdl.handle.net/20.500.11840/termmaster10059766,
https://hdl.handle.net/20.500.11840/termmaster10066214,schaallieren,https://hdl.handle.net/20.500.11840/termmaster10066211,bowl lyres
https://hdl.handle.net/20.500.11840/termmaster10069756,verhalenbundels,https://hdl.handle.net/20.500.11840/termmaster10069755,storybooks
https://hdl.handle.net/20.500.11840/termmaster10079697,sociale verandering,https://hdl.handle.net/20.500.11840/termmaster10047730,social change
https://hdl.handle.net/20.500.11840/termmaster10076909,Adjora,https://hdl.handle.net/20.500.11840/termmaster10076903,
https://hdl.handle.net/20.500.11840/termmaster10058201,Uitkijk,https://hdl.handle.net/20.500.11840/termmaster10058198,Post Lookout | Post Uitkijk | Witkijk
https://hdl.handle.net/20.500.11840/termmaster10056000,Blokzijl,https://hdl.handle.net/20.500.11840/termmaster10055995,
https://hdl.handle.net/20.500.11840/termmaster10078901,Hemba,https://hdl.handle.net/20.500.11840/termmaster10078900,
https://hdl.handle.net/20.500.11840/termmaster10060091,Niue,https://hdl.handle.net/20.500.11840/termmaster10059968,NIU  | Savage Islands
https://hdl.handle.net/20.500.11840/termmaster10070996,tatoeëerkloppers,https://hdl.handle.net/20.500.11840/termmaster10070995,tatoeagehamers | tatoeagekloppers | tatoeëerhamers | tattooing hammers
https://hdl.handle.net/20.500.11840/termmaster10065206,natuurlijk bitumineus materiaal,https://hdl.handle.net/20.500.11840/termmaster10065198,natural bituminous material
https://hdl.handle.net/20.500.11840/termmaster10065803,cymbiumschelp,https://hdl.handle.net/20.500.11840/termmaster10065794,cymbium shells
https://hdl.handle.net/20.500.11840/termmaster10079175,boycott,https://hdl.handle.net/20.500.11840/termmaster10050164,http://vocab.getty.edu/aat/300251448
https://hdl.handle.net/20.500.11840/termmaster10056184,Steenbergen,https://hdl.handle.net/20.500.11840/termmaster10056165,
https://hdl.handle.net/20.500.11840/termmaster10079141,new media art,https://hdl.handle.net/20.500.11840/termmaster10049829,elektronische kunst
https://hdl.handle.net/20.500.11840/termmaster10054229,Shamal Sina' (gouvernement),https://hdl.handle.net/20.500.11840/termmaster10054226,Noordelijke Sinaï | Shamal Sina' (governorate)
https://hdl.handle.net/20.500.11840/termmaster10054995,Lagos,https://hdl.handle.net/20.500.11840/termmaster10054977,
https://hdl.handle.net/20.500.11840/termmaster10048728,gerei om mee te eten,https://hdl.handle.net/20.500.11840/termmaster10048724,cutlery
https://hdl.handle.net/20.500.11840/termmaster10054878,Axim,https://hdl.handle.net/20.500.11840/termmaster10054875,
https://hdl.handle.net/20.500.11840/termmaster10068624,kastonderdelen,https://hdl.handle.net/20.500.11840/termmaster10068621,closet hardware
https://hdl.handle.net/20.500.11840/termmaster10077509,Manggarai,https://hdl.handle.net/20.500.11840/termmaster10077505,
https://hdl.handle.net/20.500.11840/termmaster10058862,San Pedro Jocopilas,https://hdl.handle.net/20.500.11840/termmaster10058825,
https://hdl.handle.net/20.500.11840/termmaster10054857,Ebolowa,https://hdl.handle.net/20.500.11840/termmaster10054855,
https://hdl.handle.net/20.500.11840/termmaster10048421,werken met vezels en textielvervaardiging,https://hdl.handle.net/20.500.11840/termmaster10050332,090211 | textile working
https://hdl.handle.net/20.500.11840/termmaster10076142,Jivaro,https://hdl.handle.net/20.500.11840/termmaster10076138,Givaro | Shuara
https://hdl.handle.net/20.500.11840/termmaster10077266,Jun,https://hdl.handle.net/20.500.11840/termmaster10077258,
https://hdl.handle.net/20.500.11840/termmaster10065052,smeden (metaalvorming),https://hdl.handle.net/20.500.11840/termmaster10065048,forging (metal forming) | gesmeed (metaalvorming)
https://hdl.handle.net/20.500.11840/termmaster10063176,Sragen (regentschap),https://hdl.handle.net/20.500.11840/termmaster10063042,Sragen (kabupaten) | Sragen (regency)
https://hdl.handle.net/20.500.11840/termmaster10067356,blinddrukken (prenten),https://hdl.handle.net/20.500.11840/termmaster10067335,blinddruk | embossed prints | preegdrukken
https://hdl.handle.net/20.500.11840/termmaster10062543,Meliau,https://hdl.handle.net/20.500.11840/termmaster10062540,
https://hdl.handle.net/20.500.11840/termmaster10069673,persoonlijke wapenrusting: armen,https://hdl.handle.net/20.500.11840/termmaster10069672,body armor: upper extremities
https://hdl.handle.net/20.500.11840/termmaster10057862,Krim,https://hdl.handle.net/20.500.11840/termmaster10057859,
https://hdl.handle.net/20.500.11840/termmaster10058704,Jacmel,https://hdl.handle.net/20.500.11840/termmaster10058702,
https://hdl.handle.net/20.500.11840/termmaster10060740,Pohnpei,https://hdl.handle.net/20.500.11840/termmaster10060739,Ponape
https://hdl.handle.net/20.500.11840/termmaster10076278,Eastern Apache,https://hdl.handle.net/20.500.11840/termmaster10076274,Oostelijke Apache
https://hdl.handle.net/20.500.11840/termmaster10056815,Augsburg,https://hdl.handle.net/20.500.11840/termmaster10056811,
https://hdl.handle.net/20.500.11840/termmaster10058004,Jura -Zwitserland,https://hdl.handle.net/20.500.11840/termmaster10057984,
https://hdl.handle.net/20.500.11840/termmaster10056272,Schaesberg,https://hdl.handle.net/20.500.11840/termmaster10056222,
https://hdl.handle.net/20.500.11840/termmaster10062776,Moa (eiland),https://hdl.handle.net/20.500.11840/termmaster10062774,Moa (island) | Pulau Moa
https://hdl.handle.net/20.500.11840/termmaster10068077,fighting bracelets,https://hdl.handle.net/20.500.11840/termmaster10068073,
https://hdl.handle.net/20.500.11840/termmaster10079527,polymethylmethacrylaat (PMMA),https://hdl.handle.net/20.500.11840/termmaster10065165,Acrylite | Lucite | acryl | acrylaat | perspex | plexiglas | polyacrylaat
https://hdl.handle.net/20.500.11840/termmaster10058534,Trujillo,https://hdl.handle.net/20.500.11840/termmaster10058532,
https://hdl.handle.net/20.500.11840/termmaster10065426,grafiet,https://hdl.handle.net/20.500.11840/termmaster10065414,black lead | graphite | plumbago
https://hdl.handle.net/20.500.11840/termmaster10063841,Khagra,https://hdl.handle.net/20.500.11840/termmaster10063839,
https://hdl.handle.net/20.500.11840/termmaster10077739,Taman,https://hdl.handle.net/20.500.11840/termmaster10077738,Taman Dayak
https://hdl.handle.net/20.500.11840/termmaster10066872,zwembaden,https://hdl.handle.net/20.500.11840/termmaster10066871,swimming pools
https://hdl.handle.net/20.500.11840/termmaster10065547,deklaag naar locatie of context,https://hdl.handle.net/20.500.11840/termmaster10065501,coating by location or context
https://hdl.handle.net/20.500.11840/termmaster10075888,Gravettien,https://hdl.handle.net/20.500.11840/termmaster10075879,Gravettian
https://hdl.handle.net/20.500.11840/termmaster10071663,ponsbandlezers,https://hdl.handle.net/20.500.11840/termmaster10071634,paper-tape readers | ponsbandlezer
https://hdl.handle.net/20.500.11840/termmaster10076709,Nyamal,https://hdl.handle.net/20.500.11840/termmaster10076706,Njamal
https://hdl.handle.net/20.500.11840/termmaster10054628,Mega,https://hdl.handle.net/20.500.11840/termmaster10054610,Megga
https://hdl.handle.net/20.500.11840/termmaster10064977,brocheren,https://hdl.handle.net/20.500.11840/termmaster10064975,brocading | broché
https://hdl.handle.net/20.500.11840/termmaster10055924,Oostvoorne,https://hdl.handle.net/20.500.11840/termmaster10055808,
https://hdl.handle.net/20.500.11840/termmaster10059530,Pala,https://hdl.handle.net/20.500.11840/termmaster10059529,
https://hdl.handle.net/20.500.11840/termmaster10070824,pupukpotten,https://hdl.handle.net/20.500.11840/termmaster10070820,
https://hdl.handle.net/20.500.11840/termmaster10061931,Mukomuko (regentschap),https://hdl.handle.net/20.500.11840/termmaster10061915,Mukomuko (kabupaten) | Mukomuko (regency)
https://hdl.handle.net/20.500.11840/termmaster10055813,Rijnwoude,https://hdl.handle.net/20.500.11840/termmaster10055808,
https://hdl.handle.net/20.500.11840/termmaster10062656,Berau (rivier),https://hdl.handle.net/20.500.11840/termmaster10062652,Berau (river) | Kuran (rivier) | Sungai Berau
https://hdl.handle.net/20.500.11840/termmaster10067097,laboratoria,https://hdl.handle.net/20.500.11840/termmaster10067096,laboratories
https://hdl.handle.net/20.500.11840/termmaster10067394,hangende rolschilderingen,https://hdl.handle.net/20.500.11840/termmaster10067391,hanging scrolls | hangrolschilderijen | hangschilderingen | verticale banderollen
https://hdl.handle.net/20.500.11840/termmaster10062185,Konawe (gebied),https://hdl.handle.net/20.500.11840/termmaster10062177,Konawe (former regency) | Konawe (oud regentschap) | Konawe Region 
https://hdl.handle.net/20.500.11840/termmaster10061213,Lina-gebergte,https://hdl.handle.net/20.500.11840/termmaster10061210,Lina Mountains | Pegunungan Lina
https://hdl.handle.net/20.500.11840/termmaster10068328,motorboten,https://hdl.handle.net/20.500.11840/termmaster10068327,motorboats | motorschepen
https://hdl.handle.net/20.500.11840/termmaster10076468,Hohokam,https://hdl.handle.net/20.500.11840/termmaster10076465,
https://hdl.handle.net/20.500.11840/termmaster10059931,Vancouver Island,https://hdl.handle.net/20.500.11840/termmaster10059929,
https://hdl.handle.net/20.500.11840/termmaster10057774,Bakony,https://hdl.handle.net/20.500.11840/termmaster10057773,
https://hdl.handle.net/20.500.11840/termmaster10076192,Purupurú,https://hdl.handle.net/20.500.11840/termmaster10076189,Paumari | Paumarí | Poropuru
https://hdl.handle.net/20.500.11840/termmaster10061192,Papua Barat (provincie),https://hdl.handle.net/20.500.11840/termmaster10061191,Irian Jaya Barat (provincie) | Papua Barat (province)
https://hdl.handle.net/20.500.11840/termmaster10077386,Kankanai,https://hdl.handle.net/20.500.11840/termmaster10077385,Kankanaey | Kankanay
https://hdl.handle.net/20.500.11840/termmaster10058403,Jésus,https://hdl.handle.net/20.500.11840/termmaster10058402,
https://hdl.handle.net/20.500.11840/termmaster10077062,Ayfat,https://hdl.handle.net/20.500.11840/termmaster10077061,Aifat
https://hdl.handle.net/20.500.11840/termmaster10062408,Bima (stadsgemeente),https://hdl.handle.net/20.500.11840/termmaster10062402,Bima (kota) | Bima (municipality)
https://hdl.handle.net/20.500.11840/termmaster10054883,Salaga,https://hdl.handle.net/20.500.11840/termmaster10054875,
https://hdl.handle.net/20.500.11840/termmaster10049809,individualisme,https://hdl.handle.net/20.500.11840/termmaster10049808,individualism | persoon als individu
https://hdl.handle.net/20.500.11840/termmaster10071786,oogspiegels,https://hdl.handle.net/20.500.11840/termmaster10071774,ophthalmoscopes
https://hdl.handle.net/20.500.11840/termmaster10060656,Tikopia,https://hdl.handle.net/20.500.11840/termmaster10060654,
https://hdl.handle.net/20.500.11840/termmaster10055057,Kaya,https://hdl.handle.net/20.500.11840/termmaster10055051,
https://hdl.handle.net/20.500.11840/termmaster10066619,deurkozijnen en deurkozijnonderdelen,https://hdl.handle.net/20.500.11840/termmaster10066607,doorframes and doorframe components
https://hdl.handle.net/20.500.11840/termmaster10067563,spreien,https://hdl.handle.net/20.500.11840/termmaster10067562,beddenspreien | bedspreads
https://hdl.handle.net/20.500.11840/termmaster10063940,Madhya Pradesh (deelstaat),https://hdl.handle.net/20.500.11840/termmaster10063752,Madhya Pradesh (state)
https://hdl.handle.net/20.500.11840/termmaster10070533,koeltanks,https://hdl.handle.net/20.500.11840/termmaster10070522,water coolers
https://hdl.handle.net/20.500.11840/termmaster10063668,Khyber Pakhtunkhwa (provincie),https://hdl.handle.net/20.500.11840/termmaster10063663,Khyber Pakhtunkhwa (province) | Khyber-Pakhtunkwa | North-West Frontier Province
https://hdl.handle.net/20.500.11840/termmaster10060553,Imanmeri,https://hdl.handle.net/20.500.11840/termmaster10060520,
https://hdl.handle.net/20.500.11840/termmaster10059801,Mitchell Mine,https://hdl.handle.net/20.500.11840/termmaster10059800,
https://hdl.handle.net/20.500.11840/termmaster10076253,Ahanin,https://hdl.handle.net/20.500.11840/termmaster10076227,A'ani | A'aninin | Atsina | Gros Ventres of the Prairies | Haaninin
https://hdl.handle.net/20.500.11840/termmaster10060179,Utopia,https://hdl.handle.net/20.500.11840/termmaster10060173,Urapuntja
https://hdl.handle.net/20.500.11840/termmaster10067218,iconen,https://hdl.handle.net/20.500.11840/termmaster10067217,icons | ikonen
https://hdl.handle.net/20.500.11840/termmaster10062364,Karama (rivier),https://hdl.handle.net/20.500.11840/termmaster10062362,Karama River | Karamu (rivier) | Sungai Karama
https://hdl.handle.net/20.500.11840/termmaster10058742,Benedenwindse eilanden,https://hdl.handle.net/20.500.11840/termmaster10058721,Leeward Antilles
https://hdl.handle.net/20.500.11840/termmaster10053912,Damba,https://hdl.handle.net/20.500.11840/termmaster10053911,
https://hdl.handle.net/20.500.11840/termmaster10066254,elektrofonen,https://hdl.handle.net/20.500.11840/termmaster10066043,electrophones
https://hdl.handle.net/20.500.11840/termmaster10075784,hindoeïstisch,https://hdl.handle.net/20.500.11840/termmaster10075771,Hindu | Hinduism | hindoeïsme
https://hdl.handle.net/20.500.11840/termmaster10058540,Ica (rivier),https://hdl.handle.net/20.500.11840/termmaster10058537,Ica (river) | Rio Ica
https://hdl.handle.net/20.500.11840/termmaster10054326,Grande Kabylie,https://hdl.handle.net/20.500.11840/termmaster10054325,Kabylie- Grande
https://hdl.handle.net/20.500.11840/termmaster10054700,Oost-Afrika: regionaal,https://hdl.handle.net/20.500.11840/termmaster10054600,
https://hdl.handle.net/20.500.11840/termmaster10064616,Abu Dhabi,https://hdl.handle.net/20.500.11840/termmaster10064615,Abu Zabi
https://hdl.handle.net/20.500.11840/termmaster10056911,Vahnum,https://hdl.handle.net/20.500.11840/termmaster10056899,
https://hdl.handle.net/20.500.11840/termmaster10059982,Rakahanga,https://hdl.handle.net/20.500.11840/termmaster10059979,
https://hdl.handle.net/20.500.11840/termmaster10070956,krokodillenhaken,https://hdl.handle.net/20.500.11840/termmaster10070913,crocodile hooks 
https://hdl.handle.net/20.500.11840/termmaster10077594,Mapu,https://hdl.handle.net/20.500.11840/termmaster10077586,To Napoe
https://hdl.handle.net/20.500.11840/termmaster10077870,Shah Jahan,https://hdl.handle.net/20.500.11840/termmaster10077869,
https://hdl.handle.net/20.500.11840/termmaster10068988,parfleches,https://hdl.handle.net/20.500.11840/termmaster10068985,
https://hdl.handle.net/20.500.11840/termmaster10070302,fluitkruiken,https://hdl.handle.net/20.500.11840/termmaster10070294,
https://hdl.handle.net/20.500.11840/termmaster10063280,Cirebon (regentschap),https://hdl.handle.net/20.500.11840/termmaster10063208,Cirebon (kabupaten) | Cirebon (regency)
https://hdl.handle.net/20.500.11840/termmaster10067841,tafels naar locatie of context: positie,https://hdl.handle.net/20.500.11840/termmaster10067838,tables by location or context: position
https://hdl.handle.net/20.500.11840/termmaster10056919,Hagen,https://hdl.handle.net/20.500.11840/termmaster10056917,
https://hdl.handle.net/20.500.11840/termmaster10069223,gordeltassen,https://hdl.handle.net/20.500.11840/termmaster10069214,
https://hdl.handle.net/20.500.11840/termmaster10054891,Brawiri,https://hdl.handle.net/20.500.11840/termmaster10054875,
https://hdl.handle.net/20.500.11840/termmaster10058665,São Paulo,https://hdl.handle.net/20.500.11840/termmaster10058663,
https://hdl.handle.net/20.500.11840/termmaster10065774,schedel (menselijk),https://hdl.handle.net/20.500.11840/termmaster10065773,skull (human)
https://hdl.handle.net/20.500.11840/termmaster10066767,verenigingsgebouwen,https://hdl.handle.net/20.500.11840/termmaster10066762,genootschapsgebouwen | societies' buildings | sociëteiten
https://hdl.handle.net/20.500.11840/termmaster10062654,Sambaliung,https://hdl.handle.net/20.500.11840/termmaster10062652,
https://hdl.handle.net/20.500.11840/termmaster10077998,Kishangarh,https://hdl.handle.net/20.500.11840/termmaster10077994,
https://hdl.handle.net/20.500.11840/termmaster10065456,mica (mineraal),https://hdl.handle.net/20.500.11840/termmaster10065414,mica (mineral)
https://hdl.handle.net/20.500.11840/termmaster10069123,meetinstrumenten voor het meten van omvang,https://hdl.handle.net/20.500.11840/termmaster10069037,measuring devices for extent
https://hdl.handle.net/20.500.11840/termmaster10060357,Admiralty-eilanden,https://hdl.handle.net/20.500.11840/termmaster10060350,Admirality Islands
https://hdl.handle.net/20.500.11840/termmaster10077432,Centraal-Timor,https://hdl.handle.net/20.500.11840/termmaster10077431,Centraal Timorees | Central Timorese
https://hdl.handle.net/20.500.11840/termmaster10066711,kluizen,https://hdl.handle.net/20.500.11840/termmaster10066709,vaults
https://hdl.handle.net/20.500.11840/termmaster10058623,Boven-Amazone (gebied),https://hdl.handle.net/20.500.11840/termmaster10058622,Upper-Amazone (area)
https://hdl.handle.net/20.500.11840/termmaster10060782,Nikko,https://hdl.handle.net/20.500.11840/termmaster10060778,
https://hdl.handle.net/20.500.11840/termmaster10078031,Islamitische stijlen en perioden- Centraal-Azië: oost,https://hdl.handle.net/20.500.11840/termmaster10078030,Islamic styles and periods- Central Asia east
https://hdl.handle.net/20.500.11840/termmaster10060211,Gladstone ,https://hdl.handle.net/20.500.11840/termmaster10060189,
https://hdl.handle.net/20.500.11840/termmaster10057141,Pforzheim,https://hdl.handle.net/20.500.11840/termmaster10057129,Porta Hercyniae
https://hdl.handle.net/20.500.11840/termmaster10078292,Bini,https://hdl.handle.net/20.500.11840/termmaster10078291,Edo- Bini
https://hdl.handle.net/20.500.11840/termmaster10060572,Karawari-rivier,https://hdl.handle.net/20.500.11840/termmaster10060520,Korewori-rivier | Korowori-rivier
https://hdl.handle.net/20.500.11840/termmaster10068065,schermzwaarden,https://hdl.handle.net/20.500.11840/termmaster10068063,duelleerzwaarden | fencing swords
https://hdl.handle.net/20.500.11840/termmaster10077175,Nishimura School,https://hdl.handle.net/20.500.11840/termmaster10077165,
https://hdl.handle.net/20.500.11840/termmaster10066977,beweegbare bruggen,https://hdl.handle.net/20.500.11840/termmaster10066976,movable bridges
https://hdl.handle.net/20.500.11840/termmaster10079457,Gudo,https://hdl.handle.net/20.500.11840/termmaster10062977,
https://hdl.handle.net/20.500.11840/termmaster10063707,Islamabad -Pakistan,https://hdl.handle.net/20.500.11840/termmaster10063705,
https://hdl.handle.net/20.500.11840/termmaster10064743,lijmen,https://hdl.handle.net/20.500.11840/termmaster10064742,gelijmd | gluing
https://hdl.handle.net/20.500.11840/termmaster10057665,Saint-Pol-de-Léon,https://hdl.handle.net/20.500.11840/termmaster10057662,
https://hdl.handle.net/20.500.11840/termmaster10061175,Mindoro,https://hdl.handle.net/20.500.11840/termmaster10061128,
https://hdl.handle.net/20.500.11840/termmaster10057954,Steiermark,https://hdl.handle.net/20.500.11840/termmaster10057937,Stiermarken
https://hdl.handle.net/20.500.11840/termmaster10066965,vervoersbouwconstructies naar vorm,https://hdl.handle.net/20.500.11840/termmaster10066964,transportation structures by form
https://hdl.handle.net/20.500.11840/termmaster10077191,Namban,https://hdl.handle.net/20.500.11840/termmaster10077179,
https://hdl.handle.net/20.500.11840/termmaster10076617,Aluku,https://hdl.handle.net/20.500.11840/termmaster10076616,Boni
https://hdl.handle.net/20.500.11840/termmaster10058306,Valparaíso (regio),https://hdl.handle.net/20.500.11840/termmaster10058276,Aconcagua | Quinta | Valparaiso (regio) | Valparaíso (region)
https://hdl.handle.net/20.500.11840/termmaster10054899,Ewatto,https://hdl.handle.net/20.500.11840/termmaster10054875,
https://hdl.handle.net/20.500.11840/termmaster10059208,Santo Tomás Jalieza,https://hdl.handle.net/20.500.11840/termmaster10059119,
https://hdl.handle.net/20.500.11840/termmaster10056404,Havelte,https://hdl.handle.net/20.500.11840/termmaster10056387,
https://hdl.handle.net/20.500.11840/termmaster10056702,La Calamine,https://hdl.handle.net/20.500.11840/termmaster10056697,
https://hdl.handle.net/20.500.11840/termmaster10069849,invoervergunningen,https://hdl.handle.net/20.500.11840/termmaster10069848,
https://hdl.handle.net/20.500.11840/termmaster10057970,Keutschachersee,https://hdl.handle.net/20.500.11840/termmaster10057967,
https://hdl.handle.net/20.500.11840/termmaster10069020,denticules,https://hdl.handle.net/20.500.11840/termmaster10069017,
https://hdl.handle.net/20.500.11840/termmaster10069549,heupdoeken,https://hdl.handle.net/20.500.11840/termmaster10069530,beendoeken | sarongs
https://hdl.handle.net/20.500.11840/termmaster10057228,Mühlberg,https://hdl.handle.net/20.500.11840/termmaster10057227,
https://hdl.handle.net/20.500.11840/termmaster10071590,bananenmessen,https://hdl.handle.net/20.500.11840/termmaster10071588,bananenkapmessen | long pole knives
https://hdl.handle.net/20.500.11840/termmaster10061314,Anus (eiland),https://hdl.handle.net/20.500.11840/termmaster10061313,Anoes | Anus (island)
https://hdl.handle.net/20.500.11840/termmaster10065074,houtbewerken en houtbewerkingsprocedés,https://hdl.handle.net/20.500.11840/termmaster10064944,woodworking processes and woodworking techniques
https://hdl.handle.net/20.500.11840/termmaster10076024,Izcateca,https://hdl.handle.net/20.500.11840/termmaster10076017,Izcatec
https://hdl.handle.net/20.500.11840/termmaster10061014,Zhangjiakou,https://hdl.handle.net/20.500.11840/termmaster10061009,
https://hdl.handle.net/20.500.11840/termmaster10076199,Yuruna,https://hdl.handle.net/20.500.11840/termmaster10076194,Iuruna | Juruna | Yudya
https://hdl.handle.net/20.500.11840/termmaster10060481,Finschhafen,https://hdl.handle.net/20.500.11840/termmaster10060469,Finshafen
https://hdl.handle.net/20.500.11840/termmaster10065394,blanc de Chine,https://hdl.handle.net/20.500.11840/termmaster10065393,Dehua porselein | blanc de chine ware | tehuso-porselein
https://hdl.handle.net/20.500.11840/termmaster10058555,Hualfín,https://hdl.handle.net/20.500.11840/termmaster10058553,
https://hdl.handle.net/20.500.11840/termmaster10078350,Krobo,https://hdl.handle.net/20.500.11840/termmaster10078349,Kropo
https://hdl.handle.net/20.500.11840/termmaster10079342,Inhambane (provincie),https://hdl.handle.net/20.500.11840/termmaster10055362,Inhambane Province | Província de Inhambane
https://hdl.handle.net/20.500.11840/termmaster10076958,Kombai,https://hdl.handle.net/20.500.11840/termmaster10076955,Kombay
https://hdl.handle.net/20.500.11840/termmaster10054861,Barki,https://hdl.handle.net/20.500.11840/termmaster10054795,
https://hdl.handle.net/20.500.11840/termmaster10079699,schimmenpoppenspel,https://hdl.handle.net/20.500.11840/termmaster10049852,
https://hdl.handle.net/20.500.11840/termmaster10068234,draagkoorden,https://hdl.handle.net/20.500.11840/termmaster10068227,carrying cords | draagtouwen
https://hdl.handle.net/20.500.11840/termmaster10066818,restaurants,https://hdl.handle.net/20.500.11840/termmaster10066814,
https://hdl.handle.net/20.500.11840/termmaster10071167,keukengereedschap voor het snijden,https://hdl.handle.net/20.500.11840/termmaster10071099,culinary tools and equipment for cutting
https://hdl.handle.net/20.500.11840/termmaster10055090,Batié Nord,https://hdl.handle.net/20.500.11840/termmaster10055051,
https://hdl.handle.net/20.500.11840/termmaster10059778,Yuma county,https://hdl.handle.net/20.500.11840/termmaster10059734,
https://hdl.handle.net/20.500.11840/termmaster10063190,Tanahabang,https://hdl.handle.net/20.500.11840/termmaster10063189,Tanah-Abang
https://hdl.handle.net/20.500.11840/termmaster10060870,Fuji Hakone Izu National Park,https://hdl.handle.net/20.500.11840/termmaster10060764,
https://hdl.handle.net/20.500.11840/termmaster10078472,Jukun,https://hdl.handle.net/20.500.11840/termmaster10078465,Djukun | Jukon | Kororofawa
https://hdl.handle.net/20.500.11840/termmaster10054203,Kordofan,https://hdl.handle.net/20.500.11840/termmaster10054193,
https://hdl.handle.net/20.500.11840/termmaster10063294,Kandanghaur,https://hdl.handle.net/20.500.11840/termmaster10063293,Kandanghaoer
https://hdl.handle.net/20.500.11840/termmaster10049694,verlossing en verlichting,https://hdl.handle.net/20.500.11840/termmaster10049693,nirvana | salvation and epiphany | verlichting | verlossing
https://hdl.handle.net/20.500.11840/termmaster10076516,Mezcala,https://hdl.handle.net/20.500.11840/termmaster10076513,Mescala
https://hdl.handle.net/20.500.11840/termmaster10063729,Kelani (rivier),https://hdl.handle.net/20.500.11840/termmaster10063711,Kelani (river)
https://hdl.handle.net/20.500.11840/termmaster10059582,Kentucky,https://hdl.handle.net/20.500.11840/termmaster10059451,
https://hdl.handle.net/20.500.11840/termmaster10049845,uitvoerende kunsten,https://hdl.handle.net/20.500.11840/termmaster10049827,performing arts | podiumkunsten
https://hdl.handle.net/20.500.11840/termmaster10067229,Arabisch alfabet,https://hdl.handle.net/20.500.11840/termmaster10067228,Arabic alphabet
https://hdl.handle.net/20.500.11840/termmaster10062415,Kalabahi,https://hdl.handle.net/20.500.11840/termmaster10062414,
https://hdl.handle.net/20.500.11840/termmaster10078060,Zand,https://hdl.handle.net/20.500.11840/termmaster10078051,Zanj
https://hdl.handle.net/20.500.11840/termmaster10070535,wateremmers,https://hdl.handle.net/20.500.11840/termmaster10070522,water buckets
https://hdl.handle.net/20.500.11840/termmaster10056438,Schoonebeek,https://hdl.handle.net/20.500.11840/termmaster10056387,
https://hdl.handle.net/20.500.11840/termmaster10056938,Jülich,https://hdl.handle.net/20.500.11840/termmaster10056860,
https://hdl.handle.net/20.500.11840/termmaster10070445,wijnkruiken,https://hdl.handle.net/20.500.11840/termmaster10070440,wine jars
https://hdl.handle.net/20.500.11840/termmaster10063813,Poondi,https://hdl.handle.net/20.500.11840/termmaster10063789,
https://hdl.handle.net/20.500.11840/termmaster10079318,plastische chirurgie,https://hdl.handle.net/20.500.11840/termmaster10048026,plastic surgery
https://hdl.handle.net/20.500.11840/termmaster10056218,Kaatsheuvel,https://hdl.handle.net/20.500.11840/termmaster10056165,
https://hdl.handle.net/20.500.11840/termmaster10062766,Wetan (eiland),https://hdl.handle.net/20.500.11840/termmaster10062761,Pulau Wetan | Wetan (island)
https://hdl.handle.net/20.500.11840/termmaster10063194,Kapal (eiland),https://hdl.handle.net/20.500.11840/termmaster10063193,Kapal Island | Onrust (eiland) | Pulau Kapal | Scheepseiland
https://hdl.handle.net/20.500.11840/termmaster10066727,bediendenkamers,https://hdl.handle.net/20.500.11840/termmaster10066726,servant rooms
https://hdl.handle.net/20.500.11840/termmaster10056116,Vleuten-De Meern,https://hdl.handle.net/20.500.11840/termmaster10056115,
https://hdl.handle.net/20.500.11840/termmaster10071194,sagokloppers,https://hdl.handle.net/20.500.11840/termmaster10071192,sago beaters
https://hdl.handle.net/20.500.11840/termmaster10076227,Plains,https://hdl.handle.net/20.500.11840/termmaster10076203,Plains Indian | Prairie
https://hdl.handle.net/20.500.11840/termmaster10065332,tombak,https://hdl.handle.net/20.500.11840/termmaster10065330,roodkoper | tambac | tombac
https://hdl.handle.net/20.500.11840/termmaster10077712,Bukat,https://hdl.handle.net/20.500.11840/termmaster10077711,
https://hdl.handle.net/20.500.11840/termmaster10059807,Benfield,https://hdl.handle.net/20.500.11840/termmaster10059806,
https://hdl.handle.net/20.500.11840/termmaster10061193,Berau-golf,https://hdl.handle.net/20.500.11840/termmaster10061192,Berau Bay | MacCluer-golf | Teluk Berau
https://hdl.handle.net/20.500.11840/termmaster10078489,War,https://hdl.handle.net/20.500.11840/termmaster10078488,
https://hdl.handle.net/20.500.11840/termmaster10071100,keukenhamers,https://hdl.handle.net/20.500.11840/termmaster10071099,kitchen mallets
https://hdl.handle.net/20.500.11840/termmaster10059316,Huistán,https://hdl.handle.net/20.500.11840/termmaster10059313,
https://hdl.handle.net/20.500.11840/termmaster10065025,van zilverdraad voorzien,https://hdl.handle.net/20.500.11840/termmaster10065021,silverwork embroidery
https://hdl.handle.net/20.500.11840/termmaster10061115,Miri,https://hdl.handle.net/20.500.11840/termmaster10061113,
https://hdl.handle.net/20.500.11840/termmaster10078671,Pogoro,https://hdl.handle.net/20.500.11840/termmaster10078658,Wapogoro | Weganga
https://hdl.handle.net/20.500.11840/termmaster10076150,Yagua,https://hdl.handle.net/20.500.11840/termmaster10076138,Llagua | Mishara | Nijyamïï Nikyejaada | Yahua | Ñihamwo
https://hdl.handle.net/20.500.11840/termmaster10058860,Santa Maria de Jesús,https://hdl.handle.net/20.500.11840/termmaster10058825,
https://hdl.handle.net/20.500.11840/termmaster10056464,IJsselmeer,https://hdl.handle.net/20.500.11840/termmaster10056453,Zuiderzee
https://hdl.handle.net/20.500.11840/termmaster10076939,Nduga,https://hdl.handle.net/20.500.11840/termmaster10076932,Dawa | Pesecham | Pesechem | Pesegem | Pésechém
https://hdl.handle.net/20.500.11840/termmaster10060460,Woodlark-eiland,https://hdl.handle.net/20.500.11840/termmaster10060428,Muyua | Woodlark Island
https://hdl.handle.net/20.500.11840/termmaster10059595,Grand Portage Indian reservation,https://hdl.handle.net/20.500.11840/termmaster10059594,Grand Portage Reservation
https://hdl.handle.net/20.500.11840/termmaster10071902,inktblokken (sumi-e),https://hdl.handle.net/20.500.11840/termmaster10071895,ink blocks 
https://hdl.handle.net/20.500.11840/termmaster10048037,voetinbinding ,https://hdl.handle.net/20.500.11840/termmaster10048026,Chinese voetinbinding | Gouden lotussen | foot binding | lotusvoeten | 缠足
https://hdl.handle.net/20.500.11840/termmaster10069620,bugaku maskers,https://hdl.handle.net/20.500.11840/termmaster10069619,
https://hdl.handle.net/20.500.11840/termmaster10048586,infrastructuur voor vervoer over land,https://hdl.handle.net/20.500.11840/termmaster10048562,infrastructure for land transportation
https://hdl.handle.net/20.500.11840/termmaster10077080,Karon Pantai,https://hdl.handle.net/20.500.11840/termmaster10077079,Abun Tat
https://hdl.handle.net/20.500.11840/termmaster10068383,vrachtwagens,https://hdl.handle.net/20.500.11840/termmaster10068382,trucks | vrachtauto's
https://hdl.handle.net/20.500.11840/termmaster10068112,lanspunten,https://hdl.handle.net/20.500.11840/termmaster10068108,lance heads
https://hdl.handle.net/20.500.11840/termmaster10079545,grenzen en territoria,https://hdl.handle.net/20.500.11840/termmaster10079122,borders and territories
https://hdl.handle.net/20.500.11840/termmaster10071316,uitrusting naar beroep of vakgebied,https://hdl.handle.net/20.500.11840/termmaster10070864,equipment by profession or discipline
https://hdl.handle.net/20.500.11840/termmaster10048187,schade aan milieu door infrastructuur,https://hdl.handle.net/20.500.11840/termmaster10048505,damage by infrastructure
https://hdl.handle.net/20.500.11840/termmaster10069315,ceintuurringen,https://hdl.handle.net/20.500.11840/termmaster10069305,
https://hdl.handle.net/20.500.11840/termmaster10070672,tondelhoorns,https://hdl.handle.net/20.500.11840/termmaster10070667,
https://hdl.handle.net/20.500.11840/termmaster10057843,Liberecký,https://hdl.handle.net/20.500.11840/termmaster10057781,
https://hdl.handle.net/20.500.11840/termmaster10070005,dagboeken,https://hdl.handle.net/20.500.11840/termmaster10070002,diaries
https://hdl.handle.net/20.500.11840/termmaster10064662,Chaghcharan,https://hdl.handle.net/20.500.11840/termmaster10064661,
https://hdl.handle.net/20.500.11840/termmaster10061553,Wamal,https://hdl.handle.net/20.500.11840/termmaster10061525,
https://hdl.handle.net/20.500.11840/termmaster10054196,Al Jinena,https://hdl.handle.net/20.500.11840/termmaster10054195,Al Junaynah | El Geneina
https://hdl.handle.net/20.500.11840/termmaster10054935,Kandopleu,https://hdl.handle.net/20.500.11840/termmaster10054933,
https://hdl.handle.net/20.500.11840/termmaster10058578,Charaña,https://hdl.handle.net/20.500.11840/termmaster10058573,Charana
https://hdl.handle.net/20.500.11840/termmaster10076200,Inheemse volkeren van de Ecuadoriaanse en Colombiaanse kust,https://hdl.handle.net/20.500.11840/termmaster10076063,Native Coastal Ecuadorian and Colombian groups | Native Coastal Ecuadorian and Colombian styles | inheemse Ecuadoriaanse en Colombiaanse kuststijlen
https://hdl.handle.net/20.500.11840/termmaster10068030,bogen (wapens),https://hdl.handle.net/20.500.11840/termmaster10068024,bows (weapons)
https://hdl.handle.net/20.500.11840/termmaster10078635,Ethiopisch,https://hdl.handle.net/20.500.11840/termmaster10078594,Ethiopian | Ethiopian ethnic styles | Ethiopische etnische stijlen
https://hdl.handle.net/20.500.11840/termmaster10058872,Santa Apolonia,https://hdl.handle.net/20.500.11840/termmaster10058825,
https://hdl.handle.net/20.500.11840/termmaster10067924,hoofdeinden,https://hdl.handle.net/20.500.11840/termmaster10067923,headboards
https://hdl.handle.net/20.500.11840/termmaster10078287,Ogoni,https://hdl.handle.net/20.500.11840/termmaster10078280,Kana
https://hdl.handle.net/20.500.11840/termmaster10058339,Amazonas (COL departement),https://hdl.handle.net/20.500.11840/termmaster10058311,Amazonas (COL department)
https://hdl.handle.net/20.500.11840/termmaster10060214,Fraser Island,https://hdl.handle.net/20.500.11840/termmaster10060189,Great Sandy Island
https://hdl.handle.net/20.500.11840/termmaster10063532,Lop Buri (provincie),https://hdl.handle.net/20.500.11840/termmaster10063524,Chantwat Lop Buri | Lop Buri (changwat) | Lop Buri (province)
https://hdl.handle.net/20.500.11840/termmaster10057239,Clervaux,https://hdl.handle.net/20.500.11840/termmaster10057238,
https://hdl.handle.net/20.500.11840/termmaster10067577,gordijnen,https://hdl.handle.net/20.500.11840/termmaster10067576,curtains | raamgordijnen
https://hdl.handle.net/20.500.11840/termmaster10071113,komforen,https://hdl.handle.net/20.500.11840/termmaster10071108,braziers (heating equipment) | kookkomforen
https://hdl.handle.net/20.500.11840/termmaster10047839,oorlogen,https://hdl.handle.net/20.500.11840/termmaster10047833,verband houdend met oorlog | wars
https://hdl.handle.net/20.500.11840/termmaster10063563,Sa Kaeo (provincie),https://hdl.handle.net/20.500.11840/termmaster10063557,Sa Kaeo (changwat) | Sa Kaeo (province)
https://hdl.handle.net/20.500.11840/termmaster10066194,spleettrommen,https://hdl.handle.net/20.500.11840/termmaster10066172,slit drums
https://hdl.handle.net/20.500.11840/termmaster10054360,Tanezrouft n-Ahnet (woestijn),https://hdl.handle.net/20.500.11840/termmaster10054356,Tanezrouft n-Ahnet (desert)
https://hdl.handle.net/20.500.11840/termmaster10055237,Shilenda,https://hdl.handle.net/20.500.11840/termmaster10055233,
https://hdl.handle.net/20.500.11840/termmaster10076719,Yidinjdji,https://hdl.handle.net/20.500.11840/termmaster10076716,Idindji | Yidiny
https://hdl.handle.net/20.500.11840/termmaster10079612,"beeldvorming over volken, culturen en landschappen",https://hdl.handle.net/20.500.11840/termmaster10049002,"afbeelden van volken, culturen en landschappen | depicting people, cultures, and landscapes"
https://hdl.handle.net/20.500.11840/termmaster10069605,maskers naar draagwijze,https://hdl.handle.net/20.500.11840/termmaster10069604,masks by manner of wearing
https://hdl.handle.net/20.500.11840/termmaster10064040,Buhari,https://hdl.handle.net/20.500.11840/termmaster10064034,
https://hdl.handle.net/20.500.11840/termmaster10057471,Brousse,https://hdl.handle.net/20.500.11840/termmaster10057467,
https://hdl.handle.net/20.500.11840/termmaster10049239,economische zelfstandigheid,https://hdl.handle.net/20.500.11840/termmaster10047737,economic independence
https://hdl.handle.net/20.500.11840/termmaster10060459,Iwa-eiland,https://hdl.handle.net/20.500.11840/termmaster10060457,Iwa Island
https://hdl.handle.net/20.500.11840/termmaster10070340,vazen,https://hdl.handle.net/20.500.11840/termmaster10070291,bloemenvazen | vases
https://hdl.handle.net/20.500.11840/termmaster10078642,Gurage,https://hdl.handle.net/20.500.11840/termmaster10078635,Gouraghe | Gurage (culture or style)
https://hdl.handle.net/20.500.11840/termmaster10054303,Luxor,https://hdl.handle.net/20.500.11840/termmaster10054302,Al Uqsur
https://hdl.handle.net/20.500.11840/termmaster10063099,Parakan,https://hdl.handle.net/20.500.11840/termmaster10063093,
https://hdl.handle.net/20.500.11840/termmaster10064820,Woodburytypie,https://hdl.handle.net/20.500.11840/termmaster10064810,Woodburytype (process)
https://hdl.handle.net/20.500.11840/termmaster10068399,ossenkarren,https://hdl.handle.net/20.500.11840/termmaster10068398,ox carts
https://hdl.handle.net/20.500.11840/termmaster10068100,gevesten,https://hdl.handle.net/20.500.11840/termmaster10068098,hilts | zwaardgevesten
https://hdl.handle.net/20.500.11840/termmaster10048560,"vervoer over land, water of door de lucht",https://hdl.handle.net/20.500.11840/termmaster10048555,"transport on land, sea or in the air"
https://hdl.handle.net/20.500.11840/termmaster10050403,subtropen,https://hdl.handle.net/20.500.11840/termmaster10050401,subtropics
https://hdl.handle.net/20.500.11840/termmaster10047953,globalisering,https://hdl.handle.net/20.500.11840/termmaster10047723,globalisation | mondialisering
https://hdl.handle.net/20.500.11840/termmaster10058131,Voltz-berg,https://hdl.handle.net/20.500.11840/termmaster10058104,Voltz Mountain
https://hdl.handle.net/20.500.11840/termmaster10061878,Abai,https://hdl.handle.net/20.500.11840/termmaster10061877,Asai
https://hdl.handle.net/20.500.11840/termmaster10069063,chromoscopen,https://hdl.handle.net/20.500.11840/termmaster10069062,chromascopes
https://hdl.handle.net/20.500.11840/termmaster10061957,Bangko,https://hdl.handle.net/20.500.11840/termmaster10061953,
https://hdl.handle.net/20.500.11840/termmaster10058072,Midden- en Zuid-Amerika,https://hdl.handle.net/20.500.11840/termmaster10058071,Middle and South America
https://hdl.handle.net/20.500.11840/termmaster10066098,shengs,https://hdl.handle.net/20.500.11840/termmaster10066097,sheng
https://hdl.handle.net/20.500.11840/termmaster10048458,schelpbewerking,https://hdl.handle.net/20.500.11840/termmaster10048439,090204 | shell and conch working
https://hdl.handle.net/20.500.11840/termmaster10068452,light-railtransitvoertuigen,https://hdl.handle.net/20.500.11840/termmaster10068451,light rail transit vehicles
https://hdl.handle.net/20.500.11840/termmaster10047959,agrarische productie voor externe markt en consumptie,https://hdl.handle.net/20.500.11840/termmaster10047941,agricultural production for external market and consumption
https://hdl.handle.net/20.500.11840/termmaster10056592,Stockport (plaats),https://hdl.handle.net/20.500.11840/termmaster10056591,Stockport (populated place)
https://hdl.handle.net/20.500.11840/termmaster10049189,ruilmiddelen en accessoires,https://hdl.handle.net/20.500.11840/termmaster10048274,0906 | exchange media and accessories
https://hdl.handle.net/20.500.11840/termmaster10064423,Bushehr,https://hdl.handle.net/20.500.11840/termmaster10064422,
https://hdl.handle.net/20.500.11840/termmaster10067102,seismologische stations,https://hdl.handle.net/20.500.11840/termmaster10067100,seismological stations
https://hdl.handle.net/20.500.11840/termmaster10056572,Flamstead,https://hdl.handle.net/20.500.11840/termmaster10056569,
https://hdl.handle.net/20.500.11840/termmaster10059203,Arrazola,https://hdl.handle.net/20.500.11840/termmaster10059119,
https://hdl.handle.net/20.500.11840/termmaster10056054,Grouw,https://hdl.handle.net/20.500.11840/termmaster10056048,
https://hdl.handle.net/20.500.11840/termmaster10068559,draaitollen,https://hdl.handle.net/20.500.11840/termmaster10068558,spinning tops
https://hdl.handle.net/20.500.11840/termmaster10065434,carneool,https://hdl.handle.net/20.500.11840/termmaster10065431,carnelian | cornelian | kornalijn
https://hdl.handle.net/20.500.11840/termmaster10062195,Wakatobi (regentschap),https://hdl.handle.net/20.500.11840/termmaster10062191,Wakatobi (kabupaten) | Wakatobi (regency)
https://hdl.handle.net/20.500.11840/termmaster10065244,petroleum en petroleumproducten,https://hdl.handle.net/20.500.11840/termmaster10065158,aardolie en aardolieproducten | petroleum and petroleum products
https://hdl.handle.net/20.500.11840/termmaster10076050,Q'anjob'al,https://hdl.handle.net/20.500.11840/termmaster10076036,Kanjobal
https://hdl.handle.net/20.500.11840/termmaster10047729,gemeenschappen en samenlevingen,https://hdl.handle.net/20.500.11840/termmaster10047723,communities and societies
https://hdl.handle.net/20.500.11840/termmaster10068121,zeemijnen,https://hdl.handle.net/20.500.11840/termmaster10068120,underwater mines
https://hdl.handle.net/20.500.11840/termmaster10058102,Batavia (Suriname),https://hdl.handle.net/20.500.11840/termmaster10058097,Batavia (Surinam)
https://hdl.handle.net/20.500.11840/termmaster10057143,Freiburg,https://hdl.handle.net/20.500.11840/termmaster10057107,
https://hdl.handle.net/20.500.11840/termmaster10058646,Belém,https://hdl.handle.net/20.500.11840/termmaster10058639,
https://hdl.handle.net/20.500.11840/termmaster10054441,Meknès,https://hdl.handle.net/20.500.11840/termmaster10054440,Meknes
https://hdl.handle.net/20.500.11840/termmaster10064980,scheringpatroon aanbrengen,https://hdl.handle.net/20.500.11840/termmaster10064974,extra ketting | extra schering | warp patterning
https://hdl.handle.net/20.500.11840/termmaster10076361,Precolumbiaans,https://hdl.handle.net/20.500.11840/termmaster10075983,Pre-Columbian
https://hdl.handle.net/20.500.11840/termmaster10064335,Arbil,https://hdl.handle.net/20.500.11840/termmaster10064334,
https://hdl.handle.net/20.500.11840/termmaster10059313,Chiapas (deelstaat),https://hdl.handle.net/20.500.11840/termmaster10058919,Chiapas (state)
https://hdl.handle.net/20.500.11840/termmaster10062096,Lekon (plaats),https://hdl.handle.net/20.500.11840/termmaster10062085,
https://hdl.handle.net/20.500.11840/termmaster10056354,Driewegen,https://hdl.handle.net/20.500.11840/termmaster10056308,
https://hdl.handle.net/20.500.11840/termmaster10057670,Lotharingen,https://hdl.handle.net/20.500.11840/termmaster10057434,Lorraine
https://hdl.handle.net/20.500.11840/termmaster10054445,Tissa,https://hdl.handle.net/20.500.11840/termmaster10054440,
https://hdl.handle.net/20.500.11840/termmaster10070394,broodmanden,https://hdl.handle.net/20.500.11840/termmaster10070390,bread baskets (containers for food service)
https://hdl.handle.net/20.500.11840/termmaster10076045,Chamula,https://hdl.handle.net/20.500.11840/termmaster10076044,
https://hdl.handle.net/20.500.11840/termmaster10066473,bouwterreinen,https://hdl.handle.net/20.500.11840/termmaster10067112,bouwterrein | building site | building sites
https://hdl.handle.net/20.500.11840/termmaster10048587,infrastructuur voor vervoer over water,https://hdl.handle.net/20.500.11840/termmaster10049913,infrastructure for water transportation
https://hdl.handle.net/20.500.11840/termmaster10070871,uitrusting naar context,https://hdl.handle.net/20.500.11840/termmaster10070864,equipment by context
https://hdl.handle.net/20.500.11840/termmaster10066888,kamergraven,https://hdl.handle.net/20.500.11840/termmaster10066885,chamber tombs
https://hdl.handle.net/20.500.11840/termmaster10059282,Huixquilucan,https://hdl.handle.net/20.500.11840/termmaster10059266,
https://hdl.handle.net/20.500.11840/termmaster10069442,hoofddoeken,https://hdl.handle.net/20.500.11840/termmaster10069403,headcloths (headgear)
https://hdl.handle.net/20.500.11840/termmaster10058808,Saint Lucia,https://hdl.handle.net/20.500.11840/termmaster10058694,Sainte-Lucie
https://hdl.handle.net/20.500.11840/termmaster10058904,Santa Maria Cauqué,https://hdl.handle.net/20.500.11840/termmaster10058825,
https://hdl.handle.net/20.500.11840/termmaster10063903,Sonamarg,https://hdl.handle.net/20.500.11840/termmaster10063883,
https://hdl.handle.net/20.500.11840/termmaster10077535,Lembata,https://hdl.handle.net/20.500.11840/termmaster10077532,Lomblen
https://hdl.handle.net/20.500.11840/termmaster10057563,Lille,https://hdl.handle.net/20.500.11840/termmaster10057561,Rijsel
https://hdl.handle.net/20.500.11840/termmaster10047833,politiek of religieus gemotiveerd geweld,https://hdl.handle.net/20.500.11840/termmaster10079293,armed conflicts | gewapende conflicten | politically and religiously motivated violence
https://hdl.handle.net/20.500.11840/termmaster10057951,Ginzling-Dornauberg,https://hdl.handle.net/20.500.11840/termmaster10057938,
https://hdl.handle.net/20.500.11840/termmaster10076296,A:shiwi,https://hdl.handle.net/20.500.11840/termmaster10076292, A’shivi  | Ashiwi | Zuni | Zuñi
https://hdl.handle.net/20.500.11840/termmaster10059535,San Nicolas Island,https://hdl.handle.net/20.500.11840/termmaster10079676,San Nicolas
https://hdl.handle.net/20.500.11840/termmaster10071337,uitrusting naar het materiaal dat ermee wordt bewerkt,https://hdl.handle.net/20.500.11840/termmaster10070864,equipment by material processed
https://hdl.handle.net/20.500.11840/termmaster10077976,Provinciaal Mughal- schilderstijl,https://hdl.handle.net/20.500.11840/termmaster10077975,Provincial Mughal painting styles
https://hdl.handle.net/20.500.11840/termmaster10064155,Tel Aviv,https://hdl.handle.net/20.500.11840/termmaster10064153,
https://hdl.handle.net/20.500.11840/termmaster10071494,maasmaten,https://hdl.handle.net/20.500.11840/termmaster10071493,net shuttles
https://hdl.handle.net/20.500.11840/termmaster10059051,Culiacán,https://hdl.handle.net/20.500.11840/termmaster10059049,Culiacan
https://hdl.handle.net/20.500.11840/termmaster10078748,Eton,https://hdl.handle.net/20.500.11840/termmaster10078743,Etun | Toni
https://hdl.handle.net/20.500.11840/termmaster10057237,Luxembourg,https://hdl.handle.net/20.500.11840/termmaster10055587,LUX  | Luxemburg
https://hdl.handle.net/20.500.11840/termmaster10055484,Kinnekulle,https://hdl.handle.net/20.500.11840/termmaster10055483,
https://hdl.handle.net/20.500.11840/termmaster10070480,drinkglazen,https://hdl.handle.net/20.500.11840/termmaster10070468,drinking glasses | glazen
https://hdl.handle.net/20.500.11840/termmaster10056889,Ochtrup,https://hdl.handle.net/20.500.11840/termmaster10056887,
https://hdl.handle.net/20.500.11840/termmaster10071577,hakken,https://hdl.handle.net/20.500.11840/termmaster10071558,draw hoes | landbouwhakken
https://hdl.handle.net/20.500.11840/termmaster10069367,"ophouders van kousen, sokken en ondergoed",https://hdl.handle.net/20.500.11840/termmaster10069366,hosiery supporters
https://hdl.handle.net/20.500.11840/termmaster10057536,Dordogne,https://hdl.handle.net/20.500.11840/termmaster10057529,
https://hdl.handle.net/20.500.11840/termmaster10069451,bandelieren,https://hdl.handle.net/20.500.11840/termmaster10069449,bandoliers (shoulder belts) | draagbanden
https://hdl.handle.net/20.500.11840/termmaster10061836,Pagai Selatan (eiland),https://hdl.handle.net/20.500.11840/termmaster10061833,Pulau Pagai Selatan | South Pagai (island) | Zuid-Pagaï
https://hdl.handle.net/20.500.11840/termmaster10061040,Shenyang,https://hdl.handle.net/20.500.11840/termmaster10061039,Mukden
https://hdl.handle.net/20.500.11840/termmaster10061463,Puncak Mandala,https://hdl.handle.net/20.500.11840/termmaster10061462,Julianatop
https://hdl.handle.net/20.500.11840/termmaster10063492,Ban Sop Tia,https://hdl.handle.net/20.500.11840/termmaster10063486,
https://hdl.handle.net/20.500.11840/termmaster10056236,Eygelshoven,https://hdl.handle.net/20.500.11840/termmaster10056235,
https://hdl.handle.net/20.500.11840/termmaster10072022,grondverzetuitrusting,https://hdl.handle.net/20.500.11840/termmaster10072021,earthmoving equipment
https://hdl.handle.net/20.500.11840/termmaster10050361,museale tentoonstellingen,https://hdl.handle.net/20.500.11840/termmaster10050348,museum exhibtitions
https://hdl.handle.net/20.500.11840/termmaster10061255,Seget (plaats),https://hdl.handle.net/20.500.11840/termmaster10061253,Seget (populated place)
https://hdl.handle.net/20.500.11840/termmaster10072037,draadrecorders,https://hdl.handle.net/20.500.11840/termmaster10072034,wire recorders
https://hdl.handle.net/20.500.11840/termmaster10069820,overlijdensdocumenten,https://hdl.handle.net/20.500.11840/termmaster10069817,death records
https://hdl.handle.net/20.500.11840/termmaster10057311,Lorenzana,https://hdl.handle.net/20.500.11840/termmaster10057310,
https://hdl.handle.net/20.500.11840/termmaster10065454,chloriet,https://hdl.handle.net/20.500.11840/termmaster10065453,chlorite
https://hdl.handle.net/20.500.11840/termmaster10075903,middeleeuwse regionale stijlen,https://hdl.handle.net/20.500.11840/termmaster10075901,
https://hdl.handle.net/20.500.11840/termmaster10064747,procedés en technieken voor het afdekken van oppervlakken,https://hdl.handle.net/20.500.11840/termmaster10064716,surface covering processes and techniques
https://hdl.handle.net/20.500.11840/termmaster10077155,Taisho,https://hdl.handle.net/20.500.11840/termmaster10077153,
https://hdl.handle.net/20.500.11840/termmaster10065184,dammar (hars),https://hdl.handle.net/20.500.11840/termmaster10065183,damar | dammar | dammer | gum damar
https://hdl.handle.net/20.500.11840/termmaster10063692,Multan,https://hdl.handle.net/20.500.11840/termmaster10063680,
https://hdl.handle.net/20.500.11840/termmaster10076301,Santa Ana,https://hdl.handle.net/20.500.11840/termmaster10076299,Santa Ana Pueblo
https://hdl.handle.net/20.500.11840/termmaster10059299,Malinalco,https://hdl.handle.net/20.500.11840/termmaster10059266,
https://hdl.handle.net/20.500.11840/termmaster10049138,menstruatie,https://hdl.handle.net/20.500.11840/termmaster10049135,menstruation
https://hdl.handle.net/20.500.11840/termmaster10059825,Pencil Bluff,https://hdl.handle.net/20.500.11840/termmaster10059824,
https://hdl.handle.net/20.500.11840/termmaster10048393,uitvaartrituelen,https://hdl.handle.net/20.500.11840/termmaster10048384,funerals
https://hdl.handle.net/20.500.11840/termmaster10068708,ketelhaken,https://hdl.handle.net/20.500.11840/termmaster10068700,pothooks
https://hdl.handle.net/20.500.11840/termmaster10067228,alfabetten,https://hdl.handle.net/20.500.11840/termmaster10067223,alphabets (symbols)
https://hdl.handle.net/20.500.11840/termmaster10050042,fatsoen,https://hdl.handle.net/20.500.11840/termmaster10049097,beleefdheid | decency
https://hdl.handle.net/20.500.11840/termmaster10076138,Montaña,https://hdl.handle.net/20.500.11840/termmaster10076108,
https://hdl.handle.net/20.500.11840/termmaster10063070,Bukateja,https://hdl.handle.net/20.500.11840/termmaster10063068,Boekatedja
https://hdl.handle.net/20.500.11840/termmaster10079033,erfenissen en erfregels,https://hdl.handle.net/20.500.11840/termmaster10049326,inheritance and inheritance rule
https://hdl.handle.net/20.500.11840/termmaster10071142,rijstmolens,https://hdl.handle.net/20.500.11840/termmaster10071138,rice hullers | rijstpelmolens
https://hdl.handle.net/20.500.11840/termmaster10060806,Negishi,https://hdl.handle.net/20.500.11840/termmaster10060775,
https://hdl.handle.net/20.500.11840/termmaster10068959,platen (platte objecten),https://hdl.handle.net/20.500.11840/termmaster10068934,slabs (flat objects)
https://hdl.handle.net/20.500.11840/termmaster10061046,Weihe,https://hdl.handle.net/20.500.11840/termmaster10061044,
https://hdl.handle.net/20.500.11840/termmaster10068837,ensembles,https://hdl.handle.net/20.500.11840/termmaster10068835,ensembles (costume) | kostuums (kledinggroepen)
https://hdl.handle.net/20.500.11840/termmaster10071004,pijpenwroeters,https://hdl.handle.net/20.500.11840/termmaster10071003,pipe cleaning sticks
https://hdl.handle.net/20.500.11840/termmaster10064506,Hijaz,https://hdl.handle.net/20.500.11840/termmaster10064505,Hedjaz
https://hdl.handle.net/20.500.11840/termmaster10066152,gestampte idiofonen,https://hdl.handle.net/20.500.11840/termmaster10066139,stamped idiophones
https://hdl.handle.net/20.500.11840/termmaster10070876,kerststerren,https://hdl.handle.net/20.500.11840/termmaster10070874,Christmas stars
https://hdl.handle.net/20.500.11840/termmaster10071212,botervormen,https://hdl.handle.net/20.500.11840/termmaster10071210,butter molds
https://hdl.handle.net/20.500.11840/termmaster10063177,Sragen,https://hdl.handle.net/20.500.11840/termmaster10063176,
https://hdl.handle.net/20.500.11840/termmaster10047973,bewateren en besproeien,https://hdl.handle.net/20.500.11840/termmaster10047971,03010302 | bevloeien | plant watering
https://hdl.handle.net/20.500.11840/termmaster10071221,keukenuitrusting voor het opdienen en consumeren van voedsel,https://hdl.handle.net/20.500.11840/termmaster10071098,culinary equipment for serving and consuming food
https://hdl.handle.net/20.500.11840/termmaster10061029,Nanjing,https://hdl.handle.net/20.500.11840/termmaster10061028,
https://hdl.handle.net/20.500.11840/termmaster10070068,sprookjes,https://hdl.handle.net/20.500.11840/termmaster10070067,fairy tales
https://hdl.handle.net/20.500.11840/termmaster10078612,Bashi,https://hdl.handle.net/20.500.11840/termmaster10078610,Amashi | Baniabungu | Banyabungu | Nyabungu | Shi | Wanyabungu
https://hdl.handle.net/20.500.11840/termmaster10071255,groentelepels,https://hdl.handle.net/20.500.11840/termmaster10071253,vegetable spoons
https://hdl.handle.net/20.500.11840/termmaster10069727,folio's (bladen),https://hdl.handle.net/20.500.11840/termmaster10069725,folios (leaves)
https://hdl.handle.net/20.500.11840/termmaster10054806,Douala,https://hdl.handle.net/20.500.11840/termmaster10054795,
https://hdl.handle.net/20.500.11840/termmaster10056745,Mörnsheim,https://hdl.handle.net/20.500.11840/termmaster10056738,
https://hdl.handle.net/20.500.11840/termmaster10054787,Porto Novo,https://hdl.handle.net/20.500.11840/termmaster10054776,
https://hdl.handle.net/20.500.11840/termmaster10079336,Vila de Sena,https://hdl.handle.net/20.500.11840/termmaster10079335,Sena | Senna
https://hdl.handle.net/20.500.11840/termmaster10049779,activisme en maatschappelijke organisaties,https://hdl.handle.net/20.500.11840/termmaster10049777,activism and civil society
https://hdl.handle.net/20.500.11840/termmaster10068457,glij-ijzers,https://hdl.handle.net/20.500.11840/termmaster10068456,
https://hdl.handle.net/20.500.11840/termmaster10062551,Bengkayang (regentschap),https://hdl.handle.net/20.500.11840/termmaster10062520,Bengkayang (kabupaten) | Bengkayang (regency)
https://hdl.handle.net/20.500.11840/termmaster10065410,engobe (klei),https://hdl.handle.net/20.500.11840/termmaster10065407,ingobbio | slip (clay) | slip clay
https://hdl.handle.net/20.500.11840/termmaster10049838,volkskunst,https://hdl.handle.net/20.500.11840/termmaster10049836,folk art
https://hdl.handle.net/20.500.11840/termmaster10063432,Klungkung (regentschap),https://hdl.handle.net/20.500.11840/termmaster10063351,Kloengkoeng (regentschap) | Klungkung (kabupaten) | Klungkung (regency)
https://hdl.handle.net/20.500.11840/termmaster10062498,Timor Tengah Utara (regentschap),https://hdl.handle.net/20.500.11840/termmaster10062494,Timor Tengah Utara (kabupaten) | Timor Tengah Utara (regency)
https://hdl.handle.net/20.500.11840/termmaster10076534,Cotzumalhuapa,https://hdl.handle.net/20.500.11840/termmaster10076532,
https://hdl.handle.net/20.500.11840/termmaster10071506,kaardplanken,https://hdl.handle.net/20.500.11840/termmaster10071504,carding planks
https://hdl.handle.net/20.500.11840/termmaster10058569,Beni (rivier),https://hdl.handle.net/20.500.11840/termmaster10058568,Beni (river) | Rio Beni
https://hdl.handle.net/20.500.11840/termmaster10055103,Sirakélé,https://hdl.handle.net/20.500.11840/termmaster10055096,
https://hdl.handle.net/20.500.11840/termmaster10068352,gaffels (vaartuigonderdelen),https://hdl.handle.net/20.500.11840/termmaster10068343,gaffs
https://hdl.handle.net/20.500.11840/termmaster10050278,bureaucratie,https://hdl.handle.net/20.500.11840/termmaster10050238,bureaucracy and administration
https://hdl.handle.net/20.500.11840/termmaster10057454,Menton,https://hdl.handle.net/20.500.11840/termmaster10057452,
https://hdl.handle.net/20.500.11840/termmaster10068412,vierwielige rijtuigen,https://hdl.handle.net/20.500.11840/termmaster10068411,four-wheeled carriages
https://hdl.handle.net/20.500.11840/termmaster10057498,Monampteuil,https://hdl.handle.net/20.500.11840/termmaster10057497,
https://hdl.handle.net/20.500.11840/termmaster10056060,Lekkum,https://hdl.handle.net/20.500.11840/termmaster10056059,
https://hdl.handle.net/20.500.11840/termmaster10049908,inspraak en delen van de macht,https://hdl.handle.net/20.500.11840/termmaster10049051,burgerparticipatie | participation in and sharing of power
https://hdl.handle.net/20.500.11840/termmaster10062423,Mules (eiland),https://hdl.handle.net/20.500.11840/termmaster10062419,Mules (island) | Nusa Mules | Pulau Loren | Toreneiland
https://hdl.handle.net/20.500.11840/termmaster10056821,Frankenberg,https://hdl.handle.net/20.500.11840/termmaster10056819,
https://hdl.handle.net/20.500.11840/termmaster10054722,Uruwira,https://hdl.handle.net/20.500.11840/termmaster10054715,
https://hdl.handle.net/20.500.11840/termmaster10055469,Småland,https://hdl.handle.net/20.500.11840/termmaster10055432,Smaland
https://hdl.handle.net/20.500.11840/termmaster10064295,Kirsehir,https://hdl.handle.net/20.500.11840/termmaster10064294,Kersehir | Kirshehr 
https://hdl.handle.net/20.500.11840/termmaster10066683,gastenkamers,https://hdl.handle.net/20.500.11840/termmaster10066681,guest rooms | logeerkamers | logeervertrekken
https://hdl.handle.net/20.500.11840/termmaster10063272,Cibeber,https://hdl.handle.net/20.500.11840/termmaster10063271,Tjibeber
https://hdl.handle.net/20.500.11840/termmaster10071102,vleesvermalsers,https://hdl.handle.net/20.500.11840/termmaster10071100,meat tenderizers | vleeskloppers
https://hdl.handle.net/20.500.11840/termmaster10056244,Terblijt,https://hdl.handle.net/20.500.11840/termmaster10056239,
https://hdl.handle.net/20.500.11840/termmaster10063904,Kharbu,https://hdl.handle.net/20.500.11840/termmaster10063883,
https://hdl.handle.net/20.500.11840/termmaster10055677,Hoog Soeren,https://hdl.handle.net/20.500.11840/termmaster10055673,
https://hdl.handle.net/20.500.11840/termmaster10053920,Cuanza Norte (provincie),https://hdl.handle.net/20.500.11840/termmaster10053870,Cuanza Norte (province) | Kwanza Norte | Noord-Cuanza (provincie)
https://hdl.handle.net/20.500.11840/termmaster10078098,Aimaq,https://hdl.handle.net/20.500.11840/termmaster10078096,
https://hdl.handle.net/20.500.11840/termmaster10067852,leestafels,https://hdl.handle.net/20.500.11840/termmaster10067844,boekentafels | reading tables
https://hdl.handle.net/20.500.11840/termmaster10079481,xenofobie,https://hdl.handle.net/20.500.11840/termmaster10050285,xenophobia
https://hdl.handle.net/20.500.11840/termmaster10065060,ijzer bewerken,https://hdl.handle.net/20.500.11840/termmaster10065057,ironworking
https://hdl.handle.net/20.500.11840/termmaster10055570,IJsland,https://hdl.handle.net/20.500.11840/termmaster10055429,ISL  | Iceland
https://hdl.handle.net/20.500.11840/termmaster10063410,Sebatu,https://hdl.handle.net/20.500.11840/termmaster10063397,
https://hdl.handle.net/20.500.11840/termmaster10070196,geheugenkaarten,https://hdl.handle.net/20.500.11840/termmaster10070186,geheugenkaart
https://hdl.handle.net/20.500.11840/termmaster10056349,Breskens,https://hdl.handle.net/20.500.11840/termmaster10056308,
https://hdl.handle.net/20.500.11840/termmaster10057374,Predazzo,https://hdl.handle.net/20.500.11840/termmaster10057373,
https://hdl.handle.net/20.500.11840/termmaster10064459,Oman,https://hdl.handle.net/20.500.11840/termmaster10064456,OMN 
https://hdl.handle.net/20.500.11840/termmaster10070588,tajines (kookgerei),https://hdl.handle.net/20.500.11840/termmaster10070571,tagines | tajines (cookware)
https://hdl.handle.net/20.500.11840/termmaster10049700,martelaarschap,https://hdl.handle.net/20.500.11840/termmaster10049693,martyrdom
https://hdl.handle.net/20.500.11840/termmaster10068801,objectgroepen,https://hdl.handle.net/20.500.11840/termmaster10068720,object groupings
https://hdl.handle.net/20.500.11840/termmaster10071555,ladders,https://hdl.handle.net/20.500.11840/termmaster10071553,
https://hdl.handle.net/20.500.11840/termmaster10066161,geraasmakers,https://hdl.handle.net/20.500.11840/termmaster10066154,jingles | rinkels
https://hdl.handle.net/20.500.11840/termmaster10071873,stereoscopen,https://hdl.handle.net/20.500.11840/termmaster10071872,stereoscopes
https://hdl.handle.net/20.500.11840/termmaster10049314,teksten,https://hdl.handle.net/20.500.11840/termmaster10049310,texts
https://hdl.handle.net/20.500.11840/termmaster10054520,Ben Arous (gouvernement),https://hdl.handle.net/20.500.11840/termmaster10054515,Ben Arous (governorate) | Bin 'Arous (gouvernement)
https://hdl.handle.net/20.500.11840/termmaster10058156,Hendrik-top,https://hdl.handle.net/20.500.11840/termmaster10058104,Hendrik Top
https://hdl.handle.net/20.500.11840/termmaster10069231,corsages,https://hdl.handle.net/20.500.11840/termmaster10069226,corsages (costume accessories)
https://hdl.handle.net/20.500.11840/termmaster10066726,kamers en ruimten naar gebruikers,https://hdl.handle.net/20.500.11840/termmaster10066663,rooms and spaces by occupants
https://hdl.handle.net/20.500.11840/termmaster10077584,Mandar,https://hdl.handle.net/20.500.11840/termmaster10077582,Andian | Mandharsche | Manjar
https://hdl.handle.net/20.500.11840/termmaster10079060,bliksem en donder,https://hdl.handle.net/20.500.11840/termmaster10079056,lightning and thunder
https://hdl.handle.net/20.500.11840/termmaster10065279,natuursteen naar eigenschap,https://hdl.handle.net/20.500.11840/termmaster10065278,stone by quality
https://hdl.handle.net/20.500.11840/termmaster10056037,Buurse,https://hdl.handle.net/20.500.11840/termmaster10056036,
https://hdl.handle.net/20.500.11840/termmaster10076592,Zuid-Amerikaans,https://hdl.handle.net/20.500.11840/termmaster10076573,South American
https://hdl.handle.net/20.500.11840/termmaster10068632,handgrepen,https://hdl.handle.net/20.500.11840/termmaster10068630,pulls
https://hdl.handle.net/20.500.11840/termmaster10076712,Spencer regio,https://hdl.handle.net/20.500.11840/termmaster10076668,Spencer region
https://hdl.handle.net/20.500.11840/termmaster10060003,Totoya,https://hdl.handle.net/20.500.11840/termmaster10060002,
https://hdl.handle.net/20.500.11840/termmaster10061293,Wondiwoi-schiereiland,https://hdl.handle.net/20.500.11840/termmaster10061285,Wondiwoi Peninsula
https://hdl.handle.net/20.500.11840/termmaster10058833,Patzicía,https://hdl.handle.net/20.500.11840/termmaster10058825,
https://hdl.handle.net/20.500.11840/termmaster10077933,Kutia-Kond,https://hdl.handle.net/20.500.11840/termmaster10077931,Kuttia Khond
https://hdl.handle.net/20.500.11840/termmaster10065903,garen naar vorm,https://hdl.handle.net/20.500.11840/termmaster10065898,yarn by form
https://hdl.handle.net/20.500.11840/termmaster10076581,Panamees,https://hdl.handle.net/20.500.11840/termmaster10076578,
https://hdl.handle.net/20.500.11840/termmaster10062858,Wamar (eiland),https://hdl.handle.net/20.500.11840/termmaster10062852,Pulau Wamar | Wamar (island)
https://hdl.handle.net/20.500.11840/termmaster10069233,sieraden,https://hdl.handle.net/20.500.11840/termmaster10069226,jewelry | versieringen (kledingaccessoires) | versierselen
https://hdl.handle.net/20.500.11840/termmaster10063635,Thakhek,https://hdl.handle.net/20.500.11840/termmaster10063622,Thakheh
https://hdl.handle.net/20.500.11840/termmaster10070597,pijlkokers,https://hdl.handle.net/20.500.11840/termmaster10070595,quivers
https://hdl.handle.net/20.500.11840/termmaster10069461,halsboorden,https://hdl.handle.net/20.500.11840/termmaster10069454,befjes | collars (neckwear) | halskragen | kragen | kralenkragen
https://hdl.handle.net/20.500.11840/termmaster10055308,Transvaal,https://hdl.handle.net/20.500.11840/termmaster10055279,
https://hdl.handle.net/20.500.11840/termmaster10076203,Inheems Noord-Amerikaans,https://hdl.handle.net/20.500.11840/termmaster10075993,Inheemse Noord-Amerikaanse stijlen | Native North American | Native North American styles
https://hdl.handle.net/20.500.11840/termmaster10060150,McArthur-rivier,https://hdl.handle.net/20.500.11840/termmaster10060149,McArthur River
https://hdl.handle.net/20.500.11840/termmaster10055282,Cape Provinces,https://hdl.handle.net/20.500.11840/termmaster10055279,Kaapprovincie | Province of the Western Cape | Provincie Kaap de Goede Hoop | Provinsie van die Kaap die Goeie Hoop
https://hdl.handle.net/20.500.11840/termmaster10065459,amazoniet,https://hdl.handle.net/20.500.11840/termmaster10065458,amazonesteen | amazonite
https://hdl.handle.net/20.500.11840/termmaster10061367,Ormu,https://hdl.handle.net/20.500.11840/termmaster10061328,
https://hdl.handle.net/20.500.11840/termmaster10055288,Vryburg,https://hdl.handle.net/20.500.11840/termmaster10055350,
https://hdl.handle.net/20.500.11840/termmaster10067092,kuiperijen,https://hdl.handle.net/20.500.11840/termmaster10067088,cooperages
https://hdl.handle.net/20.500.11840/termmaster10067194,gezichten naar positie of oriëntatie,https://hdl.handle.net/20.500.11840/termmaster10067193,views by vantage point or orientation
https://hdl.handle.net/20.500.11840/termmaster10071348,"pleister-, beton- en metselspeciebewerkingsuitrusting",https://hdl.handle.net/20.500.11840/termmaster10071337,"plaster, concrete and mortar working equipment"
https://hdl.handle.net/20.500.11840/termmaster10079310,dansen (activiteit),https://hdl.handle.net/20.500.11840/termmaster10049925,dancing (activity)
https://hdl.handle.net/20.500.11840/termmaster10068950,linten,https://hdl.handle.net/20.500.11840/termmaster10068934,ribbons
https://hdl.handle.net/20.500.11840/termmaster10079636,"winnen, verbouwen en productie van grondstoffen",https://hdl.handle.net/20.500.11840/termmaster10047922,koloniale ondernemingen | productie van grondstoffen voor industie en voedselverwerking | raw materials production for industry or processed food
https://hdl.handle.net/20.500.11840/termmaster10059995,Yaiwa-gebied,https://hdl.handle.net/20.500.11840/termmaster10059990,Yaiwa Area
https://hdl.handle.net/20.500.11840/termmaster10076819,Papoea Nieuw-Guinea -culturen: zuidelijk,https://hdl.handle.net/20.500.11840/termmaster10076756,Papua New Guinea cultures: south
https://hdl.handle.net/20.500.11840/termmaster10076785,Moewehafen,https://hdl.handle.net/20.500.11840/termmaster10076780,
https://hdl.handle.net/20.500.11840/termmaster10077727,Embaloh,https://hdl.handle.net/20.500.11840/termmaster10077723,Maloh | Mbaloh
https://hdl.handle.net/20.500.11840/termmaster10061329,Tanahmerah-baai,https://hdl.handle.net/20.500.11840/termmaster10061328,Tanahmerah Bay
https://hdl.handle.net/20.500.11840/termmaster10067700,onderdelen van verlichtingsmiddelen,https://hdl.handle.net/20.500.11840/termmaster10067640,lighting device components
https://hdl.handle.net/20.500.11840/termmaster10066876,grafgebouwen,https://hdl.handle.net/20.500.11840/termmaster10066875,sepulchral buildings
https://hdl.handle.net/20.500.11840/termmaster10076852,Sio,https://hdl.handle.net/20.500.11840/termmaster10076843,
https://hdl.handle.net/20.500.11840/termmaster10068535,alfabetblokken,https://hdl.handle.net/20.500.11840/termmaster10068534,alphabet blocks
https://hdl.handle.net/20.500.11840/termmaster10061998,Bangkinang,https://hdl.handle.net/20.500.11840/termmaster10061997,
https://hdl.handle.net/20.500.11840/termmaster10064828,met de hand schrijven,https://hdl.handle.net/20.500.11840/termmaster10064826,handwriting | met de hand geschreven
https://hdl.handle.net/20.500.11840/termmaster10054412,Rabat,https://hdl.handle.net/20.500.11840/termmaster10054410,
https://hdl.handle.net/20.500.11840/termmaster10050135,geschiedenis (vakgebied),https://hdl.handle.net/20.500.11840/termmaster10050130,history (discipline)
https://hdl.handle.net/20.500.11840/termmaster10079408,houtskoolstaafjes,https://hdl.handle.net/20.500.11840/termmaster10071895,charcoal sticks
https://hdl.handle.net/20.500.11840/termmaster10075991,Ozark,https://hdl.handle.net/20.500.11840/termmaster10075988,
https://hdl.handle.net/20.500.11840/termmaster10077446,Batak,https://hdl.handle.net/20.500.11840/termmaster10077442,Batta | Battak
https://hdl.handle.net/20.500.11840/termmaster10061199,Manuran (eiland),https://hdl.handle.net/20.500.11840/termmaster10061195,Mamoeran (eiland) | Manoeran (eiland) | Manuran (island) | Oesba (eiland) | Pulau Manuran
https://hdl.handle.net/20.500.11840/termmaster10069130,schepels,https://hdl.handle.net/20.500.11840/termmaster10069125,
https://hdl.handle.net/20.500.11840/termmaster10048106,"persoon, gender en levensfasen",https://hdl.handle.net/20.500.11840/termmaster10047723,"person, gender and life stages"
https://hdl.handle.net/20.500.11840/termmaster10060950,Kinmen,https://hdl.handle.net/20.500.11840/termmaster10060949,Jinmen | Kimmung Island  | Quemoy
https://hdl.handle.net/20.500.11840/termmaster10060788,Haruna (berg),https://hdl.handle.net/20.500.11840/termmaster10060784,Haruna (mountain) | Haruna-san | Mount Haruna
https://hdl.handle.net/20.500.11840/termmaster10062079,Sabang (stadsgemeente),https://hdl.handle.net/20.500.11840/termmaster10062019,Sabang (kota) | Sabang (municipality)
https://hdl.handle.net/20.500.11840/termmaster10067279,glasnegatieven,https://hdl.handle.net/20.500.11840/termmaster10067278,glass negatives
https://hdl.handle.net/20.500.11840/termmaster10057601,Fumay,https://hdl.handle.net/20.500.11840/termmaster10057596,
https://hdl.handle.net/20.500.11840/termmaster10065096,vouwen (procedé),https://hdl.handle.net/20.500.11840/termmaster10065095,folding (process) | gevouwen
https://hdl.handle.net/20.500.11840/termmaster10050218,bezielde natuur,https://hdl.handle.net/20.500.11840/termmaster10050207,animism | animisme
https://hdl.handle.net/20.500.11840/termmaster10057072,Kaiserslautern,https://hdl.handle.net/20.500.11840/termmaster10057061,
https://hdl.handle.net/20.500.11840/termmaster10071279,fokkerijuitrusting,https://hdl.handle.net/20.500.11840/termmaster10071268,cattlebreeding equipment  | fokkerij-uitrusting
https://hdl.handle.net/20.500.11840/termmaster10065919,inslagpoolweefsel,https://hdl.handle.net/20.500.11840/termmaster10065918,filling-pile cloth | filling-pile fabric | weft pile weave | weft-pile fabric | weft-pile weave
https://hdl.handle.net/20.500.11840/termmaster10060304,Duke of York (eiland),https://hdl.handle.net/20.500.11840/termmaster10060302,Duke of York Island
https://hdl.handle.net/20.500.11840/termmaster10067988,vuurstenen,https://hdl.handle.net/20.500.11840/termmaster10067986,gunflints
https://hdl.handle.net/20.500.11840/termmaster10060410,Gogol (rivier),https://hdl.handle.net/20.500.11840/termmaster10060405,Gogol (river)
https://hdl.handle.net/20.500.11840/termmaster10062283,Tanete,https://hdl.handle.net/20.500.11840/termmaster10062280,Tanette
https://hdl.handle.net/20.500.11840/termmaster10071908,schrijfmessen,https://hdl.handle.net/20.500.11840/termmaster10071906,lontarmessen | writing knives
https://hdl.handle.net/20.500.11840/termmaster10061185,Bohol,https://hdl.handle.net/20.500.11840/termmaster10061128,
https://hdl.handle.net/20.500.11840/termmaster10061762,Porsea,https://hdl.handle.net/20.500.11840/termmaster10061758,
https://hdl.handle.net/20.500.11840/termmaster10075948,Labradormiut,https://hdl.handle.net/20.500.11840/termmaster10075944,Labrador Inuit
https://hdl.handle.net/20.500.11840/termmaster10068933,huismodellen,https://hdl.handle.net/20.500.11840/termmaster10068931,house models
https://hdl.handle.net/20.500.11840/termmaster10068827,bundels,https://hdl.handle.net/20.500.11840/termmaster10068802,bunch
https://hdl.handle.net/20.500.11840/termmaster10065462,glas (materiaal),https://hdl.handle.net/20.500.11840/termmaster10065461,glass (material)
https://hdl.handle.net/20.500.11840/termmaster10077789,Tai,https://hdl.handle.net/20.500.11840/termmaster10077752,
https://hdl.handle.net/20.500.11840/termmaster10066988,garagebedrijven,https://hdl.handle.net/20.500.11840/termmaster10066987,benzinepompen | benzinestations | service stations
https://hdl.handle.net/20.500.11840/termmaster10047940,visserij met gif,https://hdl.handle.net/20.500.11840/termmaster10047935,fishing with poison
https://hdl.handle.net/20.500.11840/termmaster10066913,vleesverwerkingsbedrijven,https://hdl.handle.net/20.500.11840/termmaster10066912,meat processing plants
https://hdl.handle.net/20.500.11840/termmaster10068723,elektrische systeemonderdelen,https://hdl.handle.net/20.500.11840/termmaster10068722,electrical system components
https://hdl.handle.net/20.500.11840/termmaster10067210,proeflappen,https://hdl.handle.net/20.500.11840/termmaster10067205,breivoorbeelden | haakvoorbeelden | needlework test-samples
https://hdl.handle.net/20.500.11840/termmaster10070872,feestartikelen,https://hdl.handle.net/20.500.11840/termmaster10070871,festivity accessories | party supplies
https://hdl.handle.net/20.500.11840/termmaster10069602,rituele kleding,https://hdl.handle.net/20.500.11840/termmaster10069600,liturgical costume | liturgische kleding
https://hdl.handle.net/20.500.11840/termmaster10060776,Ibaraki,https://hdl.handle.net/20.500.11840/termmaster10060775,
https://hdl.handle.net/20.500.11840/termmaster10060673,Kundu,https://hdl.handle.net/20.500.11840/termmaster10060671,Ganongga | Ganunga
https://hdl.handle.net/20.500.11840/termmaster10057186,Buchenwald (concentratiekamp),https://hdl.handle.net/20.500.11840/termmaster10057178,Buchenwald-Denkmal
https://hdl.handle.net/20.500.11840/termmaster10058750,Fontein -Aruba,https://hdl.handle.net/20.500.11840/termmaster10058743,
https://hdl.handle.net/20.500.11840/termmaster10079682,verspreiding van cultuurplanten,https://hdl.handle.net/20.500.11840/termmaster10050384,translocation of plants voor agriculture
https://hdl.handle.net/20.500.11840/termmaster10058994,San Miguel Zinacapan,https://hdl.handle.net/20.500.11840/termmaster10058972,
https://hdl.handle.net/20.500.11840/termmaster10055435,Jokkmokk,https://hdl.handle.net/20.500.11840/termmaster10055433,
https://hdl.handle.net/20.500.11840/termmaster10060874,Ehime,https://hdl.handle.net/20.500.11840/termmaster10060871,
https://hdl.handle.net/20.500.11840/termmaster10069292,zegelringen,https://hdl.handle.net/20.500.11840/termmaster10069290,signet rings | stempelringen
https://hdl.handle.net/20.500.11840/termmaster10065880,zwamvlok,https://hdl.handle.net/20.500.11840/termmaster10065878,mycelium
https://hdl.handle.net/20.500.11840/termmaster10067698,toortslampen,https://hdl.handle.net/20.500.11840/termmaster10067696,torchères (lamps)
https://hdl.handle.net/20.500.11840/termmaster10054153,Kaga Bandoro,https://hdl.handle.net/20.500.11840/termmaster10054152,
https://hdl.handle.net/20.500.11840/termmaster10069785,reglementen,https://hdl.handle.net/20.500.11840/termmaster10069783,bylaws (administrative records)
https://hdl.handle.net/20.500.11840/termmaster10066499,altaren en altaaronderdelen,https://hdl.handle.net/20.500.11840/termmaster10066498,altars and altar components
https://hdl.handle.net/20.500.11840/termmaster10059903,Cornwall Island,https://hdl.handle.net/20.500.11840/termmaster10059902,
https://hdl.handle.net/20.500.11840/termmaster10054004,Muba,https://hdl.handle.net/20.500.11840/termmaster10053998,
https://hdl.handle.net/20.500.11840/termmaster10054364,Ouargla (plaats),https://hdl.handle.net/20.500.11840/termmaster10054363,Ouargla (populated place)
https://hdl.handle.net/20.500.11840/termmaster10071220,broodplanken,https://hdl.handle.net/20.500.11840/termmaster10071099,breadboards
https://hdl.handle.net/20.500.11840/termmaster10062197,Wowonii (eiland),https://hdl.handle.net/20.500.11840/termmaster10062191,Konawe Kepulauan (kabupaten) | Konawe Kepulauan (regency) | Konawe Kepulauan (regentschap) | Pulau Wowonii | Wowonii (island)
https://hdl.handle.net/20.500.11840/termmaster10079665,fondsen werven (non-profit),https://hdl.handle.net/20.500.11840/termmaster10048287,fund raising
https://hdl.handle.net/20.500.11840/termmaster10055749,Ratum,https://hdl.handle.net/20.500.11840/termmaster10055671,
https://hdl.handle.net/20.500.11840/termmaster10071923,krijt (medium),https://hdl.handle.net/20.500.11840/termmaster10071895,chalk sticks | krijtjes | schoolbordkrijt
https://hdl.handle.net/20.500.11840/termmaster10078530,Noord-Afrikaans,https://hdl.handle.net/20.500.11840/termmaster10078186,North-African
https://hdl.handle.net/20.500.11840/termmaster10058966,Córdoba (Veracruz),https://hdl.handle.net/20.500.11840/termmaster10058938,
https://hdl.handle.net/20.500.11840/termmaster10059511,Mole Lake Indian reservation,https://hdl.handle.net/20.500.11840/termmaster10059510,Mole Lake
https://hdl.handle.net/20.500.11840/termmaster10070508,cassettes (houders),https://hdl.handle.net/20.500.11840/termmaster10070506,canteens (containers)
https://hdl.handle.net/20.500.11840/termmaster10077757,Alak,https://hdl.handle.net/20.500.11840/termmaster10077752,
https://hdl.handle.net/20.500.11840/termmaster10076657,Polynesisch Fiji -culturen,https://hdl.handle.net/20.500.11840/termmaster10076655,Polynesian Fiji cultures
https://hdl.handle.net/20.500.11840/termmaster10068674,pennen (bevestigingsmiddelen),https://hdl.handle.net/20.500.11840/termmaster10068663,pins (fasteners)
https://hdl.handle.net/20.500.11840/termmaster10057387,Elba,https://hdl.handle.net/20.500.11840/termmaster10057385,
https://hdl.handle.net/20.500.11840/termmaster10062802,Taam (eiland),https://hdl.handle.net/20.500.11840/termmaster10062788,Pulau Taam | Taam Island
https://hdl.handle.net/20.500.11840/termmaster10070363,foedralen,https://hdl.handle.net/20.500.11840/termmaster10070362,sheaths (cases)
https://hdl.handle.net/20.500.11840/termmaster10060623,October (rivier),https://hdl.handle.net/20.500.11840/termmaster10060608,October (river)
https://hdl.handle.net/20.500.11840/termmaster10071084,uitrusting voor persoonlijk gebruik: gebed en meditatie,https://hdl.handle.net/20.500.11840/termmaster10070985,equipment for personal use: prayer and meditation
https://hdl.handle.net/20.500.11840/termmaster10065859,vacht,https://hdl.handle.net/20.500.11840/termmaster10065852,fur
https://hdl.handle.net/20.500.11840/termmaster10064842,schildertechnieken naar gebruikt materiaal,https://hdl.handle.net/20.500.11840/termmaster10064841,painting techniques by medium
https://hdl.handle.net/20.500.11840/termmaster10068746,elektronenbuizen,https://hdl.handle.net/20.500.11840/termmaster10068723,elektronenbuis
https://hdl.handle.net/20.500.11840/termmaster10070075,biografieën,https://hdl.handle.net/20.500.11840/termmaster10070067,biographies
https://hdl.handle.net/20.500.11840/termmaster10055483,Skaraborg,https://hdl.handle.net/20.500.11840/termmaster10055432,
https://hdl.handle.net/20.500.11840/termmaster10070022,gezangboeken,https://hdl.handle.net/20.500.11840/termmaster10070018,hymnals
https://hdl.handle.net/20.500.11840/termmaster10058023,Bressaucourt,https://hdl.handle.net/20.500.11840/termmaster10058018,
https://hdl.handle.net/20.500.11840/termmaster10076849,Adzera,https://hdl.handle.net/20.500.11840/termmaster10076843,Atzera | Kaiapit
https://hdl.handle.net/20.500.11840/termmaster10069004,faience,https://hdl.handle.net/20.500.11840/termmaster10069002,faience (earthenware)
https://hdl.handle.net/20.500.11840/termmaster10069600,ceremoniële kleding,https://hdl.handle.net/20.500.11840/termmaster10069572,ceremonial costume | staatsiekleden | staatsiekleding
https://hdl.handle.net/20.500.11840/termmaster10063937,Calicut,https://hdl.handle.net/20.500.11840/termmaster10063926,
https://hdl.handle.net/20.500.11840/termmaster10060139,Cooma,https://hdl.handle.net/20.500.11840/termmaster10060134,
https://hdl.handle.net/20.500.11840/termmaster10062257,Gorontalo Utara (regentschap),https://hdl.handle.net/20.500.11840/termmaster10062253,Gorontalo Utara (kabupaten) | Gorontalo Utara (regency)
https://hdl.handle.net/20.500.11840/termmaster10054357,Tidikelt,https://hdl.handle.net/20.500.11840/termmaster10054356,
https://hdl.handle.net/20.500.11840/termmaster10061191,Papua (Indonesië),https://hdl.handle.net/20.500.11840/termmaster10061190,Irian Jaya | Nederlands Nieuw Guinea | Nederlandsch Nieuw-Guinea | Papoea | Papua (Indonesia)
https://hdl.handle.net/20.500.11840/termmaster10076943,Papua -culturen: midden Centrale Bergland,https://hdl.handle.net/20.500.11840/termmaster10076931,Papua cultures: middle central mountains
https://hdl.handle.net/20.500.11840/termmaster10055704,Winterswijk,https://hdl.handle.net/20.500.11840/termmaster10055671,
https://hdl.handle.net/20.500.11840/termmaster10059743,Mishongnovi,https://hdl.handle.net/20.500.11840/termmaster10059734,Moshongnave
https://hdl.handle.net/20.500.11840/termmaster10064529,Hays,https://hdl.handle.net/20.500.11840/termmaster10064523,Hais | Haiz
https://hdl.handle.net/20.500.11840/termmaster10079056,het weer en aanverwante verschijnselen,https://hdl.handle.net/20.500.11840/termmaster10048167,weather and related phenomena
https://hdl.handle.net/20.500.11840/termmaster10055850,Clingendael,https://hdl.handle.net/20.500.11840/termmaster10055818,
https://hdl.handle.net/20.500.11840/termmaster10068154,kobans (munten),https://hdl.handle.net/20.500.11840/termmaster10068151,kobans (coins)
https://hdl.handle.net/20.500.11840/termmaster10049731,religieuze processies,https://hdl.handle.net/20.500.11840/termmaster10048341,religious processions
https://hdl.handle.net/20.500.11840/termmaster10069099,elektrometers,https://hdl.handle.net/20.500.11840/termmaster10069094,electrometers | elektrometer
https://hdl.handle.net/20.500.11840/termmaster10066471,dierentuinen,https://hdl.handle.net/20.500.11840/termmaster10066392,zoos
https://hdl.handle.net/20.500.11840/termmaster10049758,politieke manifestaties,https://hdl.handle.net/20.500.11840/termmaster10049777,massabijeenkomsten | political demonstrations
https://hdl.handle.net/20.500.11840/termmaster10071373,smeedtangen,https://hdl.handle.net/20.500.11840/termmaster10071372,flat tongs | smidstangen
https://hdl.handle.net/20.500.11840/termmaster10067959,wapens,https://hdl.handle.net/20.500.11840/termmaster10067942,weapons
https://hdl.handle.net/20.500.11840/termmaster10070917,dreggen,https://hdl.handle.net/20.500.11840/termmaster10070913,treble hooks
https://hdl.handle.net/20.500.11840/termmaster10077945,Rathva,https://hdl.handle.net/20.500.11840/termmaster10077918,
https://hdl.handle.net/20.500.11840/termmaster10055725,Boeschoten,https://hdl.handle.net/20.500.11840/termmaster10055724,
https://hdl.handle.net/20.500.11840/termmaster10071264,waterscheppen,https://hdl.handle.net/20.500.11840/termmaster10071262,water scoops
https://hdl.handle.net/20.500.11840/termmaster10055303,Heilbron,https://hdl.handle.net/20.500.11840/termmaster10055300,
https://hdl.handle.net/20.500.11840/termmaster10063297,Subang (regentschap),https://hdl.handle.net/20.500.11840/termmaster10063208,Subang (kabupaten) | Subang (regency)
https://hdl.handle.net/20.500.11840/termmaster10053937,Ubangi (rivier),https://hdl.handle.net/20.500.11840/termmaster10053927,Mobangi (rivier) | Mubangi (rivier) | Oubangui (rivier) | Ubangi (river)
https://hdl.handle.net/20.500.11840/termmaster10049278,muti,https://hdl.handle.net/20.500.11840/termmaster10049965,
https://hdl.handle.net/20.500.11840/termmaster10061182,Marinduque,https://hdl.handle.net/20.500.11840/termmaster10061128,
https://hdl.handle.net/20.500.11840/termmaster10076752,Bombatana -cultuur,https://hdl.handle.net/20.500.11840/termmaster10076746,Bombatana culture | Choiseul culture | Choiseul cultuur
https://hdl.handle.net/20.500.11840/termmaster10050390,koloniale tentoonstellingen,https://hdl.handle.net/20.500.11840/termmaster10049768,colonial exhibitions
https://hdl.handle.net/20.500.11840/termmaster10058989,Pahuatlán,https://hdl.handle.net/20.500.11840/termmaster10058972,
https://hdl.handle.net/20.500.11840/termmaster10078910,Kalebwe,https://hdl.handle.net/20.500.11840/termmaster10078909,Bekalebwe | Bena Kalebwe | Ikalebwe
https://hdl.handle.net/20.500.11840/termmaster10064823,autotypie (procedé),https://hdl.handle.net/20.500.11840/termmaster10064822,halftoon reliefdruk | relief halftone (photomechanical process)
https://hdl.handle.net/20.500.11840/termmaster10061896,Bandara,https://hdl.handle.net/20.500.11840/termmaster10061894,Bandar
https://hdl.handle.net/20.500.11840/termmaster10067443,beeldhouwwerken,https://hdl.handle.net/20.500.11840/termmaster10067247,sculpture (visual work)
https://hdl.handle.net/20.500.11840/termmaster10071137,stampblokken,https://hdl.handle.net/20.500.11840/termmaster10071136,pounding blocks | wooden mortars
https://hdl.handle.net/20.500.11840/termmaster10077677,Oost-Javaans,https://hdl.handle.net/20.500.11840/termmaster10077659,East Javanese
https://hdl.handle.net/20.500.11840/termmaster10079512,niet cross-link polyethyleen,https://hdl.handle.net/20.500.11840/termmaster10079510,Niet cross-link PE | ethafoam | non-cross-linked polyethylene
https://hdl.handle.net/20.500.11840/termmaster10061497,Tiyo-gebergte,https://hdl.handle.net/20.500.11840/termmaster10061481,Pegunungan Tiyo | Tiyo Mountains
https://hdl.handle.net/20.500.11840/termmaster10063471,Inle,https://hdl.handle.net/20.500.11840/termmaster10063469,
https://hdl.handle.net/20.500.11840/termmaster10049326,afstamming en herkomst,https://hdl.handle.net/20.500.11840/termmaster10049091,descent | voorouders
https://hdl.handle.net/20.500.11840/termmaster10055723,De Eng,https://hdl.handle.net/20.500.11840/termmaster10055722,
https://hdl.handle.net/20.500.11840/termmaster10064248,Denizli,https://hdl.handle.net/20.500.11840/termmaster10064246,
https://hdl.handle.net/20.500.11840/termmaster10060784,Gumma,https://hdl.handle.net/20.500.11840/termmaster10060775,
https://hdl.handle.net/20.500.11840/termmaster10061746,Batu Gajah,https://hdl.handle.net/20.500.11840/termmaster10061742,
https://hdl.handle.net/20.500.11840/termmaster10048774,scheiden en losmaken,https://hdl.handle.net/20.500.11840/termmaster10048773,separating
https://hdl.handle.net/20.500.11840/termmaster10062846,Manipa (eiland),https://hdl.handle.net/20.500.11840/termmaster10062844,Manipa (island) | Pulau Manipa
https://hdl.handle.net/20.500.11840/termmaster10049898,educatief speelgoed,https://hdl.handle.net/20.500.11840/termmaster10049116,educational toys
https://hdl.handle.net/20.500.11840/termmaster10069943,advertenties,https://hdl.handle.net/20.500.11840/termmaster10069934,advertisements
https://hdl.handle.net/20.500.11840/termmaster10062861,Ujir (eiland),https://hdl.handle.net/20.500.11840/termmaster10062852,Pulau Ujir | Ujir (island)
https://hdl.handle.net/20.500.11840/termmaster10060858,Taka-shima,https://hdl.handle.net/20.500.11840/termmaster10060857,
https://hdl.handle.net/20.500.11840/termmaster10057617,Jarnac,https://hdl.handle.net/20.500.11840/termmaster10057615,
https://hdl.handle.net/20.500.11840/termmaster10064505,Saudie-Arabië: regionaal,https://hdl.handle.net/20.500.11840/termmaster10064475,
https://hdl.handle.net/20.500.11840/termmaster10063636,Muong Phine,https://hdl.handle.net/20.500.11840/termmaster10063635,
https://hdl.handle.net/20.500.11840/termmaster10070101,catalogi,https://hdl.handle.net/20.500.11840/termmaster10069980,catalogs
https://hdl.handle.net/20.500.11840/termmaster10067378,glasschilderingen,https://hdl.handle.net/20.500.11840/termmaster10067375,geschilderd glas | painted glass (visual works)
https://hdl.handle.net/20.500.11840/termmaster10078163,Koerdisch,https://hdl.handle.net/20.500.11840/termmaster10078162,Kurdish
https://hdl.handle.net/20.500.11840/termmaster10068042,werpstokken (projectielen),https://hdl.handle.net/20.500.11840/termmaster10068033,throwing-sticks (projectiles) | werphouten (projectielen)
https://hdl.handle.net/20.500.11840/termmaster10076205,Eastern Subarctic,https://hdl.handle.net/20.500.11840/termmaster10076204,Eastern Subarctic Native American styles | oostelijk subarctische inheems Amerikaanse stijlen
https://hdl.handle.net/20.500.11840/termmaster10061155,Ifugao,https://hdl.handle.net/20.500.11840/termmaster10061149,
https://hdl.handle.net/20.500.11840/termmaster10061866,Payakumbuh (stadsgemeente),https://hdl.handle.net/20.500.11840/termmaster10061816,Payakumbuh (kota) | Payakumbuh (municipality)
https://hdl.handle.net/20.500.11840/termmaster10057004,Beuern,https://hdl.handle.net/20.500.11840/termmaster10057003,
https://hdl.handle.net/20.500.11840/termmaster10061261,Inanwatan,https://hdl.handle.net/20.500.11840/termmaster10061259,Bira (Papua Barat)
https://hdl.handle.net/20.500.11840/termmaster10058973,Acatlán (Puebla),https://hdl.handle.net/20.500.11840/termmaster10058972,
https://hdl.handle.net/20.500.11840/termmaster10079320,magie en magisch wereldbeeld,https://hdl.handle.net/20.500.11840/termmaster10079467,
https://hdl.handle.net/20.500.11840/termmaster10070781,plukmanden,https://hdl.handle.net/20.500.11840/termmaster10070778,harvesting baskets | oogstmanden
https://hdl.handle.net/20.500.11840/termmaster10065923,poolkettingweefsel,https://hdl.handle.net/20.500.11840/termmaster10065918,warp pile fabric | warp pile weave | warp-pile fabric | warp-pile weave
https://hdl.handle.net/20.500.11840/termmaster10065858,alpacawol,https://hdl.handle.net/20.500.11840/termmaster10065853,alpaca
https://hdl.handle.net/20.500.11840/termmaster10054105,Lualaba (provincie),https://hdl.handle.net/20.500.11840/termmaster10053986,Lualaba (province)
https://hdl.handle.net/20.500.11840/termmaster10072042,discmans,https://hdl.handle.net/20.500.11840/termmaster10072041,
https://hdl.handle.net/20.500.11840/termmaster10062758,Waru,https://hdl.handle.net/20.500.11840/termmaster10062757,
https://hdl.handle.net/20.500.11840/termmaster10078667,Ngonde,https://hdl.handle.net/20.500.11840/termmaster10078658,Ikingonde | Konde | Nyakyusa-Ngonde | Wangonde
https://hdl.handle.net/20.500.11840/termmaster10055791,Hoog Soerensche Bosschen,https://hdl.handle.net/20.500.11840/termmaster10055671,Soerense Bossen
https://hdl.handle.net/20.500.11840/termmaster10071349,pleisterspanen,https://hdl.handle.net/20.500.11840/termmaster10071348,hawks
https://hdl.handle.net/20.500.11840/termmaster10049772,racisme (discriminatie),https://hdl.handle.net/20.500.11840/termmaster10079482,racism (discrimination) | rassendiscriminatie
https://hdl.handle.net/20.500.11840/termmaster10059266,México (deelstaat),https://hdl.handle.net/20.500.11840/termmaster10058919,Mexico (deelstaat) | México (state)
https://hdl.handle.net/20.500.11840/termmaster10068179,farthings,https://hdl.handle.net/20.500.11840/termmaster10068178,
https://hdl.handle.net/20.500.11840/termmaster10063843,Bishnupur,https://hdl.handle.net/20.500.11840/termmaster10063842,
https://hdl.handle.net/20.500.11840/termmaster10069500,buikdoeken,https://hdl.handle.net/20.500.11840/termmaster10069496,belly cloths | belly scarves | buiksjaals
https://hdl.handle.net/20.500.11840/termmaster10055191,Dendi,https://hdl.handle.net/20.500.11840/termmaster10055190,
https://hdl.handle.net/20.500.11840/termmaster10047946,landbouw,https://hdl.handle.net/20.500.11840/termmaster10047944,agriculture
https://hdl.handle.net/20.500.11840/termmaster10063195,Aer Besar (eiland),https://hdl.handle.net/20.500.11840/termmaster10063193,Aer Besar (island) | Pulau Aer Besar
https://hdl.handle.net/20.500.11840/termmaster10076725,Bidjara,https://hdl.handle.net/20.500.11840/termmaster10076723,Bidyara | Pitjara
https://hdl.handle.net/20.500.11840/termmaster10067645,lantaarns,https://hdl.handle.net/20.500.11840/termmaster10067643,lanterns (lighting devices)
https://hdl.handle.net/20.500.11840/termmaster10076881,Awar,https://hdl.handle.net/20.500.11840/termmaster10076880,
https://hdl.handle.net/20.500.11840/termmaster10077483,Simalur,https://hdl.handle.net/20.500.11840/termmaster10077475,Long Bano | Simeulue | Simulul
https://hdl.handle.net/20.500.11840/termmaster10064745,ineenvlechten,https://hdl.handle.net/20.500.11840/termmaster10064716,ineengevlochten | splicing
https://hdl.handle.net/20.500.11840/termmaster10063902,Kimi,https://hdl.handle.net/20.500.11840/termmaster10063883,
https://hdl.handle.net/20.500.11840/termmaster10071937,tamponeerkwasten,https://hdl.handle.net/20.500.11840/termmaster10071935,stencil brushes | tamponeerborstels
https://hdl.handle.net/20.500.11840/termmaster10063985,Ganjam,https://hdl.handle.net/20.500.11840/termmaster10063982,
https://hdl.handle.net/20.500.11840/termmaster10071880,vergrotingsapparaten,https://hdl.handle.net/20.500.11840/termmaster10071879,enlargers
https://hdl.handle.net/20.500.11840/termmaster10068016,karabijnen,https://hdl.handle.net/20.500.11840/termmaster10068013,carbines
https://hdl.handle.net/20.500.11840/termmaster10064007,Vizianagaram,https://hdl.handle.net/20.500.11840/termmaster10063997,Vizianagram
https://hdl.handle.net/20.500.11840/termmaster10076882,Manam,https://hdl.handle.net/20.500.11840/termmaster10076880,
https://hdl.handle.net/20.500.11840/termmaster10055074,Ouargaye,https://hdl.handle.net/20.500.11840/termmaster10055051,Ouargay
https://hdl.handle.net/20.500.11840/termmaster10065335,pinsbek,https://hdl.handle.net/20.500.11840/termmaster10065327,pinchbeck | soeasa | spinsbek | suasa
https://hdl.handle.net/20.500.11840/termmaster10069912,handboeken,https://hdl.handle.net/20.500.11840/termmaster10069899,manuals (instructional materials)
https://hdl.handle.net/20.500.11840/termmaster10064970,spinnen (machinaal),https://hdl.handle.net/20.500.11840/termmaster10064968,machine spinning
https://hdl.handle.net/20.500.11840/termmaster10054007,Kimpako,https://hdl.handle.net/20.500.11840/termmaster10053998,
https://hdl.handle.net/20.500.11840/termmaster10057199,Blankenburg,https://hdl.handle.net/20.500.11840/termmaster10057191,
https://hdl.handle.net/20.500.11840/termmaster10078666,Mwera,https://hdl.handle.net/20.500.11840/termmaster10078658,Mwere | Mweri
https://hdl.handle.net/20.500.11840/termmaster10079454,insteekalbums,https://hdl.handle.net/20.500.11840/termmaster10070158,pocket photo album
https://hdl.handle.net/20.500.11840/termmaster10060309,Cape Liguan,https://hdl.handle.net/20.500.11840/termmaster10060301,
https://hdl.handle.net/20.500.11840/termmaster10077455,Gayo-Lues,https://hdl.handle.net/20.500.11840/termmaster10077453,
https://hdl.handle.net/20.500.11840/termmaster10065975,PE-papier,https://hdl.handle.net/20.500.11840/termmaster10065973,polyethylene paper
https://hdl.handle.net/20.500.11840/termmaster10071394,messen: houtbewerkingsgereedschap,https://hdl.handle.net/20.500.11840/termmaster10071393,knives: woodworking tools
https://hdl.handle.net/20.500.11840/termmaster10076879,Sepik-culturen -noordkust oost,https://hdl.handle.net/20.500.11840/termmaster10076860,Sepik cultures: eastern north coast
https://hdl.handle.net/20.500.11840/termmaster10068337,oppervlaktevaartuigen,https://hdl.handle.net/20.500.11840/termmaster10068336,surface craft
https://hdl.handle.net/20.500.11840/termmaster10067956,patronen (munitie),https://hdl.handle.net/20.500.11840/termmaster10067952,cartridges
https://hdl.handle.net/20.500.11840/termmaster10062693,Halmahera (eiland),https://hdl.handle.net/20.500.11840/termmaster10062684,Halmahera (island)
https://hdl.handle.net/20.500.11840/termmaster10069770,brevieren,https://hdl.handle.net/20.500.11840/termmaster10069768,breviaries
https://hdl.handle.net/20.500.11840/termmaster10062699,Jailolo (gebied),https://hdl.handle.net/20.500.11840/termmaster10062698,Jailolo Area
https://hdl.handle.net/20.500.11840/termmaster10048390,eerste communie,https://hdl.handle.net/20.500.11840/termmaster10048385,First Communion
https://hdl.handle.net/20.500.11840/termmaster10058174,Albina,https://hdl.handle.net/20.500.11840/termmaster10058172,
https://hdl.handle.net/20.500.11840/termmaster10054820,Bankim,https://hdl.handle.net/20.500.11840/termmaster10054795,
https://hdl.handle.net/20.500.11840/termmaster10058415,Andes (Peru),https://hdl.handle.net/20.500.11840/termmaster10058412,Andes peruanos | La Sierra peruana | Peru: Andes | Peru: highlands | Peru: hoogland
https://hdl.handle.net/20.500.11840/termmaster10066458,industriële complexen,https://hdl.handle.net/20.500.11840/termmaster10066893,fabriekscomplexen | industrial complexes
https://hdl.handle.net/20.500.11840/termmaster10076097,Timbira,https://hdl.handle.net/20.500.11840/termmaster10076091,
https://hdl.handle.net/20.500.11840/termmaster10077550,Tonsea,https://hdl.handle.net/20.500.11840/termmaster10077538,Tonsea'
https://hdl.handle.net/20.500.11840/termmaster10065773,schedel,https://hdl.handle.net/20.500.11840/termmaster10065768,skull (skeleton component)
https://hdl.handle.net/20.500.11840/termmaster10058173,Galibi,https://hdl.handle.net/20.500.11840/termmaster10058172,
https://hdl.handle.net/20.500.11840/termmaster10077207,Takatori,https://hdl.handle.net/20.500.11840/termmaster10077206,
https://hdl.handle.net/20.500.11840/termmaster10060663,Rennell,https://hdl.handle.net/20.500.11840/termmaster10060659,
https://hdl.handle.net/20.500.11840/termmaster10078790,Bali (Lega regio),https://hdl.handle.net/20.500.11840/termmaster10078773,Baali | Kibala | Kibali | Libaali
https://hdl.handle.net/20.500.11840/termmaster10075914,empirestijl,https://hdl.handle.net/20.500.11840/termmaster10075913,Empire (style)
https://hdl.handle.net/20.500.11840/termmaster10062956,Blitar (regentschap),https://hdl.handle.net/20.500.11840/termmaster10062879,Biltar (kabupaten) | Biltar (regency)
https://hdl.handle.net/20.500.11840/termmaster10071707,machinehamers,https://hdl.handle.net/20.500.11840/termmaster10071704,power hammers
https://hdl.handle.net/20.500.11840/termmaster10064974,weeftechnieken: patroonvorming (textiel),https://hdl.handle.net/20.500.11840/termmaster10064971,textile weaving techniques: patterning
https://hdl.handle.net/20.500.11840/termmaster10055288,Vryburg,https://hdl.handle.net/20.500.11840/termmaster10055282,
https://hdl.handle.net/20.500.11840/termmaster10048601,opslag en verwijdering van lichaamsvloeistoffen en uitscheidingen,https://hdl.handle.net/20.500.11840/termmaster10048590,070101 | excrement disposal | opslag en verwijdering van menselijke uitwerpselen
https://hdl.handle.net/20.500.11840/termmaster10049013,massacommunicatie,https://hdl.handle.net/20.500.11840/termmaster10048819,beïnvloeden van gedrag | massacommunicatie | public communication
https://hdl.handle.net/20.500.11840/termmaster10068490,damschijven,https://hdl.handle.net/20.500.11840/termmaster10068481,checkers (game pieces)
https://hdl.handle.net/20.500.11840/termmaster10078267,Xhosa,https://hdl.handle.net/20.500.11840/termmaster10078264,Amakosa | Amaxosa | Xosa
https://hdl.handle.net/20.500.11840/termmaster10068839,harnassen,https://hdl.handle.net/20.500.11840/termmaster10068838,armors
https://hdl.handle.net/20.500.11840/termmaster10069089,balansen (meetinstrumenten),https://hdl.handle.net/20.500.11840/termmaster10069088,balances (scales)
https://hdl.handle.net/20.500.11840/termmaster10049902,slagwapens en accessoires,https://hdl.handle.net/20.500.11840/termmaster10048908,percussive weapons and accessories
https://hdl.handle.net/20.500.11840/termmaster10057220,Wismar,https://hdl.handle.net/20.500.11840/termmaster10057218,
https://hdl.handle.net/20.500.11840/termmaster10054967,Monrovia,https://hdl.handle.net/20.500.11840/termmaster10054966,
https://hdl.handle.net/20.500.11840/termmaster10063463,Zuidooster-eilanden,https://hdl.handle.net/20.500.11840/termmaster10063459,Southeastern Islands
https://hdl.handle.net/20.500.11840/termmaster10054563,Cape Bon,https://hdl.handle.net/20.500.11840/termmaster10054560,Ras Addar
https://hdl.handle.net/20.500.11840/termmaster10069521,doopjurken,https://hdl.handle.net/20.500.11840/termmaster10069520,christening gowns
https://hdl.handle.net/20.500.11840/termmaster10058884,San Pedro Soloma,https://hdl.handle.net/20.500.11840/termmaster10058825,
https://hdl.handle.net/20.500.11840/termmaster10059138,Choapan,https://hdl.handle.net/20.500.11840/termmaster10059119,
https://hdl.handle.net/20.500.11840/termmaster10056910,Rees,https://hdl.handle.net/20.500.11840/termmaster10056899,
https://hdl.handle.net/20.500.11840/termmaster10060141,Sydney,https://hdl.handle.net/20.500.11840/termmaster10060134,
https://hdl.handle.net/20.500.11840/termmaster10057622,Fontmaure,https://hdl.handle.net/20.500.11840/termmaster10057621,
https://hdl.handle.net/20.500.11840/termmaster10056499,Charmouth,https://hdl.handle.net/20.500.11840/termmaster10056498,
https://hdl.handle.net/20.500.11840/termmaster10057161,Vöhrenbach,https://hdl.handle.net/20.500.11840/termmaster10057107,
https://hdl.handle.net/20.500.11840/termmaster10076675,Jaru,https://hdl.handle.net/20.500.11840/termmaster10076674,Djaru
https://hdl.handle.net/20.500.11840/termmaster10059699,Alaska,https://hdl.handle.net/20.500.11840/termmaster10059451,
https://hdl.handle.net/20.500.11840/termmaster10077503,Bengkulu-stad,https://hdl.handle.net/20.500.11840/termmaster10077498,Bengkulu City culture
https://hdl.handle.net/20.500.11840/termmaster10069402,pruiken,https://hdl.handle.net/20.500.11840/termmaster10069384,kralenpruiken | wigs
https://hdl.handle.net/20.500.11840/termmaster10059025,Acatzingo,https://hdl.handle.net/20.500.11840/termmaster10058972,
https://hdl.handle.net/20.500.11840/termmaster10075964,Entsi,https://hdl.handle.net/20.500.11840/termmaster10075963,
https://hdl.handle.net/20.500.11840/termmaster10058119,Gran Rio (rivier),https://hdl.handle.net/20.500.11840/termmaster10058104,Gran Rio (river)
https://hdl.handle.net/20.500.11840/termmaster10057128,Römerstein,https://hdl.handle.net/20.500.11840/termmaster10057124,
https://hdl.handle.net/20.500.11840/termmaster10049912,podia en paradeplaatsen,https://hdl.handle.net/20.500.11840/termmaster10049915,stages and parade grounds
https://hdl.handle.net/20.500.11840/termmaster10058715,Puerto Rico,https://hdl.handle.net/20.500.11840/termmaster10058694,PRI  | Porto Rico
https://hdl.handle.net/20.500.11840/termmaster10060455,Kaileuna-eiland,https://hdl.handle.net/20.500.11840/termmaster10060436,Kaileuna Island | Kayleuna (eiland)
https://hdl.handle.net/20.500.11840/termmaster10061026,Wuhan,https://hdl.handle.net/20.500.11840/termmaster10061025,
https://hdl.handle.net/20.500.11840/termmaster10070764,kopalbranders,https://hdl.handle.net/20.500.11840/termmaster10070762,
https://hdl.handle.net/20.500.11840/termmaster10060563,Kalabu,https://hdl.handle.net/20.500.11840/termmaster10060558,
https://hdl.handle.net/20.500.11840/termmaster10055930,Ter Heijde,https://hdl.handle.net/20.500.11840/termmaster10055808,
https://hdl.handle.net/20.500.11840/termmaster10068581,puzzels,https://hdl.handle.net/20.500.11840/termmaster10068519,puzzles
https://hdl.handle.net/20.500.11840/termmaster10063845,Kali Ghat,https://hdl.handle.net/20.500.11840/termmaster10063844,Kalighat
https://hdl.handle.net/20.500.11840/termmaster10049036,plattegronden en bouwkundige tekeningen,https://hdl.handle.net/20.500.11840/termmaster10049034,area or floor plans
https://hdl.handle.net/20.500.11840/termmaster10050116,kennis en verwerving van kennis,https://hdl.handle.net/20.500.11840/termmaster10048290,cognitie | cognition | vergaren van kennis
https://hdl.handle.net/20.500.11840/termmaster10055290,Rawsonville,https://hdl.handle.net/20.500.11840/termmaster10055333,
https://hdl.handle.net/20.500.11840/termmaster10071007,tabakspijpen,https://hdl.handle.net/20.500.11840/termmaster10071006,tobacco pipes
https://hdl.handle.net/20.500.11840/termmaster10047743,mate van sociale verbondenheid,https://hdl.handle.net/20.500.11840/termmaster10047736,degree of social connectedness | sociaal kapitaal
https://hdl.handle.net/20.500.11840/termmaster10076783,West-Nakanai,https://hdl.handle.net/20.500.11840/termmaster10076780,
https://hdl.handle.net/20.500.11840/termmaster10048274,"ruilen, handel en dienstverlening",https://hdl.handle.net/20.500.11840/termmaster10048267,"barter, trade and services"
https://hdl.handle.net/20.500.11840/termmaster10057366,Verona,https://hdl.handle.net/20.500.11840/termmaster10057365,
https://hdl.handle.net/20.500.11840/termmaster10064418,Jolfa (Esfahan),https://hdl.handle.net/20.500.11840/termmaster10064414,
https://hdl.handle.net/20.500.11840/termmaster10067738,meubilair,https://hdl.handle.net/20.500.11840/termmaster10067539,furniture
https://hdl.handle.net/20.500.11840/termmaster10077298,Jingtai,https://hdl.handle.net/20.500.11840/termmaster10077291,
https://hdl.handle.net/20.500.11840/termmaster10079103,bemiddelen,https://hdl.handle.net/20.500.11840/termmaster10049075,bemiddeling | mediating
https://hdl.handle.net/20.500.11840/termmaster10078474,Koro,https://hdl.handle.net/20.500.11840/termmaster10078465,Korro
https://hdl.handle.net/20.500.11840/termmaster10076700,Yanyuwa,https://hdl.handle.net/20.500.11840/termmaster10076699,Janjula | Yanuwa
https://hdl.handle.net/20.500.11840/termmaster10068074,vingermessen,https://hdl.handle.net/20.500.11840/termmaster10068073,finger knives
https://hdl.handle.net/20.500.11840/termmaster10056535,Shropshire,https://hdl.handle.net/20.500.11840/termmaster10056471,
https://hdl.handle.net/20.500.11840/termmaster10064379,Lar,https://hdl.handle.net/20.500.11840/termmaster10064377,
https://hdl.handle.net/20.500.11840/termmaster10070726,houders voor tabak,https://hdl.handle.net/20.500.11840/termmaster10070713,containers for tobacco
https://hdl.handle.net/20.500.11840/termmaster10058479,Chaclacayo,https://hdl.handle.net/20.500.11840/termmaster10058476,
https://hdl.handle.net/20.500.11840/termmaster10071943,wrijfstenen (kunstenaarsgereedschap),https://hdl.handle.net/20.500.11840/termmaster10071941,mullers (ink and paint preparation tools)
https://hdl.handle.net/20.500.11840/termmaster10076304,Taos,https://hdl.handle.net/20.500.11840/termmaster10076299,Taos Pueblo
https://hdl.handle.net/20.500.11840/termmaster10069372,krisgordels,https://hdl.handle.net/20.500.11840/termmaster10069371,kris belts
https://hdl.handle.net/20.500.11840/termmaster10067419,kindertekeningen,https://hdl.handle.net/20.500.11840/termmaster10067418,children's drawings
https://hdl.handle.net/20.500.11840/termmaster10049671,sirih en accessoires,https://hdl.handle.net/20.500.11840/termmaster10049669,sirih and accessories | sirih-gereedschap
https://hdl.handle.net/20.500.11840/termmaster10070988,sleutelhangers,https://hdl.handle.net/20.500.11840/termmaster10070987,key fobs | key hangers
https://hdl.handle.net/20.500.11840/termmaster10071164,roerlepels,https://hdl.handle.net/20.500.11840/termmaster10071155,pollepels | stirrers
https://hdl.handle.net/20.500.11840/termmaster10064100,Kuhistoni Badakhshon,https://hdl.handle.net/20.500.11840/termmaster10064098,Badakshan | Gorno-Badakhshanskaya
https://hdl.handle.net/20.500.11840/termmaster10063388,Sukasada,https://hdl.handle.net/20.500.11840/termmaster10063378,
https://hdl.handle.net/20.500.11840/termmaster10063939,Panjal,https://hdl.handle.net/20.500.11840/termmaster10063926,
https://hdl.handle.net/20.500.11840/termmaster10072000,nietmachines,https://hdl.handle.net/20.500.11840/termmaster10071997,nietmachine | staplers (fastening equipment)
https://hdl.handle.net/20.500.11840/termmaster10079562,zacht polyurethaan ester (PUR-ester),https://hdl.handle.net/20.500.11840/termmaster10079561,PESTUR | PUR-AU | PUR-ester (zacht polyurethaan ester) | polyesterurethaan | soft polyurethane ester (PUR-ester)
https://hdl.handle.net/20.500.11840/termmaster10054630,Awasa,https://hdl.handle.net/20.500.11840/termmaster10054629,Awassa | Hawassa
https://hdl.handle.net/20.500.11840/termmaster10065237,koolhydraat,https://hdl.handle.net/20.500.11840/termmaster10065158,carbohydrate
https://hdl.handle.net/20.500.11840/termmaster10078214,Aushi,https://hdl.handle.net/20.500.11840/termmaster10078213,Baushi | Mwaushi | Ushi
https://hdl.handle.net/20.500.11840/termmaster10070875,kerstballen,https://hdl.handle.net/20.500.11840/termmaster10070874,Christmas baubles | kerstboomballen
https://hdl.handle.net/20.500.11840/termmaster10056124,Darthuizen,https://hdl.handle.net/20.500.11840/termmaster10056110,
https://hdl.handle.net/20.500.11840/termmaster10062015,Rokan Hulu (regentschap),https://hdl.handle.net/20.500.11840/termmaster10061996,Rokan Hulu (kabupaten) | Rokan Hulu (regency)
https://hdl.handle.net/20.500.11840/termmaster10065439,citrien,https://hdl.handle.net/20.500.11840/termmaster10065430,citrine | gele kwarts | topaz quartz
https://hdl.handle.net/20.500.11840/termmaster10068464,vliegtuigen met vaste vleugels,https://hdl.handle.net/20.500.11840/termmaster10068463,fixed-wing aircraft
https://hdl.handle.net/20.500.11840/termmaster10054349,Blida (plaats),https://hdl.handle.net/20.500.11840/termmaster10054348,Blida (populated place) | El Boulaïda (plaats)
https://hdl.handle.net/20.500.11840/termmaster10071479,borstbomen,https://hdl.handle.net/20.500.11840/termmaster10071478,breast beams
https://hdl.handle.net/20.500.11840/termmaster10055714,Needse berg,https://hdl.handle.net/20.500.11840/termmaster10055671,
https://hdl.handle.net/20.500.11840/termmaster10070288,kratten,https://hdl.handle.net/20.500.11840/termmaster10070287,crates
https://hdl.handle.net/20.500.11840/termmaster10060747,Losap,https://hdl.handle.net/20.500.11840/termmaster10060745,
https://hdl.handle.net/20.500.11840/termmaster10065862,dierenhaar,https://hdl.handle.net/20.500.11840/termmaster10065860,animal hair
https://hdl.handle.net/20.500.11840/termmaster10058184,Brownsweg,https://hdl.handle.net/20.500.11840/termmaster10058183,Bronsweg
https://hdl.handle.net/20.500.11840/termmaster10063141,Cilacap,https://hdl.handle.net/20.500.11840/termmaster10063136,
https://hdl.handle.net/20.500.11840/termmaster10057172,Altenburg,https://hdl.handle.net/20.500.11840/termmaster10057171,
https://hdl.handle.net/20.500.11840/termmaster10055244,Chikenge,https://hdl.handle.net/20.500.11840/termmaster10055233,
https://hdl.handle.net/20.500.11840/termmaster10062565,Sekadau (regentschap),https://hdl.handle.net/20.500.11840/termmaster10062520,Sekadau (kabupaten) | Sekadau (regency)
https://hdl.handle.net/20.500.11840/termmaster10049836,kunstgenres,https://hdl.handle.net/20.500.11840/termmaster10049828,art genres
https://hdl.handle.net/20.500.11840/termmaster10068178,pennymunten,https://hdl.handle.net/20.500.11840/termmaster10068160,penny coins
https://hdl.handle.net/20.500.11840/termmaster10055605,Oudeschild,https://hdl.handle.net/20.500.11840/termmaster10055601,
https://hdl.handle.net/20.500.11840/termmaster10070061,kaartboeken,https://hdl.handle.net/20.500.11840/termmaster10070031,map books
https://hdl.handle.net/20.500.11840/termmaster10048091,kleding en accessoires van gehuwde personen,https://hdl.handle.net/20.500.11840/termmaster10048089,clothes and accessories of married persons
https://hdl.handle.net/20.500.11840/termmaster10076485,Precolumbiaans Panama: stijlen en perioden,https://hdl.handle.net/20.500.11840/termmaster10076475,Pre-Columbian Panamanian styles and periods | Precolumbiaanse Panamese stijlen en perioden
https://hdl.handle.net/20.500.11840/termmaster10060318,Möwehafen,https://hdl.handle.net/20.500.11840/termmaster10060313,
https://hdl.handle.net/20.500.11840/termmaster10077679,Bawean,https://hdl.handle.net/20.500.11840/termmaster10077677,Babian | Orang Babian
https://hdl.handle.net/20.500.11840/termmaster10063469,Myanmar,https://hdl.handle.net/20.500.11840/termmaster10063468,Birma | Burma | MMR 
https://hdl.handle.net/20.500.11840/termmaster10066414,moestuinen,https://hdl.handle.net/20.500.11840/termmaster10066413,kitchen gardens
https://hdl.handle.net/20.500.11840/termmaster10067323,gemanipuleerde foto's,https://hdl.handle.net/20.500.11840/termmaster10067322,manipulated photographs
https://hdl.handle.net/20.500.11840/termmaster10069319,armbedekking,https://hdl.handle.net/20.500.11840/termmaster10069318,arm covers
https://hdl.handle.net/20.500.11840/termmaster10065078,inkepen,https://hdl.handle.net/20.500.11840/termmaster10065077,kerfing
https://hdl.handle.net/20.500.11840/termmaster10069651,doodshoofdmaskers,https://hdl.handle.net/20.500.11840/termmaster10069627,
https://hdl.handle.net/20.500.11840/termmaster10055556,Dovrefjell,https://hdl.handle.net/20.500.11840/termmaster10055555,
https://hdl.handle.net/20.500.11840/termmaster10067468,netsuke,https://hdl.handle.net/20.500.11840/termmaster10067460,gordelknopen | netsuke's | netsukes
https://hdl.handle.net/20.500.11840/termmaster10067212,religieus beeldmateriaal,https://hdl.handle.net/20.500.11840/termmaster10067205,religious visual works
https://hdl.handle.net/20.500.11840/termmaster10057353,Piemonte,https://hdl.handle.net/20.500.11840/termmaster10057345,
https://hdl.handle.net/20.500.11840/termmaster10057790,Severoceský,https://hdl.handle.net/20.500.11840/termmaster10057781,
https://hdl.handle.net/20.500.11840/termmaster10065987,karton,https://hdl.handle.net/20.500.11840/termmaster10065986,cardboard | cardstock | paper board | paperboard
https://hdl.handle.net/20.500.11840/termmaster10076669,Arnhem Land regio,https://hdl.handle.net/20.500.11840/termmaster10076668,Arnhem Land | Arnhemland
https://hdl.handle.net/20.500.11840/termmaster10064615,Abu Dhabi (emiraat),https://hdl.handle.net/20.500.11840/termmaster10064612,Abu Dhabi (emirate)
https://hdl.handle.net/20.500.11840/termmaster10063773,Molela,https://hdl.handle.net/20.500.11840/termmaster10063759,
https://hdl.handle.net/20.500.11840/termmaster10054886,Wa,https://hdl.handle.net/20.500.11840/termmaster10054875,
https://hdl.handle.net/20.500.11840/termmaster10063646,Patan (Nepal),https://hdl.handle.net/20.500.11840/termmaster10063639,
https://hdl.handle.net/20.500.11840/termmaster10075904,stijlen uit de volksverhuizingstijd,https://hdl.handle.net/20.500.11840/termmaster10075903,Migration period styles
https://hdl.handle.net/20.500.11840/termmaster10060589,Kanduanum,https://hdl.handle.net/20.500.11840/termmaster10060520,
https://hdl.handle.net/20.500.11840/termmaster10070615,pennenkokers,https://hdl.handle.net/20.500.11840/termmaster10070614,pen cylinders
https://hdl.handle.net/20.500.11840/termmaster10062313,Sidenreng-meer,https://hdl.handle.net/20.500.11840/termmaster10062312,Danau Sidenreng | Lake Sidenreng
https://hdl.handle.net/20.500.11840/termmaster10063201,Merapi (berg),https://hdl.handle.net/20.500.11840/termmaster10063199,Gunung Merapi | Mount Merapi
https://hdl.handle.net/20.500.11840/termmaster10069296,borstsieraden,https://hdl.handle.net/20.500.11840/termmaster10069293,breast jewelry
https://hdl.handle.net/20.500.11840/termmaster10062030,Banda Aceh (stadsgemeente),https://hdl.handle.net/20.500.11840/termmaster10062019,Banda Aceh (kota) | Banda Aceh (municipality) | Koetaradja | Kotaradja
https://hdl.handle.net/20.500.11840/termmaster10058385,Saint Laurent,https://hdl.handle.net/20.500.11840/termmaster10058384,Saint Laurent du Maroni
https://hdl.handle.net/20.500.11840/termmaster10075993,Inheems Amerikaans,https://hdl.handle.net/20.500.11840/termmaster10075983,Native American
https://hdl.handle.net/20.500.11840/termmaster10055048,Noord-Togo,https://hdl.handle.net/20.500.11840/termmaster10055045,Northern Togo | Togo: noord | Togo: north
https://hdl.handle.net/20.500.11840/termmaster10062284,Gowa (regentschap),https://hdl.handle.net/20.500.11840/termmaster10062270,Gowa (kabupaten) | Gowa (regency)
https://hdl.handle.net/20.500.11840/termmaster10075946,Kivallirmiut,https://hdl.handle.net/20.500.11840/termmaster10075944,Caribou Inuit
https://hdl.handle.net/20.500.11840/termmaster10077142,Nambokucho,https://hdl.handle.net/20.500.11840/termmaster10077140,
https://hdl.handle.net/20.500.11840/termmaster10059257,Santa Catarina,https://hdl.handle.net/20.500.11840/termmaster10059248,
https://hdl.handle.net/20.500.11840/termmaster10059032,Apizaco,https://hdl.handle.net/20.500.11840/termmaster10058972,
https://hdl.handle.net/20.500.11840/termmaster10055565,Uhlu,https://hdl.handle.net/20.500.11840/termmaster10055563,
https://hdl.handle.net/20.500.11840/termmaster10066860,kermisattracties,https://hdl.handle.net/20.500.11840/termmaster10066859,amusement rides
https://hdl.handle.net/20.500.11840/termmaster10078477,Mbula,https://hdl.handle.net/20.500.11840/termmaster10078465,Bula | Bulla | M'bula | M'bulla
https://hdl.handle.net/20.500.11840/termmaster10065121,bakken op hoge temperatuur,https://hdl.handle.net/20.500.11840/termmaster10065120,high firing
https://hdl.handle.net/20.500.11840/termmaster10057865,Kiev,https://hdl.handle.net/20.500.11840/termmaster10057859,
https://hdl.handle.net/20.500.11840/termmaster10059493,Centrale Plains,https://hdl.handle.net/20.500.11840/termmaster10059489,Central Plains | Plains: central
https://hdl.handle.net/20.500.11840/termmaster10070230,wimpels,https://hdl.handle.net/20.500.11840/termmaster10070229,pennants
https://hdl.handle.net/20.500.11840/termmaster10068005,geschut naar functie,https://hdl.handle.net/20.500.11840/termmaster10068002,artillery by function
https://hdl.handle.net/20.500.11840/termmaster10059459,Oregon,https://hdl.handle.net/20.500.11840/termmaster10059451,
https://hdl.handle.net/20.500.11840/termmaster10047938,visserij met wapens,https://hdl.handle.net/20.500.11840/termmaster10047935,010205 | fishing with weapons
https://hdl.handle.net/20.500.11840/termmaster10056445,Marken,https://hdl.handle.net/20.500.11840/termmaster10056442,
https://hdl.handle.net/20.500.11840/termmaster10077461,Oostkust Sumatera,https://hdl.handle.net/20.500.11840/termmaster10077459,Eastern coast of Sumatra
https://hdl.handle.net/20.500.11840/termmaster10048756,specerijen,https://hdl.handle.net/20.500.11840/termmaster10048754,spices
https://hdl.handle.net/20.500.11840/termmaster10076389,Bahía,https://hdl.handle.net/20.500.11840/termmaster10076388,Bahia
https://hdl.handle.net/20.500.11840/termmaster10061515,Masin,https://hdl.handle.net/20.500.11840/termmaster10061507,Massin
https://hdl.handle.net/20.500.11840/termmaster10055213,Dakar,https://hdl.handle.net/20.500.11840/termmaster10055212,
https://hdl.handle.net/20.500.11840/termmaster10054648,Abaya-meer,https://hdl.handle.net/20.500.11840/termmaster10054645,Abaya Hayk' | Lake Abaya | Margherita-meer
https://hdl.handle.net/20.500.11840/termmaster10048340,Ramayana,https://hdl.handle.net/20.500.11840/termmaster10048338,
https://hdl.handle.net/20.500.11840/termmaster10057523,Saône-et-Loire,https://hdl.handle.net/20.500.11840/termmaster10057522,
https://hdl.handle.net/20.500.11840/termmaster10059616,Newark,https://hdl.handle.net/20.500.11840/termmaster10059610,
https://hdl.handle.net/20.500.11840/termmaster10055536,Rogaland,https://hdl.handle.net/20.500.11840/termmaster10055525,
https://hdl.handle.net/20.500.11840/termmaster10059165,Yalalag,https://hdl.handle.net/20.500.11840/termmaster10059119,
https://hdl.handle.net/20.500.11840/termmaster10064374,Tabriz,https://hdl.handle.net/20.500.11840/termmaster10064372,Tauris | Tebriz
https://hdl.handle.net/20.500.11840/termmaster10054882,Kumasi,https://hdl.handle.net/20.500.11840/termmaster10054875,
https://hdl.handle.net/20.500.11840/termmaster10049311,schriften en tekens,https://hdl.handle.net/20.500.11840/termmaster10049310,schrift | scripts and characters | tekens
https://hdl.handle.net/20.500.11840/termmaster10069097,oscillografen,https://hdl.handle.net/20.500.11840/termmaster10069094,oscillograaf | oscillographs
https://hdl.handle.net/20.500.11840/termmaster10061539,Borem,https://hdl.handle.net/20.500.11840/termmaster10061525,
https://hdl.handle.net/20.500.11840/termmaster10061577,Cemara (rivier),https://hdl.handle.net/20.500.11840/termmaster10061555,Cemara (river) | Tjemara (rivier)
https://hdl.handle.net/20.500.11840/termmaster10048488,zitten,https://hdl.handle.net/20.500.11840/termmaster10048487,aan tafel zitten | ergens aan zitten | sitting
https://hdl.handle.net/20.500.11840/termmaster10065558,brandstof,https://hdl.handle.net/20.500.11840/termmaster10065494,fuel
https://hdl.handle.net/20.500.11840/termmaster10054385,Marokko,https://hdl.handle.net/20.500.11840/termmaster10054309,MAR  | Morocco
https://hdl.handle.net/20.500.11840/termmaster10057789,Broumov,https://hdl.handle.net/20.500.11840/termmaster10057788,
https://hdl.handle.net/20.500.11840/termmaster10057549,Haute-Saône,https://hdl.handle.net/20.500.11840/termmaster10057542,
https://hdl.handle.net/20.500.11840/termmaster10066885,graftomben naar vorm,https://hdl.handle.net/20.500.11840/termmaster10066884,tombs by form
https://hdl.handle.net/20.500.11840/termmaster10070992,uitrusting voor persoonlijk gebruik: lichaamsversiering en -bewerking en mutilatie,https://hdl.handle.net/20.500.11840/termmaster10070985,"equipment for personal use: body decoration, modification and mutilation"
https://hdl.handle.net/20.500.11840/termmaster10057189,Thüringerwald,https://hdl.handle.net/20.500.11840/termmaster10057171,
https://hdl.handle.net/20.500.11840/termmaster10079147,street art,https://hdl.handle.net/20.500.11840/termmaster10079146,straatkunst
https://hdl.handle.net/20.500.11840/termmaster10068769,vervoerssystemen,https://hdl.handle.net/20.500.11840/termmaster10068758,transit systems
https://hdl.handle.net/20.500.11840/termmaster10059446,Rocky Mountains,https://hdl.handle.net/20.500.11840/termmaster10059439,
https://hdl.handle.net/20.500.11840/termmaster10062979,Mojowarno,https://hdl.handle.net/20.500.11840/termmaster10062977,Modjowarno
https://hdl.handle.net/20.500.11840/termmaster10076500,Vroeg Pre-Klassiek,https://hdl.handle.net/20.500.11840/termmaster10076499,Early Preclassic | vroeg-preklassiek
https://hdl.handle.net/20.500.11840/termmaster10054436,Essaouira,https://hdl.handle.net/20.500.11840/termmaster10054431,Mogador
https://hdl.handle.net/20.500.11840/termmaster10066560,gevellijsten,https://hdl.handle.net/20.500.11840/termmaster10066559,bargeboards | windveren
https://hdl.handle.net/20.500.11840/termmaster10056618,Aberdeen,https://hdl.handle.net/20.500.11840/termmaster10056600,
https://hdl.handle.net/20.500.11840/termmaster10060252,Broome,https://hdl.handle.net/20.500.11840/termmaster10060245,
https://hdl.handle.net/20.500.11840/termmaster10078656,Sukuma,https://hdl.handle.net/20.500.11840/termmaster10078644,Kisukuma
https://hdl.handle.net/20.500.11840/termmaster10076414,Late Tussenperiode,https://hdl.handle.net/20.500.11840/termmaster10076405,Late Intermediate period | Late Overgangstijd
https://hdl.handle.net/20.500.11840/termmaster10059288,Tianguistenco,https://hdl.handle.net/20.500.11840/termmaster10059266,
https://hdl.handle.net/20.500.11840/termmaster10060184,Uluru,https://hdl.handle.net/20.500.11840/termmaster10060172,Ayers Rock
https://hdl.handle.net/20.500.11840/termmaster10065825,staart,https://hdl.handle.net/20.500.11840/termmaster10065824,tails
https://hdl.handle.net/20.500.11840/termmaster10060352,Hermit-eilanden,https://hdl.handle.net/20.500.11840/termmaster10060351,Hermit Islands
https://hdl.handle.net/20.500.11840/termmaster10069162,meetinstrumenten voor het meten van afmeting,https://hdl.handle.net/20.500.11840/termmaster10069160,size measuring: devices
https://hdl.handle.net/20.500.11840/termmaster10069166,ellenmaten,https://hdl.handle.net/20.500.11840/termmaster10069162,ellenstokken
https://hdl.handle.net/20.500.11840/termmaster10065878,schimmels en paddestoelen,https://hdl.handle.net/20.500.11840/termmaster10065603,fungi
https://hdl.handle.net/20.500.11840/termmaster10067258,mozaïeken,https://hdl.handle.net/20.500.11840/termmaster10067247,mosaics (visual works)
https://hdl.handle.net/20.500.11840/termmaster10063011,Sampung,https://hdl.handle.net/20.500.11840/termmaster10063009,Sampoeng
https://hdl.handle.net/20.500.11840/termmaster10048079,kleden en versieren van benen,https://hdl.handle.net/20.500.11840/termmaster10079222,060104 | clothing and adorning one's legs
https://hdl.handle.net/20.500.11840/termmaster10078697,Kodvi,https://hdl.handle.net/20.500.11840/termmaster10078696,
https://hdl.handle.net/20.500.11840/termmaster10056423,Westerbork,https://hdl.handle.net/20.500.11840/termmaster10056387,
https://hdl.handle.net/20.500.11840/termmaster10059609,Browning,https://hdl.handle.net/20.500.11840/termmaster10059607,
https://hdl.handle.net/20.500.11840/termmaster10065739,bladstengel,https://hdl.handle.net/20.500.11840/termmaster10065738,leafstalk
https://hdl.handle.net/20.500.11840/termmaster10078542,Arabisch-sprekende volken van Noord-Afrika,https://hdl.handle.net/20.500.11840/termmaster10078541,Arabic speaking peoples of North Africa | Moren
https://hdl.handle.net/20.500.11840/termmaster10061758,Toba Samosir (regentschap),https://hdl.handle.net/20.500.11840/termmaster10061673,Toba Samosir (regency) | Toba Samsir (kabupaten)
https://hdl.handle.net/20.500.11840/termmaster10058142,Kotilolo-val,https://hdl.handle.net/20.500.11840/termmaster10058104,Kotilolo Soela
https://hdl.handle.net/20.500.11840/termmaster10067680,hanglampen,https://hdl.handle.net/20.500.11840/termmaster10067679,hanging lamps
https://hdl.handle.net/20.500.11840/termmaster10066366,berglandschappen,https://hdl.handle.net/20.500.11840/termmaster10066350,berggezichten (bergen) | gebergtes | mountain ranges
https://hdl.handle.net/20.500.11840/termmaster10076340,Shawnee,https://hdl.handle.net/20.500.11840/termmaster10076330,
https://hdl.handle.net/20.500.11840/termmaster10054087,Kasai,https://hdl.handle.net/20.500.11840/termmaster10053986,
https://hdl.handle.net/20.500.11840/termmaster10076283,White Mountain Apache,https://hdl.handle.net/20.500.11840/termmaster10076281,
https://hdl.handle.net/20.500.11840/termmaster10071248,suikertangen,https://hdl.handle.net/20.500.11840/termmaster10071247,sugar tongs
https://hdl.handle.net/20.500.11840/termmaster10066931,boorconstructies,https://hdl.handle.net/20.500.11840/termmaster10066459,drilling structures
https://hdl.handle.net/20.500.11840/termmaster10060905,Inch'òn,https://hdl.handle.net/20.500.11840/termmaster10060901,Incheon
https://hdl.handle.net/20.500.11840/termmaster10071222,gerei voor het consumeren van voedsel,https://hdl.handle.net/20.500.11840/termmaster10071221,gebruiksvoorwerpen voor het consumeren van voedsel | utensils for consuming food
https://hdl.handle.net/20.500.11840/termmaster10061189,Masbate,https://hdl.handle.net/20.500.11840/termmaster10061188,
https://hdl.handle.net/20.500.11840/termmaster10066367,bergen,https://hdl.handle.net/20.500.11840/termmaster10066366,gebergte | mountains
https://hdl.handle.net/20.500.11840/termmaster10066790,dammen (constructies),https://hdl.handle.net/20.500.11840/termmaster10066781,dams
https://hdl.handle.net/20.500.11840/termmaster10060037,Hiva Oa,https://hdl.handle.net/20.500.11840/termmaster10060035,
https://hdl.handle.net/20.500.11840/termmaster10059684,Duplin,https://hdl.handle.net/20.500.11840/termmaster10059680,Duplin County
https://hdl.handle.net/20.500.11840/termmaster10079109,bereiken van volwassenheid,https://hdl.handle.net/20.500.11840/termmaster10048384,attaining maturity
https://hdl.handle.net/20.500.11840/termmaster10054996,New Calabar,https://hdl.handle.net/20.500.11840/termmaster10054977,
https://hdl.handle.net/20.500.11840/termmaster10065790,tandonderdelen,https://hdl.handle.net/20.500.11840/termmaster10065783,tooth components
https://hdl.handle.net/20.500.11840/termmaster10060322,Waremo,https://hdl.handle.net/20.500.11840/termmaster10060313,
https://hdl.handle.net/20.500.11840/termmaster10067636,scheerspiegels,https://hdl.handle.net/20.500.11840/termmaster10067634,
https://hdl.handle.net/20.500.11840/termmaster10064771,verpakken,https://hdl.handle.net/20.500.11840/termmaster10064747,wrapping (surface covering process)
https://hdl.handle.net/20.500.11840/termmaster10062499,Kefamenanu,https://hdl.handle.net/20.500.11840/termmaster10062498,
https://hdl.handle.net/20.500.11840/termmaster10060539,Maprik,https://hdl.handle.net/20.500.11840/termmaster10060520,
https://hdl.handle.net/20.500.11840/termmaster10077450,Pakpak,https://hdl.handle.net/20.500.11840/termmaster10077446,Batak Dairi | Dairi Batak | Pakpak Dairi
https://hdl.handle.net/20.500.11840/termmaster10060312,Matong,https://hdl.handle.net/20.500.11840/termmaster10060300,
https://hdl.handle.net/20.500.11840/termmaster10062299,Wotu,https://hdl.handle.net/20.500.11840/termmaster10062294,
https://hdl.handle.net/20.500.11840/termmaster10066551,afscheidingen (binnenruimten),https://hdl.handle.net/20.500.11840/termmaster10066544,room dividers
https://hdl.handle.net/20.500.11840/termmaster10066341,rivieren,https://hdl.handle.net/20.500.11840/termmaster10066337,rivers
https://hdl.handle.net/20.500.11840/termmaster10054000,Boma district,https://hdl.handle.net/20.500.11840/termmaster10053998,
https://hdl.handle.net/20.500.11840/termmaster10059897,Toronto,https://hdl.handle.net/20.500.11840/termmaster10059891,
https://hdl.handle.net/20.500.11840/termmaster10078755,Kande,https://hdl.handle.net/20.500.11840/termmaster10078752,Kanda | Okanda
https://hdl.handle.net/20.500.11840/termmaster10055543,Hordaland,https://hdl.handle.net/20.500.11840/termmaster10055525,
https://hdl.handle.net/20.500.11840/termmaster10061305,Witriwai (rivier),https://hdl.handle.net/20.500.11840/termmaster10061304,Witrivai | Witriwaai | Witriwai (river)
https://hdl.handle.net/20.500.11840/termmaster10065905,stof (textiel),https://hdl.handle.net/20.500.11840/termmaster10065896,cloth | fabric | fabrics | laken
https://hdl.handle.net/20.500.11840/termmaster10057088,Burgbrohl,https://hdl.handle.net/20.500.11840/termmaster10057044,
https://hdl.handle.net/20.500.11840/termmaster10079557,expanded polystyreen (EPS),https://hdl.handle.net/20.500.11840/termmaster10065177,Dylite | EPS (expanded polystyreen) | Tempex | expanded polystyrene (EPS) | piepschuim | polystyrol | styrofoam | styropor
https://hdl.handle.net/20.500.11840/termmaster10077019,Yeresiam,https://hdl.handle.net/20.500.11840/termmaster10077005,Beduda | Iresim | Irsam
https://hdl.handle.net/20.500.11840/termmaster10077495,Pasemah,https://hdl.handle.net/20.500.11840/termmaster10077484,Besemah | Passummah | Pasumah
https://hdl.handle.net/20.500.11840/termmaster10065384,baksteen,https://hdl.handle.net/20.500.11840/termmaster10065383,brick
https://hdl.handle.net/20.500.11840/termmaster10059034,Honey,https://hdl.handle.net/20.500.11840/termmaster10058972,
https://hdl.handle.net/20.500.11840/termmaster10062641,Longdeho,https://hdl.handle.net/20.500.11840/termmaster10062636,
https://hdl.handle.net/20.500.11840/termmaster10063091,Surakarta (stadsgemeente),https://hdl.handle.net/20.500.11840/termmaster10063042,Soerakarta | Solo- stad | Surakarta (kota) | Surakarta (municipality)
https://hdl.handle.net/20.500.11840/termmaster10063400,Sukawati,https://hdl.handle.net/20.500.11840/termmaster10063397,
https://hdl.handle.net/20.500.11840/termmaster10056395,Assen,https://hdl.handle.net/20.500.11840/termmaster10056387,
https://hdl.handle.net/20.500.11840/termmaster10067812,wandkasten,https://hdl.handle.net/20.500.11840/termmaster10067800,cupboards | kasten
https://hdl.handle.net/20.500.11840/termmaster10070750,waskommen,https://hdl.handle.net/20.500.11840/termmaster10070745,wasbekkens | washbowls
https://hdl.handle.net/20.500.11840/termmaster10068351,roeren (vaartuigonderdelen),https://hdl.handle.net/20.500.11840/termmaster10068343,rudders
https://hdl.handle.net/20.500.11840/termmaster10061939,Jambi (provincie),https://hdl.handle.net/20.500.11840/termmaster10061672,Djambi | Jambi (province) | Jambi (provinsi)
https://hdl.handle.net/20.500.11840/termmaster10065924,badstof,https://hdl.handle.net/20.500.11840/termmaster10065923,frotteerstof | lussendoek | terry | terry cloth
https://hdl.handle.net/20.500.11840/termmaster10055733,Ganzenheuvel,https://hdl.handle.net/20.500.11840/termmaster10055731,
https://hdl.handle.net/20.500.11840/termmaster10072050,slijp- en maalgereedschap,https://hdl.handle.net/20.500.11840/termmaster10072047,grinding and milling tools
https://hdl.handle.net/20.500.11840/termmaster10056058,Leeuwarden,https://hdl.handle.net/20.500.11840/termmaster10056048,
https://hdl.handle.net/20.500.11840/termmaster10079657,observeren,https://hdl.handle.net/20.500.11840/termmaster10050538,observing
https://hdl.handle.net/20.500.11840/termmaster10065672,padoekhout,https://hdl.handle.net/20.500.11840/termmaster10065671,Pterocarpus indicus | Pterocarpus soyauxii | ambonya-hout | padauk | padouk
https://hdl.handle.net/20.500.11840/termmaster10064976,pilih,https://hdl.handle.net/20.500.11840/termmaster10064975,pilih weaving
https://hdl.handle.net/20.500.11840/termmaster10076083,Chamacoco,https://hdl.handle.net/20.500.11840/termmaster10076077,Ishiro | Ishír | Jeywo | Yshyr | Yshyro
https://hdl.handle.net/20.500.11840/termmaster10076324,Maidu,https://hdl.handle.net/20.500.11840/termmaster10076316,
https://hdl.handle.net/20.500.11840/termmaster10061380,Skomabo,https://hdl.handle.net/20.500.11840/termmaster10061379,Mabo | Seko | Sko Mabo | Skou Mabo | Skouw Mabo
https://hdl.handle.net/20.500.11840/termmaster10067981,projectielwapens,https://hdl.handle.net/20.500.11840/termmaster10067959,projectile weapons
https://hdl.handle.net/20.500.11840/termmaster10061829,Padang-Pariaman (regentschap),https://hdl.handle.net/20.500.11840/termmaster10061816,Padang-Pariaman (kabupaten) | Padang-Pariaman (regency) | Padangpariaman (regency) | Padangpariaman (regentschap)
https://hdl.handle.net/20.500.11840/termmaster10062727,Obi (eiland),https://hdl.handle.net/20.500.11840/termmaster10062725,Obi (island) | Pulau Obi
https://hdl.handle.net/20.500.11840/termmaster10063445,Baturiti,https://hdl.handle.net/20.500.11840/termmaster10063442,Batoeriti
https://hdl.handle.net/20.500.11840/termmaster10054088,Dibaya,https://hdl.handle.net/20.500.11840/termmaster10054087,
https://hdl.handle.net/20.500.11840/termmaster10076697,Wangkajunga,https://hdl.handle.net/20.500.11840/termmaster10076674,Martu Wangka | Wangkajunka
https://hdl.handle.net/20.500.11840/termmaster10067038,postkantoren,https://hdl.handle.net/20.500.11840/termmaster10067034,post offices
https://hdl.handle.net/20.500.11840/termmaster10055061,Ouagadougou,https://hdl.handle.net/20.500.11840/termmaster10055051,
https://hdl.handle.net/20.500.11840/termmaster10078108,Punjabi,https://hdl.handle.net/20.500.11840/termmaster10078096,
https://hdl.handle.net/20.500.11840/termmaster10050372,politieke en economische ideologieën en opvattingen,https://hdl.handle.net/20.500.11840/termmaster10050137,ideology
https://hdl.handle.net/20.500.11840/termmaster10079529,W.I.C. periode,https://hdl.handle.net/20.500.11840/termmaster10076622,
https://hdl.handle.net/20.500.11840/termmaster10070864,uitrusting,https://hdl.handle.net/20.500.11840/termmaster10070852,equipment
https://hdl.handle.net/20.500.11840/termmaster10065146,onbewerkt,https://hdl.handle.net/20.500.11840/termmaster10064715,unadorned
https://hdl.handle.net/20.500.11840/termmaster10070902,orakelkalenders,https://hdl.handle.net/20.500.11840/termmaster10070901,oracle calendars | wichelkalenders
https://hdl.handle.net/20.500.11840/termmaster10069349,laarzen naar vorm,https://hdl.handle.net/20.500.11840/termmaster10069346,boots by form
https://hdl.handle.net/20.500.11840/termmaster10063704,Pano Aqil,https://hdl.handle.net/20.500.11840/termmaster10063697,
https://hdl.handle.net/20.500.11840/termmaster10066462,tinmijnen,https://hdl.handle.net/20.500.11840/termmaster10066460,tin mines
https://hdl.handle.net/20.500.11840/termmaster10062111,Meureudu,https://hdl.handle.net/20.500.11840/termmaster10062110,
https://hdl.handle.net/20.500.11840/termmaster10048910,werpwapens  en accessoires,https://hdl.handle.net/20.500.11840/termmaster10048908,projectile weapons and accessories
https://hdl.handle.net/20.500.11840/termmaster10058775,Boca Spelonck,https://hdl.handle.net/20.500.11840/termmaster10058761,
https://hdl.handle.net/20.500.11840/termmaster10056467,Lek,https://hdl.handle.net/20.500.11840/termmaster10056466,
https://hdl.handle.net/20.500.11840/termmaster10057982,Salzkammergut,https://hdl.handle.net/20.500.11840/termmaster10057980,
https://hdl.handle.net/20.500.11840/termmaster10061812,Bintan (regentschap),https://hdl.handle.net/20.500.11840/termmaster10061799,Bintan (kabupaten) | Bintan (regency)
https://hdl.handle.net/20.500.11840/termmaster10055611,Overveen,https://hdl.handle.net/20.500.11840/termmaster10055607,
https://hdl.handle.net/20.500.11840/termmaster10078303,Niger deltagebied,https://hdl.handle.net/20.500.11840/termmaster10078279,Niger Delta Region
https://hdl.handle.net/20.500.11840/termmaster10067623,lijsten (interieurinrichting),https://hdl.handle.net/20.500.11840/termmaster10067539,frames (furnishings)
https://hdl.handle.net/20.500.11840/termmaster10077794,Dvaravati,https://hdl.handle.net/20.500.11840/termmaster10077793,
https://hdl.handle.net/20.500.11840/termmaster10055369,Conceição (Zambézia),https://hdl.handle.net/20.500.11840/termmaster10079331,Conceicao | Conceiçao
https://hdl.handle.net/20.500.11840/termmaster10060283,Nouméa,https://hdl.handle.net/20.500.11840/termmaster10060282,
https://hdl.handle.net/20.500.11840/termmaster10062218,Tincep,https://hdl.handle.net/20.500.11840/termmaster10062215,Tintjep
https://hdl.handle.net/20.500.11840/termmaster10068714,hangers (bevestigingsmiddelen),https://hdl.handle.net/20.500.11840/termmaster10068663,hangers (fasteners)
https://hdl.handle.net/20.500.11840/termmaster10065837,gelatine,https://hdl.handle.net/20.500.11840/termmaster10065826,gelatin
https://hdl.handle.net/20.500.11840/termmaster10050543,classificeren en categoriseren van cultureel erfgoed,https://hdl.handle.net/20.500.11840/termmaster10079471,classifying and categorising cultural heritag
https://hdl.handle.net/20.500.11840/termmaster10060651,Zuidelijk Nieuw-Guinea,https://hdl.handle.net/20.500.11840/termmaster10060650,Southern New Guinea
https://hdl.handle.net/20.500.11840/termmaster10059310,Tezoyuca,https://hdl.handle.net/20.500.11840/termmaster10059266,
https://hdl.handle.net/20.500.11840/termmaster10078443,Moba,https://hdl.handle.net/20.500.11840/termmaster10078416,Bmoba | Mbare | Moab | Moare | Mwan
https://hdl.handle.net/20.500.11840/termmaster10057839,Markovice,https://hdl.handle.net/20.500.11840/termmaster10057838,
https://hdl.handle.net/20.500.11840/termmaster10066411,open ruimten naar vorm,https://hdl.handle.net/20.500.11840/termmaster10066391,open spaces by form
https://hdl.handle.net/20.500.11840/termmaster10061154,Loo,https://hdl.handle.net/20.500.11840/termmaster10061151,
https://hdl.handle.net/20.500.11840/termmaster10056191,Roosendaal,https://hdl.handle.net/20.500.11840/termmaster10056165,
https://hdl.handle.net/20.500.11840/termmaster10057529,Aquitaine,https://hdl.handle.net/20.500.11840/termmaster10057434,
https://hdl.handle.net/20.500.11840/termmaster10077697,Banyumas,https://hdl.handle.net/20.500.11840/termmaster10077696,
https://hdl.handle.net/20.500.11840/termmaster10061877,Solok Selatan (regentschap),https://hdl.handle.net/20.500.11840/termmaster10061816,Solok Selatan (kabupaten) | Solok Selatan (regency)
https://hdl.handle.net/20.500.11840/termmaster10077407,Yami,https://hdl.handle.net/20.500.11840/termmaster10077402,Botel Tobago | Lanyu | Tao | Tawu
https://hdl.handle.net/20.500.11840/termmaster10068441,munitiekarren,https://hdl.handle.net/20.500.11840/termmaster10068437,
https://hdl.handle.net/20.500.11840/termmaster10076226,Bella Bella,https://hdl.handle.net/20.500.11840/termmaster10076213,
https://hdl.handle.net/20.500.11840/termmaster10063507,Songkhla (provincie),https://hdl.handle.net/20.500.11840/termmaster10063506,Songkhla (changwat) | Songkhla (province)
https://hdl.handle.net/20.500.11840/termmaster10057427,Cervia,https://hdl.handle.net/20.500.11840/termmaster10057426,
https://hdl.handle.net/20.500.11840/termmaster10070903,orakelbenen,https://hdl.handle.net/20.500.11840/termmaster10070901,oracle bones | orakelbotten | wichelbenen | wichelbotten
https://hdl.handle.net/20.500.11840/termmaster10078557,Berber,https://hdl.handle.net/20.500.11840/termmaster10078556,Amazigh | Berber (culture or style) | Berbers
https://hdl.handle.net/20.500.11840/termmaster10054324,In Salah,https://hdl.handle.net/20.500.11840/termmaster10054310,
https://hdl.handle.net/20.500.11840/termmaster10048756,specerijen,https://hdl.handle.net/20.500.11840/termmaster10049615,spices
https://hdl.handle.net/20.500.11840/termmaster10064624,Qal'eh-ye Now,https://hdl.handle.net/20.500.11840/termmaster10064623,Qala-i-Nau
https://hdl.handle.net/20.500.11840/termmaster10070843,liturgische vaten,https://hdl.handle.net/20.500.11840/termmaster10070841,liturgical vessels
https://hdl.handle.net/20.500.11840/termmaster10058732,Oranjestad -Sint Eustatius,https://hdl.handle.net/20.500.11840/termmaster10058731,
https://hdl.handle.net/20.500.11840/termmaster10054159,Awjilah,https://hdl.handle.net/20.500.11840/termmaster10054156,Angila
https://hdl.handle.net/20.500.11840/termmaster10063919,Belur,https://hdl.handle.net/20.500.11840/termmaster10063914,
https://hdl.handle.net/20.500.11840/termmaster10065225,was,https://hdl.handle.net/20.500.11840/termmaster10065158,wax
https://hdl.handle.net/20.500.11840/termmaster10065047,filigraan,https://hdl.handle.net/20.500.11840/termmaster10065040,
https://hdl.handle.net/20.500.11840/termmaster10070942,werpnetten,https://hdl.handle.net/20.500.11840/termmaster10070941,cast nets
https://hdl.handle.net/20.500.11840/termmaster10062184,Muna (regentschap),https://hdl.handle.net/20.500.11840/termmaster10062177,Muna (kabupaten) | Muna (regency)
https://hdl.handle.net/20.500.11840/termmaster10066086,fagotten,https://hdl.handle.net/20.500.11840/termmaster10066085,bassoons
https://hdl.handle.net/20.500.11840/termmaster10079133,polypropylpeen (PP),https://hdl.handle.net/20.500.11840/termmaster10079510,PP (polypropylpeen) | Polypropylene (PP) | achieve | polypropeen (PP)
https://hdl.handle.net/20.500.11840/termmaster10070469,kelken,https://hdl.handle.net/20.500.11840/termmaster10070468,goblets (drinking vessels)
https://hdl.handle.net/20.500.11840/termmaster10076292,Western Pueblo,https://hdl.handle.net/20.500.11840/termmaster10076291,Westelijke Pueblostijlen | Western Pueblo styles
https://hdl.handle.net/20.500.11840/termmaster10077514,Sasak,https://hdl.handle.net/20.500.11840/termmaster10077513,
https://hdl.handle.net/20.500.11840/termmaster10077713,Dayak,https://hdl.handle.net/20.500.11840/termmaster10077708,Dajak | Daya | Kalimantan Dayak | Malayic Dayak | Malayisch Dayak
https://hdl.handle.net/20.500.11840/termmaster10053977,Ndjamena,https://hdl.handle.net/20.500.11840/termmaster10053963,Fort-Lamy | N'Djamena
https://hdl.handle.net/20.500.11840/termmaster10069489,draagdekens,https://hdl.handle.net/20.500.11840/termmaster10069477,omslagdekens | wearing blankets
https://hdl.handle.net/20.500.11840/termmaster10057838,Pardubicky,https://hdl.handle.net/20.500.11840/termmaster10057781,
https://hdl.handle.net/20.500.11840/termmaster10061551,Yatomb,https://hdl.handle.net/20.500.11840/termmaster10061525,Jatoemb | Yatumb
https://hdl.handle.net/20.500.11840/termmaster10054125,Mayombe,https://hdl.handle.net/20.500.11840/termmaster10054124,
https://hdl.handle.net/20.500.11840/termmaster10067282,gelatine-zilver negatieven (op drager van kunststof),https://hdl.handle.net/20.500.11840/termmaster10067278,gelatin silver negatives
https://hdl.handle.net/20.500.11840/termmaster10061560,Iwaka,https://hdl.handle.net/20.500.11840/termmaster10061555,Iwakaya | Iweka
https://hdl.handle.net/20.500.11840/termmaster10056156,Driebergen-Rijsenburg,https://hdl.handle.net/20.500.11840/termmaster10056154,Driebergen
https://hdl.handle.net/20.500.11840/termmaster10070358,dekseldozen,https://hdl.handle.net/20.500.11840/termmaster10070356,cover boxes
https://hdl.handle.net/20.500.11840/termmaster10068115,zwaardsieraden,https://hdl.handle.net/20.500.11840/termmaster10068098,sword decorations
https://hdl.handle.net/20.500.11840/termmaster10078250,Kilenge- Angola,https://hdl.handle.net/20.500.11840/termmaster10078249,Cilenge | Lenge | Quilenge | Tshilenge
https://hdl.handle.net/20.500.11840/termmaster10078269,Fingo,https://hdl.handle.net/20.500.11840/termmaster10078268,Amafengo | Mfengu
https://hdl.handle.net/20.500.11840/termmaster10063680,Punjab (PAK provincie),https://hdl.handle.net/20.500.11840/termmaster10063663,Pandjab | Pendjab | Punjab (PAK province)
https://hdl.handle.net/20.500.11840/termmaster10050207,spirituele visie van de natuur,https://hdl.handle.net/20.500.11840/termmaster10050206,spiritual view of nature and environment
https://hdl.handle.net/20.500.11840/termmaster10057796,Teplice,https://hdl.handle.net/20.500.11840/termmaster10057790,
https://hdl.handle.net/20.500.11840/termmaster10066932,booreilanden,https://hdl.handle.net/20.500.11840/termmaster10066931,offshore boorplatformen | offshore drilling platforms
https://hdl.handle.net/20.500.11840/termmaster10054001,Boma,https://hdl.handle.net/20.500.11840/termmaster10054000,
https://hdl.handle.net/20.500.11840/termmaster10077725,Aoheng,https://hdl.handle.net/20.500.11840/termmaster10077724,Penihing
https://hdl.handle.net/20.500.11840/termmaster10078823,Bale,https://hdl.handle.net/20.500.11840/termmaster10078795,
https://hdl.handle.net/20.500.11840/termmaster10067130,bustes,https://hdl.handle.net/20.500.11840/termmaster10067129,borstbeelden | busts
https://hdl.handle.net/20.500.11840/termmaster10048737,opdienen en consumeren van snoepgoed,https://hdl.handle.net/20.500.11840/termmaster10048733,serving and eating confectionery
https://hdl.handle.net/20.500.11840/termmaster10068127,betalingsbewijzen,https://hdl.handle.net/20.500.11840/termmaster10068126,tickets
https://hdl.handle.net/20.500.11840/termmaster10058345,Cotacachi,https://hdl.handle.net/20.500.11840/termmaster10058341,
https://hdl.handle.net/20.500.11840/termmaster10063849,Naya,https://hdl.handle.net/20.500.11840/termmaster10063837,
https://hdl.handle.net/20.500.11840/termmaster10062098,Senebu,https://hdl.handle.net/20.500.11840/termmaster10062097,
https://hdl.handle.net/20.500.11840/termmaster10059388,Acapetlahuaya,https://hdl.handle.net/20.500.11840/termmaster10059356,
https://hdl.handle.net/20.500.11840/termmaster10069614,ziektemaskers,https://hdl.handle.net/20.500.11840/termmaster10069611,sickness masks
https://hdl.handle.net/20.500.11840/termmaster10069149,klokken (uurwerken),https://hdl.handle.net/20.500.11840/termmaster10069147,clocks
https://hdl.handle.net/20.500.11840/termmaster10078370,Fulani-Bauchi,https://hdl.handle.net/20.500.11840/termmaster10078368,
https://hdl.handle.net/20.500.11840/termmaster10056498,Dorset,https://hdl.handle.net/20.500.11840/termmaster10056471,
https://hdl.handle.net/20.500.11840/termmaster10076851,Sialum,https://hdl.handle.net/20.500.11840/termmaster10076843,
https://hdl.handle.net/20.500.11840/termmaster10061916,Bengkulu Selatan (regentschap),https://hdl.handle.net/20.500.11840/termmaster10061915,Bengkulu Selatan (kabupaten) | Bengkulu Selatan (regency)
https://hdl.handle.net/20.500.11840/termmaster10075906,gotisch (periode volksverhuizingen),https://hdl.handle.net/20.500.11840/termmaster10075905,Gothic (Migration period)
https://hdl.handle.net/20.500.11840/termmaster10077970,Kandy,https://hdl.handle.net/20.500.11840/termmaster10077968,
https://hdl.handle.net/20.500.11840/termmaster10071278,bongels,https://hdl.handle.net/20.500.11840/termmaster10071268,horse shackles
https://hdl.handle.net/20.500.11840/termmaster10058325,Barranquilla,https://hdl.handle.net/20.500.11840/termmaster10058324,
https://hdl.handle.net/20.500.11840/termmaster10078182,Oeigoeren,https://hdl.handle.net/20.500.11840/termmaster10078172,Uighur | Uyghur
https://hdl.handle.net/20.500.11840/termmaster10055789,Hummelo,https://hdl.handle.net/20.500.11840/termmaster10055671,
https://hdl.handle.net/20.500.11840/termmaster10078291,Edo (Nigeria),https://hdl.handle.net/20.500.11840/termmaster10078290,Edo (African culture) | Edo (Afrikaans)
https://hdl.handle.net/20.500.11840/termmaster10058359,Portoviejo,https://hdl.handle.net/20.500.11840/termmaster10058341,
https://hdl.handle.net/20.500.11840/termmaster10071592,arenlezers,https://hdl.handle.net/20.500.11840/termmaster10071558,gleaners
https://hdl.handle.net/20.500.11840/termmaster10070143,schrijftabletten,https://hdl.handle.net/20.500.11840/termmaster10070139,writing boards (tablets)
https://hdl.handle.net/20.500.11840/termmaster10064640,Khanabad,https://hdl.handle.net/20.500.11840/termmaster10064639,
https://hdl.handle.net/20.500.11840/termmaster10059325,San Pedro Chenalhó,https://hdl.handle.net/20.500.11840/termmaster10059313,
https://hdl.handle.net/20.500.11840/termmaster10055279,Zuid-Afrika,https://hdl.handle.net/20.500.11840/termmaster10055215,Kaapkolonie | Republiek van Suid-Afrika | South Africa | Suid-Afrika | ZAF  | Zuidafrika
https://hdl.handle.net/20.500.11840/termmaster10068899,zieletabletten,https://hdl.handle.net/20.500.11840/termmaster10068898,soul tablets | vooroudertabletten
https://hdl.handle.net/20.500.11840/termmaster10056062,Achtkarspelen,https://hdl.handle.net/20.500.11840/termmaster10056048,
https://hdl.handle.net/20.500.11840/termmaster10067769,voetenbankjes,https://hdl.handle.net/20.500.11840/termmaster10067767,footstools (stools)
https://hdl.handle.net/20.500.11840/termmaster10057451,Carnoules,https://hdl.handle.net/20.500.11840/termmaster10057450,
https://hdl.handle.net/20.500.11840/termmaster10065590,franje,https://hdl.handle.net/20.500.11840/termmaster10065588,fringe | fringing
https://hdl.handle.net/20.500.11840/termmaster10076182,Tapajóz-Madeira,https://hdl.handle.net/20.500.11840/termmaster10076108,
https://hdl.handle.net/20.500.11840/termmaster10068128,vervoersbewijzen,https://hdl.handle.net/20.500.11840/termmaster10068127,
https://hdl.handle.net/20.500.11840/termmaster10057038,Birkenau,https://hdl.handle.net/20.500.11840/termmaster10056996,
https://hdl.handle.net/20.500.11840/termmaster10063990,Mayurbhanj,https://hdl.handle.net/20.500.11840/termmaster10063982,
https://hdl.handle.net/20.500.11840/termmaster10065659,satijnhout,https://hdl.handle.net/20.500.11840/termmaster10065616,satinwood
https://hdl.handle.net/20.500.11840/termmaster10078658,Makonde regio en Nyasa-meer gebied,https://hdl.handle.net/20.500.11840/termmaster10078594,Makonde Region and Nyasa Lake area | Makonde region and Lake Nyasa area style | stijlen van het Makonde-gebied en Nyasameer
https://hdl.handle.net/20.500.11840/termmaster10070382,gelddoosjes,https://hdl.handle.net/20.500.11840/termmaster10070379,money boxes | muntendozen
https://hdl.handle.net/20.500.11840/termmaster10069992,boodschappenlijsten,https://hdl.handle.net/20.500.11840/termmaster10069991,shopping lists
https://hdl.handle.net/20.500.11840/termmaster10058868,Santa Catarina Palopó,https://hdl.handle.net/20.500.11840/termmaster10058825,
https://hdl.handle.net/20.500.11840/termmaster10048748,industrieel bewerkt voedsel,https://hdl.handle.net/20.500.11840/termmaster10048741,industially prepared and processed food | voedingsmiddelenindustrie
https://hdl.handle.net/20.500.11840/termmaster10067242,vertelkasten,https://hdl.handle.net/20.500.11840/termmaster10067205,story cabinets
https://hdl.handle.net/20.500.11840/termmaster10064804,linoleumdruk,https://hdl.handle.net/20.500.11840/termmaster10064800,linoleum-block printing | linosnede
https://hdl.handle.net/20.500.11840/termmaster10078007,Kushana,https://hdl.handle.net/20.500.11840/termmaster10078005,
https://hdl.handle.net/20.500.11840/termmaster10057100,Rommersheim,https://hdl.handle.net/20.500.11840/termmaster10057044,
https://hdl.handle.net/20.500.11840/termmaster10056950,Wilhelmshaven,https://hdl.handle.net/20.500.11840/termmaster10056946,
https://hdl.handle.net/20.500.11840/termmaster10058039,Binntal,https://hdl.handle.net/20.500.11840/termmaster10058038,
https://hdl.handle.net/20.500.11840/termmaster10071546,vuurlepels,https://hdl.handle.net/20.500.11840/termmaster10071536,fire shovels | vuurscheppen
https://hdl.handle.net/20.500.11840/termmaster10059521,Wyoming,https://hdl.handle.net/20.500.11840/termmaster10059451,Wyoming State
https://hdl.handle.net/20.500.11840/termmaster10057252,Cork (provincie),https://hdl.handle.net/20.500.11840/termmaster10057248,Cork (province)
https://hdl.handle.net/20.500.11840/termmaster10062351,Sesean,https://hdl.handle.net/20.500.11840/termmaster10062346,
https://hdl.handle.net/20.500.11840/termmaster10057291,Cádiz,https://hdl.handle.net/20.500.11840/termmaster10057290,Cadiz
https://hdl.handle.net/20.500.11840/termmaster10060976,Zhejiang,https://hdl.handle.net/20.500.11840/termmaster10060930,
https://hdl.handle.net/20.500.11840/termmaster10063231,Sukabumi (regentschap),https://hdl.handle.net/20.500.11840/termmaster10063208,Sukabumi (kabupaten) | Sukabumi (regency)
https://hdl.handle.net/20.500.11840/termmaster10075893,Neolithicum- Europa,https://hdl.handle.net/20.500.11840/termmaster10075878,European Neolithic styles and periods | Europese neolithische stijlen en perioden | Neolithic- Europe | Nieuwe Steentijd
https://hdl.handle.net/20.500.11840/termmaster10059733,Lynn Canal,https://hdl.handle.net/20.500.11840/termmaster10059731,
https://hdl.handle.net/20.500.11840/termmaster10060932,Chengdu,https://hdl.handle.net/20.500.11840/termmaster10060931,
https://hdl.handle.net/20.500.11840/termmaster10061469,Walesi,https://hdl.handle.net/20.500.11840/termmaster10061467,
https://hdl.handle.net/20.500.11840/termmaster10077254,Chinese schilderstijlen,https://hdl.handle.net/20.500.11840/termmaster10077253,Chinese painting styles
https://hdl.handle.net/20.500.11840/termmaster10063127,Randublatung,https://hdl.handle.net/20.500.11840/termmaster10063123,Randoeblatoeng
https://hdl.handle.net/20.500.11840/termmaster10062020,Aceh Besar (regentschap),https://hdl.handle.net/20.500.11840/termmaster10062019,Aceh Besar (kabupaten) | Aceh Besar (regency)
https://hdl.handle.net/20.500.11840/termmaster10063269,Ciamis,https://hdl.handle.net/20.500.11840/termmaster10063266,
https://hdl.handle.net/20.500.11840/termmaster10058889,Almolonga,https://hdl.handle.net/20.500.11840/termmaster10058825,
https://hdl.handle.net/20.500.11840/termmaster10058708,Clarendon,https://hdl.handle.net/20.500.11840/termmaster10058706,
https://hdl.handle.net/20.500.11840/termmaster10078985,Thebaans,https://hdl.handle.net/20.500.11840/termmaster10078984,Theban
https://hdl.handle.net/20.500.11840/termmaster10059662,Livingston,https://hdl.handle.net/20.500.11840/termmaster10059650,
https://hdl.handle.net/20.500.11840/termmaster10078155,Azerbeidzjaans,https://hdl.handle.net/20.500.11840/termmaster10078153,Azari | Azerbaijani | Azeri
https://hdl.handle.net/20.500.11840/termmaster10061058,Guizhou,https://hdl.handle.net/20.500.11840/termmaster10060930,
https://hdl.handle.net/20.500.11840/termmaster10064153,Tel Aviv (district),https://hdl.handle.net/20.500.11840/termmaster10064126,Tel Aviv District
https://hdl.handle.net/20.500.11840/termmaster10070805,documenthouders,https://hdl.handle.net/20.500.11840/termmaster10070376,document containers
https://hdl.handle.net/20.500.11840/termmaster10070892,staven (ceremoniële uitrusting),https://hdl.handle.net/20.500.11840/termmaster10070891,ceremonial staffs
https://hdl.handle.net/20.500.11840/termmaster10059094,Morelos (deelstaat),https://hdl.handle.net/20.500.11840/termmaster10058919,Morelos (state)
https://hdl.handle.net/20.500.11840/termmaster10069347,laarzen naar functie,https://hdl.handle.net/20.500.11840/termmaster10069346,boots by function
https://hdl.handle.net/20.500.11840/termmaster10075827,Grieks,https://hdl.handle.net/20.500.11840/termmaster10075826,Greek
https://hdl.handle.net/20.500.11840/termmaster10062881,Magetan,https://hdl.handle.net/20.500.11840/termmaster10062880,
https://hdl.handle.net/20.500.11840/termmaster10061179,Sulu-archipel,https://hdl.handle.net/20.500.11840/termmaster10061128,Sulu Archipelago | Sulu-eilanden
https://hdl.handle.net/20.500.11840/termmaster10066640,onderdelen van oppervlakte-elementen,https://hdl.handle.net/20.500.11840/termmaster10066639,surface element components
https://hdl.handle.net/20.500.11840/termmaster10076216,S'klallam,https://hdl.handle.net/20.500.11840/termmaster10076213,Clallam | Klallam | Na’klallam
https://hdl.handle.net/20.500.11840/termmaster10078882,Mboshi,https://hdl.handle.net/20.500.11840/termmaster10078863,Baboshi | Embosi | Mbochi | Mbosi
https://hdl.handle.net/20.500.11840/termmaster10071879,fotografieontwikkeluitrusting,https://hdl.handle.net/20.500.11840/termmaster10071839,photographic processing equipment
https://hdl.handle.net/20.500.11840/termmaster10066746,tuinhuizen,https://hdl.handle.net/20.500.11840/termmaster10066743,garden houses
https://hdl.handle.net/20.500.11840/termmaster10065113,drogen,https://hdl.handle.net/20.500.11840/termmaster10065112,drying
https://hdl.handle.net/20.500.11840/termmaster10076066,Teko,https://hdl.handle.net/20.500.11840/termmaster10076064,Emerillon | Emerilon | Emerion | Melejo | Mereo | Mereyo
https://hdl.handle.net/20.500.11840/termmaster10078878,Teke,https://hdl.handle.net/20.500.11840/termmaster10078863,Bateke
https://hdl.handle.net/20.500.11840/termmaster10058263,Carupano,https://hdl.handle.net/20.500.11840/termmaster10058234,
https://hdl.handle.net/20.500.11840/termmaster10065153,overdragen en overdrachttechnieken,https://hdl.handle.net/20.500.11840/termmaster10064715,transferring and transferring techniques
https://hdl.handle.net/20.500.11840/termmaster10054448,Oued Ziz,https://hdl.handle.net/20.500.11840/termmaster10054440,Ziz
https://hdl.handle.net/20.500.11840/termmaster10068348,spatzeilen,https://hdl.handle.net/20.500.11840/termmaster10068343,
https://hdl.handle.net/20.500.11840/termmaster10056874,Siebengebirge,https://hdl.handle.net/20.500.11840/termmaster10056862,Zevengebergte
https://hdl.handle.net/20.500.11840/termmaster10060053,Lake Taupo,https://hdl.handle.net/20.500.11840/termmaster10060043,
https://hdl.handle.net/20.500.11840/termmaster10065595,paillette,https://hdl.handle.net/20.500.11840/termmaster10065588,lovertje | lovertjes | pailette
https://hdl.handle.net/20.500.11840/termmaster10062857,Gomogomo,https://hdl.handle.net/20.500.11840/termmaster10062856,Gomo Gomo
https://hdl.handle.net/20.500.11840/termmaster10065985,papier naar vorm,https://hdl.handle.net/20.500.11840/termmaster10065970,paper by form
https://hdl.handle.net/20.500.11840/termmaster10058950,Zacamelula,https://hdl.handle.net/20.500.11840/termmaster10058938,
https://hdl.handle.net/20.500.11840/termmaster10077101,Chosôn,https://hdl.handle.net/20.500.11840/termmaster10077093,Yi-dynastie
https://hdl.handle.net/20.500.11840/termmaster10077437,Westelijk Timor,https://hdl.handle.net/20.500.11840/termmaster10077431,West Timorese | Westelijk Timorees
https://hdl.handle.net/20.500.11840/termmaster10076863,Nukuma,https://hdl.handle.net/20.500.11840/termmaster10076862,
https://hdl.handle.net/20.500.11840/termmaster10063027,Kawah Ijen (meer),https://hdl.handle.net/20.500.11840/termmaster10063026,Kawa Idjen | Kawah Ijen (lake)
https://hdl.handle.net/20.500.11840/termmaster10065860,haar naar samenstelling of herkomst,https://hdl.handle.net/20.500.11840/termmaster10065851,hair by composition or origin
https://hdl.handle.net/20.500.11840/termmaster10059920,Red Deer River,https://hdl.handle.net/20.500.11840/termmaster10059915,
https://hdl.handle.net/20.500.11840/termmaster10061885,Kayuagung,https://hdl.handle.net/20.500.11840/termmaster10061884,
https://hdl.handle.net/20.500.11840/termmaster10054265,Opper-Egypte,https://hdl.handle.net/20.500.11840/termmaster10054259,Upper Egypt
https://hdl.handle.net/20.500.11840/termmaster10078795,Zande-Mangbetu regio,https://hdl.handle.net/20.500.11840/termmaster10078771,Zande-Mangbetu region | Zande-Mangbetu region styles | stijlen van het Zande-Mangbetu gebied
https://hdl.handle.net/20.500.11840/termmaster10059803,Mineral,https://hdl.handle.net/20.500.11840/termmaster10059802,
https://hdl.handle.net/20.500.11840/termmaster10077292,Hongwu,https://hdl.handle.net/20.500.11840/termmaster10077291,
https://hdl.handle.net/20.500.11840/termmaster10055138,Pégué Na,https://hdl.handle.net/20.500.11840/termmaster10055129,
https://hdl.handle.net/20.500.11840/termmaster10059456,Cherokee (county),https://hdl.handle.net/20.500.11840/termmaster10059452,
https://hdl.handle.net/20.500.11840/termmaster10059328,San Bartolomé de los Llanos,https://hdl.handle.net/20.500.11840/termmaster10059313,
https://hdl.handle.net/20.500.11840/termmaster10048048,make-up,https://hdl.handle.net/20.500.11840/termmaster10048047,oogcosmetica
https://hdl.handle.net/20.500.11840/termmaster10066630,vensters naar vorm,https://hdl.handle.net/20.500.11840/termmaster10066627,windows by form
https://hdl.handle.net/20.500.11840/termmaster10066481,paardenrenbanen,https://hdl.handle.net/20.500.11840/termmaster10066480,horse racetracks
https://hdl.handle.net/20.500.11840/termmaster10071927,margrietschijven,https://hdl.handle.net/20.500.11840/termmaster10071895,daisy wheel | margrietschijf
https://hdl.handle.net/20.500.11840/termmaster10076572,San José Mogote,https://hdl.handle.net/20.500.11840/termmaster10076566,San Jose Mogote
https://hdl.handle.net/20.500.11840/termmaster10075952,Kalaallit,https://hdl.handle.net/20.500.11840/termmaster10075943,Greenlandic Native peoples and cultures | Inheemse volken en culturen van Groenland | Katladlit | Katlâdit
https://hdl.handle.net/20.500.11840/termmaster10062271,Wajo (regentschap),https://hdl.handle.net/20.500.11840/termmaster10062270,Wadjo (regentschap) | Wajo (kabupaten) | Wajo (regency)
https://hdl.handle.net/20.500.11840/termmaster10057547,Morez,https://hdl.handle.net/20.500.11840/termmaster10057546,
https://hdl.handle.net/20.500.11840/termmaster10056418,Meppel,https://hdl.handle.net/20.500.11840/termmaster10056387,
https://hdl.handle.net/20.500.11840/termmaster10071149,cassavepersen,https://hdl.handle.net/20.500.11840/termmaster10071145,cassava presses | manioc presses | maniokpersen
https://hdl.handle.net/20.500.11840/termmaster10064357,Bābil (gouvernement),https://hdl.handle.net/20.500.11840/termmaster10064331,Babil (gouvernement) | Bābil (governorate) | Muḩāfaz̧at Bābil | محافظة بابل
https://hdl.handle.net/20.500.11840/termmaster10062006,Pelalawan (regentschap),https://hdl.handle.net/20.500.11840/termmaster10061996,Pelalawan (kabupaten) | Pelalawan (regency)
https://hdl.handle.net/20.500.11840/termmaster10054078,Kisangani,https://hdl.handle.net/20.500.11840/termmaster10054065,Stanleyville
https://hdl.handle.net/20.500.11840/termmaster10078518,Mbum,https://hdl.handle.net/20.500.11840/termmaster10078515,Boum | Mboum | Mboumtiba | Wimbum | Wuna (Kameroen)
https://hdl.handle.net/20.500.11840/termmaster10069698,armbeschermers,https://hdl.handle.net/20.500.11840/termmaster10069664,armbescherming | bracers | polsbeschermers | schietmanchetten
https://hdl.handle.net/20.500.11840/termmaster10066689,sociale ruimten en zitruimten,https://hdl.handle.net/20.500.11840/termmaster10066677,social and sitting spaces | sociale en zitruimten
https://hdl.handle.net/20.500.11840/termmaster10063365,Serangan (eiland),https://hdl.handle.net/20.500.11840/termmaster10063362,Pulau Serangan | Schildpaddeneiland | Serangan (island)
https://hdl.handle.net/20.500.11840/termmaster10061002,Huangpu,https://hdl.handle.net/20.500.11840/termmaster10060997,Whampao
https://hdl.handle.net/20.500.11840/termmaster10057240,Reisdorf,https://hdl.handle.net/20.500.11840/termmaster10057238,
https://hdl.handle.net/20.500.11840/termmaster10055589,Noord-Holland,https://hdl.handle.net/20.500.11840/termmaster10055588,
https://hdl.handle.net/20.500.11840/termmaster10071112,grills,https://hdl.handle.net/20.500.11840/termmaster10071111,
https://hdl.handle.net/20.500.11840/termmaster10047936,visserij met lokmiddelen,https://hdl.handle.net/20.500.11840/termmaster10047935,010202 | fishing with baits
https://hdl.handle.net/20.500.11840/termmaster10061942,Tabir (rivier),https://hdl.handle.net/20.500.11840/termmaster10061939,Batang Tabir | Sungai Tabir | Tabir River
https://hdl.handle.net/20.500.11840/termmaster10064847,schilderen met waterverf,https://hdl.handle.net/20.500.11840/termmaster10064842,watercolor painting (technique)
https://hdl.handle.net/20.500.11840/termmaster10063326,Banten (provincie),https://hdl.handle.net/20.500.11840/termmaster10062862,Banten (province)
https://hdl.handle.net/20.500.11840/termmaster10066595,trappen,https://hdl.handle.net/20.500.11840/termmaster10066594,stairs
https://hdl.handle.net/20.500.11840/termmaster10063946,Jashpurnagar,https://hdl.handle.net/20.500.11840/termmaster10063940,Jashpur
https://hdl.handle.net/20.500.11840/termmaster10060769,Akita,https://hdl.handle.net/20.500.11840/termmaster10060765,
https://hdl.handle.net/20.500.11840/termmaster10065082,papierbewerkingstechnieken,https://hdl.handle.net/20.500.11840/termmaster10064944,paperworking processes and techniques
https://hdl.handle.net/20.500.11840/termmaster10055297,Drakensbergen,https://hdl.handle.net/20.500.11840/termmaster10055274,Dragon Mountains | Drakensberge | Maloti | uKhahlamba
https://hdl.handle.net/20.500.11840/termmaster10079083,stemmen,https://hdl.handle.net/20.500.11840/termmaster10049908,voting
https://hdl.handle.net/20.500.11840/termmaster10063964,Ajanta,https://hdl.handle.net/20.500.11840/termmaster10063955,
https://hdl.handle.net/20.500.11840/termmaster10063307,Kawah Putih (meer),https://hdl.handle.net/20.500.11840/termmaster10063306,White Crater
https://hdl.handle.net/20.500.11840/termmaster10054638,Bahir Dar,https://hdl.handle.net/20.500.11840/termmaster10054637,Bahar Dar
https://hdl.handle.net/20.500.11840/termmaster10060225,Amata,https://hdl.handle.net/20.500.11840/termmaster10060219,
https://hdl.handle.net/20.500.11840/termmaster10058763,Kralendijk,https://hdl.handle.net/20.500.11840/termmaster10058761,
https://hdl.handle.net/20.500.11840/termmaster10068617,handvatten,https://hdl.handle.net/20.500.11840/termmaster10068603,handles
https://hdl.handle.net/20.500.11840/termmaster10058237,Caicara de Orinoco,https://hdl.handle.net/20.500.11840/termmaster10058234,
https://hdl.handle.net/20.500.11840/termmaster10059837,Groenland- Noord,https://hdl.handle.net/20.500.11840/termmaster10059832,Noord-Groenland
https://hdl.handle.net/20.500.11840/termmaster10076954,Mappi- en Digul-gebied -culturen,https://hdl.handle.net/20.500.11840/termmaster10076953,Mappi and Digul area cultures
https://hdl.handle.net/20.500.11840/termmaster10069743,jaarlijkse uitgaven,https://hdl.handle.net/20.500.11840/termmaster10069742,annuals (publications)
https://hdl.handle.net/20.500.11840/termmaster10054409,Sebou (rivier),https://hdl.handle.net/20.500.11840/termmaster10054406,Oued Sebou | Sebou (river)
https://hdl.handle.net/20.500.11840/termmaster10064996,kloppen (boombast),https://hdl.handle.net/20.500.11840/termmaster10064957,beating (tree bast fiber)
https://hdl.handle.net/20.500.11840/termmaster10070163,babyalbums,https://hdl.handle.net/20.500.11840/termmaster10070155,baby books
https://hdl.handle.net/20.500.11840/termmaster10066261,geluidsmiddelen naar functie,https://hdl.handle.net/20.500.11840/termmaster10066042,sound devices by function
https://hdl.handle.net/20.500.11840/termmaster10070162,prentbriefkaartenalbums,https://hdl.handle.net/20.500.11840/termmaster10070155,postcard albums
https://hdl.handle.net/20.500.11840/termmaster10064999,lussen,https://hdl.handle.net/20.500.11840/termmaster10064957,looping
https://hdl.handle.net/20.500.11840/termmaster10078914,Bembe (Beneden-Zaïre),https://hdl.handle.net/20.500.11840/termmaster10078913,Babembe | Bembe (Kongo)
https://hdl.handle.net/20.500.11840/termmaster10071324,uitrustingen voor wetenschap en technologie,https://hdl.handle.net/20.500.11840/termmaster10071316,equipment for science and technology
https://hdl.handle.net/20.500.11840/termmaster10054274,Heliopolis,https://hdl.handle.net/20.500.11840/termmaster10054270,Misr al Jadida
https://hdl.handle.net/20.500.11840/termmaster10066184,dubbelbellen,https://hdl.handle.net/20.500.11840/termmaster10066183,double bells
https://hdl.handle.net/20.500.11840/termmaster10066047,buisvormige fluiten,https://hdl.handle.net/20.500.11840/termmaster10066045,tubular flutes
https://hdl.handle.net/20.500.11840/termmaster10076900,Kominimung,https://hdl.handle.net/20.500.11840/termmaster10076898,
https://hdl.handle.net/20.500.11840/termmaster10079080,verwondingen,https://hdl.handle.net/20.500.11840/termmaster10049867,injuries (medical condition)
https://hdl.handle.net/20.500.11840/termmaster10062157,Kulawi,https://hdl.handle.net/20.500.11840/termmaster10062156,
https://hdl.handle.net/20.500.11840/termmaster10060041,Honolulu,https://hdl.handle.net/20.500.11840/termmaster10060040,
https://hdl.handle.net/20.500.11840/termmaster10062589,Amuntai,https://hdl.handle.net/20.500.11840/termmaster10062588,
https://hdl.handle.net/20.500.11840/termmaster10057749,Rodos,https://hdl.handle.net/20.500.11840/termmaster10057748,Rhodos
https://hdl.handle.net/20.500.11840/termmaster10069665,buikbeschermers,https://hdl.handle.net/20.500.11840/termmaster10069664,belly guards
https://hdl.handle.net/20.500.11840/termmaster10062474,Melolo,https://hdl.handle.net/20.500.11840/termmaster10062466,Melelo
https://hdl.handle.net/20.500.11840/termmaster10058420,Zuidelijk kustgebied van Peru,https://hdl.handle.net/20.500.11840/termmaster10058419,Peru: costa del sur | Peru: southern coastal area | Peru: zuidelijk kustgebied | Southern Peruvian coastal area
https://hdl.handle.net/20.500.11840/termmaster10067658,offerkaarsen,https://hdl.handle.net/20.500.11840/termmaster10067656,sacrificial candles | votiefkaarsen
https://hdl.handle.net/20.500.11840/termmaster10055120,San,https://hdl.handle.net/20.500.11840/termmaster10055116,
https://hdl.handle.net/20.500.11840/termmaster10062533,Tebaung (rivier),https://hdl.handle.net/20.500.11840/termmaster10062528,Tebaung (river)
https://hdl.handle.net/20.500.11840/termmaster10065422,gips,https://hdl.handle.net/20.500.11840/termmaster10065414,calcium sulfate dihydrate | gypsum | mineral white | terra alba
https://hdl.handle.net/20.500.11840/termmaster10056924,Suttrop,https://hdl.handle.net/20.500.11840/termmaster10056917,
https://hdl.handle.net/20.500.11840/termmaster10058505,Chanchamayo (rivier),https://hdl.handle.net/20.500.11840/termmaster10058503,Chanchamayo (river) | Rio Chanchamayo
https://hdl.handle.net/20.500.11840/termmaster10055261,Mbala,https://hdl.handle.net/20.500.11840/termmaster10055259,Abercorn
https://hdl.handle.net/20.500.11840/termmaster10079051,volksfeesten en festivals,https://hdl.handle.net/20.500.11840/termmaster10048781,community festivals | gemeenschapsfeesten
https://hdl.handle.net/20.500.11840/termmaster10067475,wandsculpturen,https://hdl.handle.net/20.500.11840/termmaster10067471,wall pieces | wandsculptuur
https://hdl.handle.net/20.500.11840/termmaster10065802,nassaschelp,https://hdl.handle.net/20.500.11840/termmaster10065794,nassa shell | nassa sp.
https://hdl.handle.net/20.500.11840/termmaster10055200,Senegal,https://hdl.handle.net/20.500.11840/termmaster10055050,SEN 
https://hdl.handle.net/20.500.11840/termmaster10064998,netten knopen,https://hdl.handle.net/20.500.11840/termmaster10064957,netting (process)
https://hdl.handle.net/20.500.11840/termmaster10067204,triptieken,https://hdl.handle.net/20.500.11840/termmaster10067186,triptychs
https://hdl.handle.net/20.500.11840/termmaster10050153,categoriseren en classificeren,https://hdl.handle.net/20.500.11840/termmaster10050539,classifying and categorizing | concepten van gezondheid en ziekte | concepten van orde en wanorde | concepten van zuiverheid en verontreiniging | museale categoriseringen | wereld als polair of duaal systeem
https://hdl.handle.net/20.500.11840/termmaster10068288,voorouderprauwen,https://hdl.handle.net/20.500.11840/termmaster10068286,ancestor proas | geestenprauwen
https://hdl.handle.net/20.500.11840/termmaster10066827,dorpsscholen,https://hdl.handle.net/20.500.11840/termmaster10066826,one-room schools
https://hdl.handle.net/20.500.11840/termmaster10064030,New Delhi,https://hdl.handle.net/20.500.11840/termmaster10064029,
https://hdl.handle.net/20.500.11840/termmaster10069706,tropenhelmen,https://hdl.handle.net/20.500.11840/termmaster10069704,topees
https://hdl.handle.net/20.500.11840/termmaster10064291,Kayseri (provincie),https://hdl.handle.net/20.500.11840/termmaster10064277,Kayseri (province)
https://hdl.handle.net/20.500.11840/termmaster10070304,stijgbeugelkruiken,https://hdl.handle.net/20.500.11840/termmaster10070294,Stirrup spout bottles | hengselkruiken | stijgbeugelpotten | stirrup-spout vessels
https://hdl.handle.net/20.500.11840/termmaster10048523,constructies voor veiligheid en bescherming,https://hdl.handle.net/20.500.11840/termmaster10048506,construction for safety and protection
https://hdl.handle.net/20.500.11840/termmaster10064252,Emet,https://hdl.handle.net/20.500.11840/termmaster10064250,
https://hdl.handle.net/20.500.11840/termmaster10060923,Hamgyòng Pukdo,https://hdl.handle.net/20.500.11840/termmaster10060920,Hamgyong-bukto
https://hdl.handle.net/20.500.11840/termmaster10054617,Che'w Bahir-meer,https://hdl.handle.net/20.500.11840/termmaster10054610,Lake Che'w Bahir | Lake Ist'ifanos | Stefanie-meer
https://hdl.handle.net/20.500.11840/termmaster10065187,gomhars en gomharsproducten,https://hdl.handle.net/20.500.11840/termmaster10065183,gum resin and gum resin products | natruurlijke plastics
https://hdl.handle.net/20.500.11840/termmaster10057582,Ranville,https://hdl.handle.net/20.500.11840/termmaster10057575,
https://hdl.handle.net/20.500.11840/termmaster10067915,tafelpoten,https://hdl.handle.net/20.500.11840/termmaster10067914,table legs | table poles
https://hdl.handle.net/20.500.11840/termmaster10061904,Muara Enim (regentschap),https://hdl.handle.net/20.500.11840/termmaster10061883,Moearaenim (regentschap) | Muara Enim (kabupaten) | Muara Enim (regency) | Muaraenim (kabupaten) | Muaraenim (regency) | Muaraenim (regentschap)
https://hdl.handle.net/20.500.11840/termmaster10062109,Blangkejeren,https://hdl.handle.net/20.500.11840/termmaster10062108,Blang Kejeren
https://hdl.handle.net/20.500.11840/termmaster10058739,Koolbaai,https://hdl.handle.net/20.500.11840/termmaster10058735,
https://hdl.handle.net/20.500.11840/termmaster10064414,Esfahan (provincie),https://hdl.handle.net/20.500.11840/termmaster10064359,Esfahan (province) | Isfahan (provincie)
https://hdl.handle.net/20.500.11840/termmaster10076197,Kayapó,https://hdl.handle.net/20.500.11840/termmaster10076194,Cayapó | Kayapo | Mbêngêkre
https://hdl.handle.net/20.500.11840/termmaster10054260,Suezkanaal,https://hdl.handle.net/20.500.11840/termmaster10054259,Qanat as Suways | Suez Canal | Suez-kanaal
https://hdl.handle.net/20.500.11840/termmaster10060173,MacDonnell Ranges,https://hdl.handle.net/20.500.11840/termmaster10060172,Tjoritja
https://hdl.handle.net/20.500.11840/termmaster10059168,San Pedro Quiatoni,https://hdl.handle.net/20.500.11840/termmaster10059119,
https://hdl.handle.net/20.500.11840/termmaster10070199,informatiedragers naar functie,https://hdl.handle.net/20.500.11840/termmaster10070110,information artifacts by function
https://hdl.handle.net/20.500.11840/termmaster10069283,kuitbanden,https://hdl.handle.net/20.500.11840/termmaster10069280,calf bands | kuitringen
https://hdl.handle.net/20.500.11840/termmaster10056523,Locking,https://hdl.handle.net/20.500.11840/termmaster10056521,
https://hdl.handle.net/20.500.11840/termmaster10068431,motorfietsen,https://hdl.handle.net/20.500.11840/termmaster10068407,motorcycles
https://hdl.handle.net/20.500.11840/termmaster10065606,palmblad,https://hdl.handle.net/20.500.11840/termmaster10065605,palm frond | palm leaf | palm-leaf
https://hdl.handle.net/20.500.11840/termmaster10077629,Noord-Moluks,https://hdl.handle.net/20.500.11840/termmaster10077615,North Moluccan
https://hdl.handle.net/20.500.11840/termmaster10059827,Sussex,https://hdl.handle.net/20.500.11840/termmaster10059826,
https://hdl.handle.net/20.500.11840/termmaster10057653,Corse-du-Sud,https://hdl.handle.net/20.500.11840/termmaster10057652,
https://hdl.handle.net/20.500.11840/termmaster10070658,verfpotten,https://hdl.handle.net/20.500.11840/termmaster10070656,paint pots
https://hdl.handle.net/20.500.11840/termmaster10054968,Du River (rivier),https://hdl.handle.net/20.500.11840/termmaster10054966,Du Queah River (rivier) | Du River (river) | Due River (rivier) | Dukwia River (rivier) | Duqueah (rivier) | Duquéah (rivier) | Lu River (rivier)
https://hdl.handle.net/20.500.11840/termmaster10076721,Diyari,https://hdl.handle.net/20.500.11840/termmaster10076720,Dieri
https://hdl.handle.net/20.500.11840/termmaster10068397,haringkarren,https://hdl.handle.net/20.500.11840/termmaster10068395,
https://hdl.handle.net/20.500.11840/termmaster10079008,Kongo- koloniaal,https://hdl.handle.net/20.500.11840/termmaster10079004,Congo - colonial
https://hdl.handle.net/20.500.11840/termmaster10056341,Zeeuws-Vlaanderen,https://hdl.handle.net/20.500.11840/termmaster10056308,Zeeuws Vlaanderen | Zeeuwsch-Vlaanderen
https://hdl.handle.net/20.500.11840/termmaster10067783,invalidenstoelen,https://hdl.handle.net/20.500.11840/termmaster10067771,invalids' chairs
https://hdl.handle.net/20.500.11840/termmaster10058898,San Juan Atitán,https://hdl.handle.net/20.500.11840/termmaster10058825,
https://hdl.handle.net/20.500.11840/termmaster10076834,Toaripi,https://hdl.handle.net/20.500.11840/termmaster10076826,East Elema
https://hdl.handle.net/20.500.11840/termmaster10062873,Sleman,https://hdl.handle.net/20.500.11840/termmaster10062869,
https://hdl.handle.net/20.500.11840/termmaster10064119,Eufraat (rivier),https://hdl.handle.net/20.500.11840/termmaster10064117,Euphrates River
https://hdl.handle.net/20.500.11840/termmaster10069597,militaire uniformen,https://hdl.handle.net/20.500.11840/termmaster10069596,military uniforms
https://hdl.handle.net/20.500.11840/termmaster10068849,kaatssets,https://hdl.handle.net/20.500.11840/termmaster10068847,kaatsspellen
https://hdl.handle.net/20.500.11840/termmaster10066153,stampbuizen,https://hdl.handle.net/20.500.11840/termmaster10066152,stamping tubes
https://hdl.handle.net/20.500.11840/termmaster10061097,Perak (deelstaat),https://hdl.handle.net/20.500.11840/termmaster10061081,Perak (state)
https://hdl.handle.net/20.500.11840/termmaster10055956,Middelharnis,https://hdl.handle.net/20.500.11840/termmaster10055808,
https://hdl.handle.net/20.500.11840/termmaster10054390,Oued Todra,https://hdl.handle.net/20.500.11840/termmaster10054386,Gorge du Todrah | Oued Todgha | Todra Vallei
https://hdl.handle.net/20.500.11840/termmaster10049731,religieuze processies,https://hdl.handle.net/20.500.11840/termmaster10048782,religious processions
https://hdl.handle.net/20.500.11840/termmaster10067012,woonhuizen naar locatie: topografisch,https://hdl.handle.net/20.500.11840/termmaster10067011,houses by location: topographical
https://hdl.handle.net/20.500.11840/termmaster10076294,Hopi,https://hdl.handle.net/20.500.11840/termmaster10076292,Moki | Moqui | Tusayan
https://hdl.handle.net/20.500.11840/termmaster10075876,Roma,https://hdl.handle.net/20.500.11840/termmaster10075875,Rom (culture) | Romani (people) | zigeuners
https://hdl.handle.net/20.500.11840/termmaster10069576,rouwbanden,https://hdl.handle.net/20.500.11840/termmaster10069575,rouwband
https://hdl.handle.net/20.500.11840/termmaster10078651,Luo,https://hdl.handle.net/20.500.11840/termmaster10078644,Jaluo | Jur | Luo (Upper Great Lakes African styles) | Luwo | Nyifwa
https://hdl.handle.net/20.500.11840/termmaster10077329,Han,https://hdl.handle.net/20.500.11840/termmaster10077276,
https://hdl.handle.net/20.500.11840/termmaster10059614,Elizabeth,https://hdl.handle.net/20.500.11840/termmaster10059610,
https://hdl.handle.net/20.500.11840/termmaster10048467,"bewerken van zaden, noten en vruchten",https://hdl.handle.net/20.500.11840/termmaster10048463,"090206 | working with seed, nuts and fruit"
https://hdl.handle.net/20.500.11840/termmaster10062602,Pangkalanbun,https://hdl.handle.net/20.500.11840/termmaster10062601,Pangkalanboen
https://hdl.handle.net/20.500.11840/termmaster10053994,Lukenie,https://hdl.handle.net/20.500.11840/termmaster10053987,
https://hdl.handle.net/20.500.11840/termmaster10069795,boekhouding,https://hdl.handle.net/20.500.11840/termmaster10069794,bookkeeping records
https://hdl.handle.net/20.500.11840/termmaster10047954,globalisering en economie,https://hdl.handle.net/20.500.11840/termmaster10047953,economische dynamiek van de mondialisering | globalisation and economy
https://hdl.handle.net/20.500.11840/termmaster10070550,zoutbakken,https://hdl.handle.net/20.500.11840/termmaster10070506,salt boxes (containers) | zouthouders
https://hdl.handle.net/20.500.11840/termmaster10056227,Maastricht,https://hdl.handle.net/20.500.11840/termmaster10056222,
https://hdl.handle.net/20.500.11840/termmaster10064002,Kondapalle,https://hdl.handle.net/20.500.11840/termmaster10063997,Kondapalli
https://hdl.handle.net/20.500.11840/termmaster10066969,pontons,https://hdl.handle.net/20.500.11840/termmaster10066967,pontoon bridges
https://hdl.handle.net/20.500.11840/termmaster10070159,herbaria (albums),https://hdl.handle.net/20.500.11840/termmaster10079486,herbariums
https://hdl.handle.net/20.500.11840/termmaster10064586,Wadi Mawr,https://hdl.handle.net/20.500.11840/termmaster10064584,Wadi Mahir | Wadi Muhr
https://hdl.handle.net/20.500.11840/termmaster10065639,lignum vitaehout,https://hdl.handle.net/20.500.11840/termmaster10065616,guaiacum | guayacan | lignum vitae | lignum-vitae
https://hdl.handle.net/20.500.11840/termmaster10067844,tafels naar functie,https://hdl.handle.net/20.500.11840/termmaster10067837,tables by function
https://hdl.handle.net/20.500.11840/termmaster10071757,"koel-, verwarm- en bevochtigingsuitrusting",https://hdl.handle.net/20.500.11840/termmaster10071520,"cooling, heating and humidifying equipment"
https://hdl.handle.net/20.500.11840/termmaster10076929,Yangoru Boiken,https://hdl.handle.net/20.500.11840/termmaster10076928,
https://hdl.handle.net/20.500.11840/termmaster10068510,cricketbats,https://hdl.handle.net/20.500.11840/termmaster10068509,cricket bats
https://hdl.handle.net/20.500.11840/termmaster10063984,Cuttack,https://hdl.handle.net/20.500.11840/termmaster10063982,
https://hdl.handle.net/20.500.11840/termmaster10061385,Arso,https://hdl.handle.net/20.500.11840/termmaster10061383,
https://hdl.handle.net/20.500.11840/termmaster10069568,krijgskleding,https://hdl.handle.net/20.500.11840/termmaster10069561,warriors clothing
https://hdl.handle.net/20.500.11840/termmaster10065155,een rubbing maken,https://hdl.handle.net/20.500.11840/termmaster10065154,rubbing (transferring techniques) | wrijven (overdrachtstechniek)
https://hdl.handle.net/20.500.11840/termmaster10059986,Kabara,https://hdl.handle.net/20.500.11840/termmaster10059984,
https://hdl.handle.net/20.500.11840/termmaster10063502,Chiang Kham,https://hdl.handle.net/20.500.11840/termmaster10063501,Chieng Kam
https://hdl.handle.net/20.500.11840/termmaster10060395,Imani,https://hdl.handle.net/20.500.11840/termmaster10060391,
https://hdl.handle.net/20.500.11840/termmaster10063951,Mandla (district),https://hdl.handle.net/20.500.11840/termmaster10063940,
https://hdl.handle.net/20.500.11840/termmaster10071726,textielscharen,https://hdl.handle.net/20.500.11840/termmaster10071724,kleermakerscharen | tailor scissors
https://hdl.handle.net/20.500.11840/termmaster10058528,Ayacucho,https://hdl.handle.net/20.500.11840/termmaster10058527,
https://hdl.handle.net/20.500.11840/termmaster10062211,Sawangan,https://hdl.handle.net/20.500.11840/termmaster10062208,
https://hdl.handle.net/20.500.11840/termmaster10064562,Hawra',https://hdl.handle.net/20.500.11840/termmaster10064549,Haura | Hawrah
https://hdl.handle.net/20.500.11840/termmaster10056321,Zierikzee,https://hdl.handle.net/20.500.11840/termmaster10056314,
https://hdl.handle.net/20.500.11840/termmaster10057736,Griekenland,https://hdl.handle.net/20.500.11840/termmaster10057258,GRC  | Greece
https://hdl.handle.net/20.500.11840/termmaster10057479,Mont Denise,https://hdl.handle.net/20.500.11840/termmaster10057477,
https://hdl.handle.net/20.500.11840/termmaster10071245,gietlepels,https://hdl.handle.net/20.500.11840/termmaster10071244,ladles
https://hdl.handle.net/20.500.11840/termmaster10067682,vetlampen,https://hdl.handle.net/20.500.11840/termmaster10067681,grease lamps | traanlamp | traanlampen | vetlamp
https://hdl.handle.net/20.500.11840/termmaster10069025,kunstwerken,https://hdl.handle.net/20.500.11840/termmaster10069024,works of art
https://hdl.handle.net/20.500.11840/termmaster10057025,Grasellenbach,https://hdl.handle.net/20.500.11840/termmaster10057005,
https://hdl.handle.net/20.500.11840/termmaster10060586,Maramba,https://hdl.handle.net/20.500.11840/termmaster10060520,
https://hdl.handle.net/20.500.11840/termmaster10059361,Chichihualco,https://hdl.handle.net/20.500.11840/termmaster10059356,
https://hdl.handle.net/20.500.11840/termmaster10060421,Hansabaai,https://hdl.handle.net/20.500.11840/termmaster10060399,Hansa Bay
https://hdl.handle.net/20.500.11840/termmaster10062692,Ternate (stad),https://hdl.handle.net/20.500.11840/termmaster10062691,Kota Ternate | Ternate (populated place)
https://hdl.handle.net/20.500.11840/termmaster10059194,San Pablo Yaganiza,https://hdl.handle.net/20.500.11840/termmaster10059119,
https://hdl.handle.net/20.500.11840/termmaster10056968,Bad Lauterberg im Harz,https://hdl.handle.net/20.500.11840/termmaster10056954,
https://hdl.handle.net/20.500.11840/termmaster10076655,West-Polynesische culturen,https://hdl.handle.net/20.500.11840/termmaster10076641,Western Polynesian cultures
https://hdl.handle.net/20.500.11840/termmaster10067760,schoolbanken,https://hdl.handle.net/20.500.11840/termmaster10067759,forms (benches)
https://hdl.handle.net/20.500.11840/termmaster10062492,Sawu (eiland),https://hdl.handle.net/20.500.11840/termmaster10062490,Pulau Sawu | Rai Hwau (eiland) | Sabu (eiland) | Savu (eiland) | Sawu (isalnd)
https://hdl.handle.net/20.500.11840/termmaster10066316,nederzettingen en landschappen,https://hdl.handle.net/20.500.11840/termmaster10066296,Settlements and Landscapes
https://hdl.handle.net/20.500.11840/termmaster10072033,audio-apparatuur,https://hdl.handle.net/20.500.11840/termmaster10072032,audio equipment
https://hdl.handle.net/20.500.11840/termmaster10078847,Sango,https://hdl.handle.net/20.500.11840/termmaster10078825,Sango (Northwest Democratic Republic of Congo style)
https://hdl.handle.net/20.500.11840/termmaster10079221,meegedragen religieuze of magische objecten,https://hdl.handle.net/20.500.11840/termmaster10079217,mobile religious and magical objects
https://hdl.handle.net/20.500.11840/termmaster10062357,Barru (regentschap),https://hdl.handle.net/20.500.11840/termmaster10062270,Barru (kabupaten) | Barru (regency)
https://hdl.handle.net/20.500.11840/termmaster10066666,ruimten in christelijke religieuze gebouwen,https://hdl.handle.net/20.500.11840/termmaster10066665,Christian religious building spaces
https://hdl.handle.net/20.500.11840/termmaster10065497,verpakkingsmateriaal,https://hdl.handle.net/20.500.11840/termmaster10065494,ongeclassificeerde verpakking | packing | packing material
https://hdl.handle.net/20.500.11840/termmaster10065195,caoutchouc,https://hdl.handle.net/20.500.11840/termmaster10065193,
https://hdl.handle.net/20.500.11840/termmaster10068349,kajaktafels,https://hdl.handle.net/20.500.11840/termmaster10068343,kayak tables
https://hdl.handle.net/20.500.11840/termmaster10070157,prentenalbums,https://hdl.handle.net/20.500.11840/termmaster10070155,print albums
https://hdl.handle.net/20.500.11840/termmaster10058187,Kabelstation,https://hdl.handle.net/20.500.11840/termmaster10058183,
https://hdl.handle.net/20.500.11840/termmaster10069548,koto's (kleding),https://hdl.handle.net/20.500.11840/termmaster10069541,kotos (clothing)
https://hdl.handle.net/20.500.11840/termmaster10054711,Sanaag,https://hdl.handle.net/20.500.11840/termmaster10054710,Gobol
https://hdl.handle.net/20.500.11840/termmaster10066136,dunduns,https://hdl.handle.net/20.500.11840/termmaster10066135,
https://hdl.handle.net/20.500.11840/termmaster10055510,Jutland,https://hdl.handle.net/20.500.11840/termmaster10055502,
https://hdl.handle.net/20.500.11840/termmaster10076822,Kaluli,https://hdl.handle.net/20.500.11840/termmaster10076819,Bosavi
https://hdl.handle.net/20.500.11840/termmaster10078483,Ankwe,https://hdl.handle.net/20.500.11840/termmaster10078481,Ankwai | Goemai | Gumi | Kemai
https://hdl.handle.net/20.500.11840/termmaster10070331,potten,https://hdl.handle.net/20.500.11840/termmaster10070291,pots
https://hdl.handle.net/20.500.11840/termmaster10059125,Teotitlán del Camino,https://hdl.handle.net/20.500.11840/termmaster10059119,
https://hdl.handle.net/20.500.11840/termmaster10068266,bergingsvaartuigen,https://hdl.handle.net/20.500.11840/termmaster10068264,
https://hdl.handle.net/20.500.11840/termmaster10066714,magazijnen,https://hdl.handle.net/20.500.11840/termmaster10066713,supply rooms
https://hdl.handle.net/20.500.11840/termmaster10070822,pupukhoorns,https://hdl.handle.net/20.500.11840/termmaster10070820,fertilizer horns
https://hdl.handle.net/20.500.11840/termmaster10064152,Abu Ghosh,https://hdl.handle.net/20.500.11840/termmaster10064150,Abu Ghaush | Abu Ghawsh
https://hdl.handle.net/20.500.11840/termmaster10049300,schools onderwijs,https://hdl.handle.net/20.500.11840/termmaster10049298,school (onderwijs) | school education
https://hdl.handle.net/20.500.11840/termmaster10057151,Dotternhausen,https://hdl.handle.net/20.500.11840/termmaster10057107,
https://hdl.handle.net/20.500.11840/termmaster10064960,kant (techniek),https://hdl.handle.net/20.500.11840/termmaster10064957,kantvervaardiging | lace making
https://hdl.handle.net/20.500.11840/termmaster10054359,Reggane,https://hdl.handle.net/20.500.11840/termmaster10054356,Reggâne
https://hdl.handle.net/20.500.11840/termmaster10054785,Ketou,https://hdl.handle.net/20.500.11840/termmaster10054776,
https://hdl.handle.net/20.500.11840/termmaster10067146,skeletpoppen,https://hdl.handle.net/20.500.11840/termmaster10067133,Catrina figurines | skeleton dolls
https://hdl.handle.net/20.500.11840/termmaster10079603,acrylverfschilderingen,https://hdl.handle.net/20.500.11840/termmaster10067375,acrylic paintings (visual works)
https://hdl.handle.net/20.500.11840/termmaster10068983,fysische antropologie,https://hdl.handle.net/20.500.11840/termmaster10050133,physical anthropology
https://hdl.handle.net/20.500.11840/termmaster10069413,petten en mutsen naar functie,https://hdl.handle.net/20.500.11840/termmaster10069411,caps by function
https://hdl.handle.net/20.500.11840/termmaster10059411,Motul,https://hdl.handle.net/20.500.11840/termmaster10059408,
https://hdl.handle.net/20.500.11840/termmaster10061644,Ao,https://hdl.handle.net/20.500.11840/termmaster10061643,
https://hdl.handle.net/20.500.11840/termmaster10067103,onderzoeksinstituten,https://hdl.handle.net/20.500.11840/termmaster10067096,research institutes | wetenschappelijke instituten
https://hdl.handle.net/20.500.11840/termmaster10062511,Kupang (stadsgemeente),https://hdl.handle.net/20.500.11840/termmaster10062494,Kupang (kota) | Kupang (municipality)
https://hdl.handle.net/20.500.11840/termmaster10066405,voetbalvelden,https://hdl.handle.net/20.500.11840/termmaster10066403,football-grounds | soccer fields
https://hdl.handle.net/20.500.11840/termmaster10058436,Capachica,https://hdl.handle.net/20.500.11840/termmaster10058423,
https://hdl.handle.net/20.500.11840/termmaster10077051,Mamberamo- en Apauwargebied culturen,https://hdl.handle.net/20.500.11840/termmaster10077020,Mamberamo and Apauwar area cultures
https://hdl.handle.net/20.500.11840/termmaster10054242,Al Minya (gouvernement),https://hdl.handle.net/20.500.11840/termmaster10054225,Al Minya (governorate)
https://hdl.handle.net/20.500.11840/termmaster10065787,tand (dierlijk),https://hdl.handle.net/20.500.11840/termmaster10065784,tooth (animal)
https://hdl.handle.net/20.500.11840/termmaster10078602,Kwere,https://hdl.handle.net/20.500.11840/termmaster10078600,Bakwere | Oukwere | Wakwere
https://hdl.handle.net/20.500.11840/termmaster10071771,koelkasten,https://hdl.handle.net/20.500.11840/termmaster10071757,koelkast | refrigerators
https://hdl.handle.net/20.500.11840/termmaster10067575,pianolopers,https://hdl.handle.net/20.500.11840/termmaster10067574,piano fronts
https://hdl.handle.net/20.500.11840/termmaster10068811,serviezen,https://hdl.handle.net/20.500.11840/termmaster10068804,services (sets)
https://hdl.handle.net/20.500.11840/termmaster10062996,Arosbaya,https://hdl.handle.net/20.500.11840/termmaster10062995,Arosbaja
https://hdl.handle.net/20.500.11840/termmaster10066301,afvalbakken,https://hdl.handle.net/20.500.11840/termmaster10066300,vuilnisbakken | waste bins
https://hdl.handle.net/20.500.11840/termmaster10079587,Cape York Peninsula Art,https://hdl.handle.net/20.500.11840/termmaster10079596,
https://hdl.handle.net/20.500.11840/termmaster10056271,Sint Geertruid,https://hdl.handle.net/20.500.11840/termmaster10056222,
https://hdl.handle.net/20.500.11840/termmaster10063084,Semarang (regentschap),https://hdl.handle.net/20.500.11840/termmaster10063042,Semarang (kabupaten) | Semarang (regency)
https://hdl.handle.net/20.500.11840/termmaster10054873,Dolu Tibinta,https://hdl.handle.net/20.500.11840/termmaster10054795,
https://hdl.handle.net/20.500.11840/termmaster10066143,sanza's,https://hdl.handle.net/20.500.11840/termmaster10066141,duimpiano's | sansa's | sansas
https://hdl.handle.net/20.500.11840/termmaster10068208,Europees papiergeld,https://hdl.handle.net/20.500.11840/termmaster10068207,European paper money
https://hdl.handle.net/20.500.11840/termmaster10069201,binnenschoenen,https://hdl.handle.net/20.500.11840/termmaster10069199,inner shoes
https://hdl.handle.net/20.500.11840/termmaster10056155,Amerongen,https://hdl.handle.net/20.500.11840/termmaster10056154,
https://hdl.handle.net/20.500.11840/termmaster10068504,hockeysticks,https://hdl.handle.net/20.500.11840/termmaster10068497,hockey sticks
https://hdl.handle.net/20.500.11840/termmaster10079588,3D-printen,https://hdl.handle.net/20.500.11840/termmaster10064716,3-D printing | driedimensionaal printen | ge-3D-print
https://hdl.handle.net/20.500.11840/termmaster10056619,Kirkcudbrightshire,https://hdl.handle.net/20.500.11840/termmaster10056600,
https://hdl.handle.net/20.500.11840/termmaster10063953,Mandla,https://hdl.handle.net/20.500.11840/termmaster10063951,
https://hdl.handle.net/20.500.11840/termmaster10065719,gerstekorrel,https://hdl.handle.net/20.500.11840/termmaster10065717,barley | gerst (graankorrel)
https://hdl.handle.net/20.500.11840/termmaster10077867,Golconda,https://hdl.handle.net/20.500.11840/termmaster10077866,Golkonda | Qutb Shahi dynastie
https://hdl.handle.net/20.500.11840/termmaster10077917,Indiase regionale culturen,https://hdl.handle.net/20.500.11840/termmaster10077884,Indian regional cultures
https://hdl.handle.net/20.500.11840/termmaster10069040,segerkegels,https://hdl.handle.net/20.500.11840/termmaster10069039,pyrometric cone
https://hdl.handle.net/20.500.11840/termmaster10076027,Mixteca,https://hdl.handle.net/20.500.11840/termmaster10076017,
https://hdl.handle.net/20.500.11840/termmaster10077993,Guler,https://hdl.handle.net/20.500.11840/termmaster10077985,
https://hdl.handle.net/20.500.11840/termmaster10066839,openbare toiletten,https://hdl.handle.net/20.500.11840/termmaster10066833,comfort stations | sanitaire gebouwen | sanitaire voorzieningen
https://hdl.handle.net/20.500.11840/termmaster10058942,Huatusco,https://hdl.handle.net/20.500.11840/termmaster10058938,
https://hdl.handle.net/20.500.11840/termmaster10066602,luiken,https://hdl.handle.net/20.500.11840/termmaster10066601,shutters | vensterluiken
https://hdl.handle.net/20.500.11840/termmaster10068421,open auto's,https://hdl.handle.net/20.500.11840/termmaster10068420,open automobiles
https://hdl.handle.net/20.500.11840/termmaster10057856,Oswiecim,https://hdl.handle.net/20.500.11840/termmaster10057855,Auschwitz
https://hdl.handle.net/20.500.11840/termmaster10061186,Panay,https://hdl.handle.net/20.500.11840/termmaster10061128,
https://hdl.handle.net/20.500.11840/termmaster10050027,Pasen,https://hdl.handle.net/20.500.11840/termmaster10050023,Easter | Pesach
https://hdl.handle.net/20.500.11840/termmaster10055094,Gambia,https://hdl.handle.net/20.500.11840/termmaster10055050,GMB  | The Gambia
https://hdl.handle.net/20.500.11840/termmaster10060680,Shortland-eilanden,https://hdl.handle.net/20.500.11840/termmaster10060669,Shortland Islands
https://hdl.handle.net/20.500.11840/termmaster10056414,Aa en Hunze,https://hdl.handle.net/20.500.11840/termmaster10056387,
https://hdl.handle.net/20.500.11840/termmaster10054531,Carthago,https://hdl.handle.net/20.500.11840/termmaster10054529,Carthage | Qartajannah
https://hdl.handle.net/20.500.11840/termmaster10057569,Les Rives,https://hdl.handle.net/20.500.11840/termmaster10057568,
https://hdl.handle.net/20.500.11840/termmaster10062603,Kotawaringin Lama,https://hdl.handle.net/20.500.11840/termmaster10062601,Kotawaringin
https://hdl.handle.net/20.500.11840/termmaster10071052,zweetschrapers,https://hdl.handle.net/20.500.11840/termmaster10071028,sweat scrapers
https://hdl.handle.net/20.500.11840/termmaster10059024,Teziutlán,https://hdl.handle.net/20.500.11840/termmaster10058972,
https://hdl.handle.net/20.500.11840/termmaster10061988,Mesuji (regentschap),https://hdl.handle.net/20.500.11840/termmaster10061964,Mesuji (kabupaten) | Mesuji (regency)
https://hdl.handle.net/20.500.11840/termmaster10079025,media-cultuur,https://hdl.handle.net/20.500.11840/termmaster10079020,culturen op basis van fantasy-verhalen | culturen op basis van stripverhalen | game culture | manga'- en anime-cultuur | media culture
https://hdl.handle.net/20.500.11840/termmaster10067048,gebouwen van de wetgevende macht,https://hdl.handle.net/20.500.11840/termmaster10067034,legislative buildings
https://hdl.handle.net/20.500.11840/termmaster10050188,rebellies en opstanden,https://hdl.handle.net/20.500.11840/termmaster10050164,opstanden | rebellions and uprisings
https://hdl.handle.net/20.500.11840/termmaster10057494,Ver-sur-Launette,https://hdl.handle.net/20.500.11840/termmaster10057487,
https://hdl.handle.net/20.500.11840/termmaster10060270,Newman,https://hdl.handle.net/20.500.11840/termmaster10060267,Mount Newman
https://hdl.handle.net/20.500.11840/termmaster10079625,Kajoran,https://hdl.handle.net/20.500.11840/termmaster10062938,
https://hdl.handle.net/20.500.11840/termmaster10058607,Uaupés (rivier),https://hdl.handle.net/20.500.11840/termmaster10058604,Uaupés (river)
https://hdl.handle.net/20.500.11840/termmaster10057798,Terezín,https://hdl.handle.net/20.500.11840/termmaster10057790,Terezin | Theresienstadt
https://hdl.handle.net/20.500.11840/termmaster10057456,Juan-les-Pins,https://hdl.handle.net/20.500.11840/termmaster10057455,
https://hdl.handle.net/20.500.11840/termmaster10069261,oorspoelen,https://hdl.handle.net/20.500.11840/termmaster10069257,earspools | oorklossen | oorpluggen | oorschijven
https://hdl.handle.net/20.500.11840/termmaster10061999,Muaratakus,https://hdl.handle.net/20.500.11840/termmaster10061997,Moeara Takus | Muara Takus
https://hdl.handle.net/20.500.11840/termmaster10057896,Vojvodina,https://hdl.handle.net/20.500.11840/termmaster10057893,
https://hdl.handle.net/20.500.11840/termmaster10056359,Glimmen,https://hdl.handle.net/20.500.11840/termmaster10056358,
https://hdl.handle.net/20.500.11840/termmaster10065110,afwerken (procedé),https://hdl.handle.net/20.500.11840/termmaster10065109,afgewerkt | finishing (process)
https://hdl.handle.net/20.500.11840/termmaster10077506,Ende,https://hdl.handle.net/20.500.11840/termmaster10077505,Endeh
https://hdl.handle.net/20.500.11840/termmaster10079531,toe-eigenen van vreemde objectgenres in eigen cultuur,https://hdl.handle.net/20.500.11840/termmaster10079471,
https://hdl.handle.net/20.500.11840/termmaster10065233,lipide,https://hdl.handle.net/20.500.11840/termmaster10065158,lipid | lipoid
https://hdl.handle.net/20.500.11840/termmaster10055083,Santéna,https://hdl.handle.net/20.500.11840/termmaster10055051,
https://hdl.handle.net/20.500.11840/termmaster10068639,grendels,https://hdl.handle.net/20.500.11840/termmaster10068638,bolts (latch and lock components)
https://hdl.handle.net/20.500.11840/termmaster10077751,Zuidoost-Aziatisch,https://hdl.handle.net/20.500.11840/termmaster10077090,Southeast Asian
https://hdl.handle.net/20.500.11840/termmaster10065881,reststoffen,https://hdl.handle.net/20.500.11840/termmaster10065602,residue materials
https://hdl.handle.net/20.500.11840/termmaster10056379,Niehove,https://hdl.handle.net/20.500.11840/termmaster10056355,
https://hdl.handle.net/20.500.11840/termmaster10069707,valhelmen,https://hdl.handle.net/20.500.11840/termmaster10069704,crash helmets
https://hdl.handle.net/20.500.11840/termmaster10067624,spiegellijsten,https://hdl.handle.net/20.500.11840/termmaster10067623,mirror frames
https://hdl.handle.net/20.500.11840/termmaster10067499,godenbeelden,https://hdl.handle.net/20.500.11840/termmaster10067494,Boeddhabeelden | Buddhabeelden | afgodsbeelden | figurines of deities | idol portraits | idols | statues of deities
https://hdl.handle.net/20.500.11840/termmaster10068781,deurbellen,https://hdl.handle.net/20.500.11840/termmaster10068780,doorbells
https://hdl.handle.net/20.500.11840/termmaster10055504,Amager,https://hdl.handle.net/20.500.11840/termmaster10055503,
https://hdl.handle.net/20.500.11840/termmaster10079122,aardrijkskunde,https://hdl.handle.net/20.500.11840/termmaster10079605,geografie | geography
https://hdl.handle.net/20.500.11840/termmaster10079597,Australian Aboriginal kunst naar techniek en patronen,https://hdl.handle.net/20.500.11840/termmaster10079578,Australian Aboriginal Art by technique and patterning
https://hdl.handle.net/20.500.11840/termmaster10067350,kleurenhoutgravures,https://hdl.handle.net/20.500.11840/termmaster10067349,color wood engravings
https://hdl.handle.net/20.500.11840/termmaster10063180,Magelang (stadsgemeente),https://hdl.handle.net/20.500.11840/termmaster10063042,Magelang (kota) | Magelang (municipality)
https://hdl.handle.net/20.500.11840/termmaster10055080,Gorom Gorom,https://hdl.handle.net/20.500.11840/termmaster10055051,
https://hdl.handle.net/20.500.11840/termmaster10050388,contractarbeid (kolonialisme),https://hdl.handle.net/20.500.11840/termmaster10050386,contract labour | indentured labor
https://hdl.handle.net/20.500.11840/termmaster10071072,duikbrillen,https://hdl.handle.net/20.500.11840/termmaster10071069,diving masks
https://hdl.handle.net/20.500.11840/termmaster10065632,irokohout,https://hdl.handle.net/20.500.11840/termmaster10065616,African teak | Chlorophora excelsa | Nigerian teak | iroko | iroko wood
https://hdl.handle.net/20.500.11840/termmaster10054167,Birak,https://hdl.handle.net/20.500.11840/termmaster10054166,Brak
https://hdl.handle.net/20.500.11840/termmaster10077655,Kur,https://hdl.handle.net/20.500.11840/termmaster10077649,
https://hdl.handle.net/20.500.11840/termmaster10077482,Siberut,https://hdl.handle.net/20.500.11840/termmaster10077477,
https://hdl.handle.net/20.500.11840/termmaster10070165,stalenboeken,https://hdl.handle.net/20.500.11840/termmaster10070154,monsterboeken | sample books
https://hdl.handle.net/20.500.11840/termmaster10059336,Naicá,https://hdl.handle.net/20.500.11840/termmaster10059329,Naica
https://hdl.handle.net/20.500.11840/termmaster10057742,Thessaloníki (departement),https://hdl.handle.net/20.500.11840/termmaster10057737,Thessaloníki (department)
https://hdl.handle.net/20.500.11840/termmaster10063424,Besakih,https://hdl.handle.net/20.500.11840/termmaster10063419,
https://hdl.handle.net/20.500.11840/termmaster10063460,Grote Soenda-eilanden,https://hdl.handle.net/20.500.11840/termmaster10063459,Greater Sunda Islands | Kepulauan Sunda Besar
https://hdl.handle.net/20.500.11840/termmaster10067143,klederdrachtpoppen,https://hdl.handle.net/20.500.11840/termmaster10067133,costume dolls
https://hdl.handle.net/20.500.11840/termmaster10078919,Mbamba,https://hdl.handle.net/20.500.11840/termmaster10078917,Ambamba | Babamba | Bamba | Bambamba | Mbamba (Kongo) | Obamba
https://hdl.handle.net/20.500.11840/termmaster10059463,South Dakota,https://hdl.handle.net/20.500.11840/termmaster10059451,
https://hdl.handle.net/20.500.11840/termmaster10071652,mechanische printers,https://hdl.handle.net/20.500.11840/termmaster10071651,impact printers
https://hdl.handle.net/20.500.11840/termmaster10071554,kerfbanken,https://hdl.handle.net/20.500.11840/termmaster10071553,tobacco cutting planks
https://hdl.handle.net/20.500.11840/termmaster10077750,Lawangan,https://hdl.handle.net/20.500.11840/termmaster10077738,Luangan
https://hdl.handle.net/20.500.11840/termmaster10077611,Onda'e,https://hdl.handle.net/20.500.11840/termmaster10077606,
https://hdl.handle.net/20.500.11840/termmaster10061065,Yahui,https://hdl.handle.net/20.500.11840/termmaster10061058,
https://hdl.handle.net/20.500.11840/termmaster10064385,Morghab,https://hdl.handle.net/20.500.11840/termmaster10064377,
https://hdl.handle.net/20.500.11840/termmaster10063762,Barmer,https://hdl.handle.net/20.500.11840/termmaster10063759,
https://hdl.handle.net/20.500.11840/termmaster10079054,aardkorstbewegingen,https://hdl.handle.net/20.500.11840/termmaster10048167,earth movements
https://hdl.handle.net/20.500.11840/termmaster10061673,Sumatera Utara (provincie),https://hdl.handle.net/20.500.11840/termmaster10061672,Bataklanden | Sumatera Utara (province) | Sumatera Utara (provinsi) | Sumatera: noord | Sumatera: noordelijk | Tapanoeli | Tapanuli
https://hdl.handle.net/20.500.11840/termmaster10049404,fotoverslag van gebeurtenissen,https://hdl.handle.net/20.500.11840/termmaster10049965,
https://hdl.handle.net/20.500.11840/termmaster10064246,Denizli (provincie),https://hdl.handle.net/20.500.11840/termmaster10064236,Denizli (province)
https://hdl.handle.net/20.500.11840/termmaster10062539,Kalis (rivier),https://hdl.handle.net/20.500.11840/termmaster10062528,Kalis (river) | Sungai Kalis
https://hdl.handle.net/20.500.11840/termmaster10070922,wondstoppen,https://hdl.handle.net/20.500.11840/termmaster10070913,wondpluggen | wound plugs
https://hdl.handle.net/20.500.11840/termmaster10078536,Tunesisch,https://hdl.handle.net/20.500.11840/termmaster10078532,Tunesian
https://hdl.handle.net/20.500.11840/termmaster10070239,aankondigings- en reclamedragers,https://hdl.handle.net/20.500.11840/termmaster10070199,declaratory and advertising artifacts
https://hdl.handle.net/20.500.11840/termmaster10060775,Kantô regio,https://hdl.handle.net/20.500.11840/termmaster10060764,
https://hdl.handle.net/20.500.11840/termmaster10060136,Kempsey,https://hdl.handle.net/20.500.11840/termmaster10060134,
https://hdl.handle.net/20.500.11840/termmaster10059826,Delaware,https://hdl.handle.net/20.500.11840/termmaster10059451,
https://hdl.handle.net/20.500.11840/termmaster10063184,Cilincing,https://hdl.handle.net/20.500.11840/termmaster10063183,Tjilintjing
https://hdl.handle.net/20.500.11840/termmaster10049814,medium (persoon),https://hdl.handle.net/20.500.11840/termmaster10049813,medium (person)
https://hdl.handle.net/20.500.11840/termmaster10062265,Tomini (golf),https://hdl.handle.net/20.500.11840/termmaster10062263,
https://hdl.handle.net/20.500.11840/termmaster10054515,Tunesië,https://hdl.handle.net/20.500.11840/termmaster10054309,TUN  | Tunesie | Tunisia
https://hdl.handle.net/20.500.11840/termmaster10067589,muurbedekkingen,https://hdl.handle.net/20.500.11840/termmaster10067584,wall coverings
https://hdl.handle.net/20.500.11840/termmaster10070222,legitimatiebewijzen,https://hdl.handle.net/20.500.11840/termmaster10070218,identiteitspapieren | identity cards
https://hdl.handle.net/20.500.11840/termmaster10049693,leerstellige begrippen,https://hdl.handle.net/20.500.11840/termmaster10049685,religieus dogma | religieuze doctrines | religious doctrines
https://hdl.handle.net/20.500.11840/termmaster10055721,Barneveld,https://hdl.handle.net/20.500.11840/termmaster10055671,
https://hdl.handle.net/20.500.11840/termmaster10061423,Supiori (regentschap),https://hdl.handle.net/20.500.11840/termmaster10061410,Supiori (kabupaten) | Supiori (regency)
https://hdl.handle.net/20.500.11840/termmaster10077400,Agta,https://hdl.handle.net/20.500.11840/termmaster10077399,Aeta | Ayta | Negrito
https://hdl.handle.net/20.500.11840/termmaster10059909,Nunavik (regio),https://hdl.handle.net/20.500.11840/termmaster10059902,
https://hdl.handle.net/20.500.11840/termmaster10065572,verfstof,https://hdl.handle.net/20.500.11840/termmaster10065560,dye | dyestuffs
https://hdl.handle.net/20.500.11840/termmaster10069746,tijdschriften,https://hdl.handle.net/20.500.11840/termmaster10069742,periodicals
https://hdl.handle.net/20.500.11840/termmaster10077087,Irarutu,https://hdl.handle.net/20.500.11840/termmaster10077081,Irutu | Kaitero | Kasira
https://hdl.handle.net/20.500.11840/termmaster10059406,Tortuguero,https://hdl.handle.net/20.500.11840/termmaster10059405,El Tortuguero
https://hdl.handle.net/20.500.11840/termmaster10071211,tortillapersen,https://hdl.handle.net/20.500.11840/termmaster10071210,tortilla presses
https://hdl.handle.net/20.500.11840/termmaster10055793,Achterhoek (regio),https://hdl.handle.net/20.500.11840/termmaster10055671,Achterhoek (region)
https://hdl.handle.net/20.500.11840/termmaster10067283,gelatinenegatieven op acetaat,https://hdl.handle.net/20.500.11840/termmaster10067282,gelatine silver negatives on acetate
https://hdl.handle.net/20.500.11840/termmaster10054082,Mayumbe (COD),https://hdl.handle.net/20.500.11840/termmaster10054065,
https://hdl.handle.net/20.500.11840/termmaster10059066,Nahuatzen,https://hdl.handle.net/20.500.11840/termmaster10059059,
https://hdl.handle.net/20.500.11840/termmaster10064680,Sabastiya,https://hdl.handle.net/20.500.11840/termmaster10064673,Sébastiéh
https://hdl.handle.net/20.500.11840/termmaster10069246,sieraden gedragen op/aan het hoofd,https://hdl.handle.net/20.500.11840/termmaster10069245,jewelry worn on head
https://hdl.handle.net/20.500.11840/termmaster10079515,polyethyleentereftalaat (PET),https://hdl.handle.net/20.500.11840/termmaster10079514,Dacron | Melinex | Mylar | PET (polyethyleentereftalaat) | PETE | PETP | Rynite | polyetheen terephthalaat | polyetheentereftalaat | polyethylene terephthalate (PET)
https://hdl.handle.net/20.500.11840/termmaster10070313,medicijnflessen,https://hdl.handle.net/20.500.11840/termmaster10070310,medicijnflesjes | medicine bottles
https://hdl.handle.net/20.500.11840/termmaster10063790,Coromandel,https://hdl.handle.net/20.500.11840/termmaster10063789,Koromandel
https://hdl.handle.net/20.500.11840/termmaster10076319,Pomo (California),https://hdl.handle.net/20.500.11840/termmaster10076316,Pomo (Californian)
https://hdl.handle.net/20.500.11840/termmaster10055470,Halland,https://hdl.handle.net/20.500.11840/termmaster10055432,
https://hdl.handle.net/20.500.11840/termmaster10070793,snijtroggen,https://hdl.handle.net/20.500.11840/termmaster10070792,cutting troughs | snijbakken
https://hdl.handle.net/20.500.11840/termmaster10063477,Tavoy,https://hdl.handle.net/20.500.11840/termmaster10063469,
https://hdl.handle.net/20.500.11840/termmaster10077579,Salayar,https://hdl.handle.net/20.500.11840/termmaster10077570,Salajar | Saleier | Selayar
https://hdl.handle.net/20.500.11840/termmaster10071989,lakstempels,https://hdl.handle.net/20.500.11840/termmaster10071985,lacquer stamps
https://hdl.handle.net/20.500.11840/termmaster10055397,Baykal-meer,https://hdl.handle.net/20.500.11840/termmaster10055396,Baikalmeer
https://hdl.handle.net/20.500.11840/termmaster10061545,Yobar,https://hdl.handle.net/20.500.11840/termmaster10061525,Jobar
https://hdl.handle.net/20.500.11840/termmaster10077614,Tae',https://hdl.handle.net/20.500.11840/termmaster10077606,Taeq | Toala
https://hdl.handle.net/20.500.11840/termmaster10064521,Haddah,https://hdl.handle.net/20.500.11840/termmaster10064515,Hadda -Jemen
https://hdl.handle.net/20.500.11840/termmaster10066386,hekken (afscheidingen),https://hdl.handle.net/20.500.11840/termmaster10066385,gedek | rail fences
https://hdl.handle.net/20.500.11840/termmaster10064964,knopen (textielvervaardiging),https://hdl.handle.net/20.500.11840/termmaster10064957,geknoopt | knotting
https://hdl.handle.net/20.500.11840/termmaster10071632,verfbranders,https://hdl.handle.net/20.500.11840/termmaster10071618,paint burners
https://hdl.handle.net/20.500.11840/termmaster10060977,Hangzhou,https://hdl.handle.net/20.500.11840/termmaster10060976,
https://hdl.handle.net/20.500.11840/termmaster10076193,Jamamadí,https://hdl.handle.net/20.500.11840/termmaster10076189,Jamamadi | Jamamandi | Jurua | Kapana | Yamamadi | Yamamadí
https://hdl.handle.net/20.500.11840/termmaster10058364,Nabón,https://hdl.handle.net/20.500.11840/termmaster10058341,
https://hdl.handle.net/20.500.11840/termmaster10054876,Accra,https://hdl.handle.net/20.500.11840/termmaster10054875,
https://hdl.handle.net/20.500.11840/termmaster10078572,Ida ou Nadif,https://hdl.handle.net/20.500.11840/termmaster10078566,
https://hdl.handle.net/20.500.11840/termmaster10064426,Dalaki,https://hdl.handle.net/20.500.11840/termmaster10064422,
https://hdl.handle.net/20.500.11840/termmaster10056916,Solingen,https://hdl.handle.net/20.500.11840/termmaster10056899,
https://hdl.handle.net/20.500.11840/termmaster10056974,Baden,https://hdl.handle.net/20.500.11840/termmaster10056972,
https://hdl.handle.net/20.500.11840/termmaster10062728,Laiui,https://hdl.handle.net/20.500.11840/termmaster10062727,Laiwoei | Laiwui
https://hdl.handle.net/20.500.11840/termmaster10057769,Monaco,https://hdl.handle.net/20.500.11840/termmaster10057258,MCO 
https://hdl.handle.net/20.500.11840/termmaster10066661,kerktorens,https://hdl.handle.net/20.500.11840/termmaster10066659,church towers
https://hdl.handle.net/20.500.11840/termmaster10053944,Haut-Ogooué (provincie),https://hdl.handle.net/20.500.11840/termmaster10053943,Haut-Ogooué (province)
https://hdl.handle.net/20.500.11840/termmaster10071150,suikerrietpersen,https://hdl.handle.net/20.500.11840/termmaster10071145,sugarcane juice extractors | suikerrietmolens
https://hdl.handle.net/20.500.11840/termmaster10056095,Beetgum,https://hdl.handle.net/20.500.11840/termmaster10056048,
https://hdl.handle.net/20.500.11840/termmaster10069652,dunga dunga maskers,https://hdl.handle.net/20.500.11840/termmaster10069627,dunga dunga masks
https://hdl.handle.net/20.500.11840/termmaster10064812,fotogravure (procedé),https://hdl.handle.net/20.500.11840/termmaster10064811,photogravure (process)
https://hdl.handle.net/20.500.11840/termmaster10070591,gamellen,https://hdl.handle.net/20.500.11840/termmaster10070571,mess kits
https://hdl.handle.net/20.500.11840/termmaster10068251,vaartuigen naar functie,https://hdl.handle.net/20.500.11840/termmaster10068243,watercraft by function
https://hdl.handle.net/20.500.11840/termmaster10054295,Bur Sa'id (gouvernement),https://hdl.handle.net/20.500.11840/termmaster10054225,Bur Sa'id (governorate) | Port Said (gouvernement)
https://hdl.handle.net/20.500.11840/termmaster10061016,Heilongjiang,https://hdl.handle.net/20.500.11840/termmaster10060930,
https://hdl.handle.net/20.500.11840/termmaster10076847,Bongu,https://hdl.handle.net/20.500.11840/termmaster10076843,
https://hdl.handle.net/20.500.11840/termmaster10076042,Quiché,https://hdl.handle.net/20.500.11840/termmaster10076036,K'iche'
https://hdl.handle.net/20.500.11840/termmaster10061781,Hilibotodane,https://hdl.handle.net/20.500.11840/termmaster10061779,
https://hdl.handle.net/20.500.11840/termmaster10076937,Damal,https://hdl.handle.net/20.500.11840/termmaster10076932,Amoewé | Amung | Amungme | Amuy | Oegoendoeni | Oehoendoeni | Uhunduni
https://hdl.handle.net/20.500.11840/termmaster10060883,Nagasaki,https://hdl.handle.net/20.500.11840/termmaster10060877,
https://hdl.handle.net/20.500.11840/termmaster10071294,werkuitrusting van dieren,https://hdl.handle.net/20.500.11840/termmaster10071268,animal work equipment
https://hdl.handle.net/20.500.11840/termmaster10078161,Avar,https://hdl.handle.net/20.500.11840/termmaster10078153,
https://hdl.handle.net/20.500.11840/termmaster10078475,Mama,https://hdl.handle.net/20.500.11840/termmaster10078465,Mame
https://hdl.handle.net/20.500.11840/termmaster10054813,Mokolo,https://hdl.handle.net/20.500.11840/termmaster10054795,
https://hdl.handle.net/20.500.11840/termmaster10055903,Nederlek,https://hdl.handle.net/20.500.11840/termmaster10055808,
https://hdl.handle.net/20.500.11840/termmaster10048473,"werken met lijmen, harsen en lakken",https://hdl.handle.net/20.500.11840/termmaster10050332,"090215 | maken van harsen en lakken | working with resin, glue and lacquer"
https://hdl.handle.net/20.500.11840/termmaster10066048,dwarsfluiten,https://hdl.handle.net/20.500.11840/termmaster10066047,transverse flutes
https://hdl.handle.net/20.500.11840/termmaster10071088,keukentextiel,https://hdl.handle.net/20.500.11840/termmaster10071087,culinary equipment: textiles | keukengerei: textiel
https://hdl.handle.net/20.500.11840/termmaster10070232,gebedsvlaggen,https://hdl.handle.net/20.500.11840/termmaster10070229,prayer flags
https://hdl.handle.net/20.500.11840/termmaster10076164,Desana,https://hdl.handle.net/20.500.11840/termmaster10076163,
https://hdl.handle.net/20.500.11840/termmaster10056945,Höver,https://hdl.handle.net/20.500.11840/termmaster10056940,
https://hdl.handle.net/20.500.11840/termmaster10065706,vruchten en zaden,https://hdl.handle.net/20.500.11840/termmaster10065604,fruit and seeds
https://hdl.handle.net/20.500.11840/termmaster10079274,onderwerping en vestiging van de koloniale macht,https://hdl.handle.net/20.500.11840/termmaster10047833,subjugation and establishment of colonial power
https://hdl.handle.net/20.500.11840/termmaster10057339,País Vasco,https://hdl.handle.net/20.500.11840/termmaster10057259,Baskenland
https://hdl.handle.net/20.500.11840/termmaster10058687,Piauí (deelstaat),https://hdl.handle.net/20.500.11840/termmaster10058588,Piauí (state)
https://hdl.handle.net/20.500.11840/termmaster10078555,Joods (Noord-Afrika),https://hdl.handle.net/20.500.11840/termmaster10078546,Jewish (North Africa)
https://hdl.handle.net/20.500.11840/termmaster10077228,Oribe,https://hdl.handle.net/20.500.11840/termmaster10077206,
https://hdl.handle.net/20.500.11840/termmaster10054169,Wadi Ziqzah,https://hdl.handle.net/20.500.11840/termmaster10054165,Uadi Zigzah | Wadi Zigzah
https://hdl.handle.net/20.500.11840/termmaster10066916,broodfabrieken,https://hdl.handle.net/20.500.11840/termmaster10066912,bread factories
https://hdl.handle.net/20.500.11840/termmaster10055441,Norrbotten,https://hdl.handle.net/20.500.11840/termmaster10055432,
https://hdl.handle.net/20.500.11840/termmaster10048087,kleding en accessoires van genootschappen of beroepsgroepen,https://hdl.handle.net/20.500.11840/termmaster10079208,clothes and accessories of guilds and occupational groups
https://hdl.handle.net/20.500.11840/termmaster10057231,Radautal,https://hdl.handle.net/20.500.11840/termmaster10057230,
https://hdl.handle.net/20.500.11840/termmaster10058414,Ucayali (rivier),https://hdl.handle.net/20.500.11840/termmaster10058413,Rio Uyacali | Ucayali (river)
https://hdl.handle.net/20.500.11840/termmaster10067070,poortbouwconstructies,https://hdl.handle.net/20.500.11840/termmaster10066761,gate structures
https://hdl.handle.net/20.500.11840/termmaster10063331,Kanékés,https://hdl.handle.net/20.500.11840/termmaster10063327,Kanekes (Desa)
https://hdl.handle.net/20.500.11840/termmaster10071134,rijststampers,https://hdl.handle.net/20.500.11840/termmaster10071131,rice husking blocks | rice pounder
https://hdl.handle.net/20.500.11840/termmaster10065746,rotan,https://hdl.handle.net/20.500.11840/termmaster10065745,ratan | rattan
https://hdl.handle.net/20.500.11840/termmaster10078465,Benue-Kongo-sprekende volken,https://hdl.handle.net/20.500.11840/termmaster10078456,Benue River region styles | Benue-Congo speaking peoples | Benue-Congo tak
https://hdl.handle.net/20.500.11840/termmaster10063361,Sangeh,https://hdl.handle.net/20.500.11840/termmaster10063352,
https://hdl.handle.net/20.500.11840/termmaster10063455,Tabanan,https://hdl.handle.net/20.500.11840/termmaster10063442,
https://hdl.handle.net/20.500.11840/termmaster10054849,Obala,https://hdl.handle.net/20.500.11840/termmaster10054847,
https://hdl.handle.net/20.500.11840/termmaster10060631,Torricelli (gebergte),https://hdl.handle.net/20.500.11840/termmaster10060608,Torricelli Mountains
https://hdl.handle.net/20.500.11840/termmaster10058407,Central (PRY departement),https://hdl.handle.net/20.500.11840/termmaster10058398,Central (PRY department)
https://hdl.handle.net/20.500.11840/termmaster10079504,aminoplast,https://hdl.handle.net/20.500.11840/termmaster10065161,amino hars | aminoformaldehyd-hars | aminohars | aminokunstsof
https://hdl.handle.net/20.500.11840/termmaster10065235,margarine,https://hdl.handle.net/20.500.11840/termmaster10065234,margarin
https://hdl.handle.net/20.500.11840/termmaster10047975,"wieden, snoeien, uitdunnen",https://hdl.handle.net/20.500.11840/termmaster10047971,03010303 | weeding and pruning
https://hdl.handle.net/20.500.11840/termmaster10078676,Nuba,https://hdl.handle.net/20.500.11840/termmaster10078675,
https://hdl.handle.net/20.500.11840/termmaster10068396,limonadekarretjes,https://hdl.handle.net/20.500.11840/termmaster10068395,
https://hdl.handle.net/20.500.11840/termmaster10048199,bereiden van ingrediënten,https://hdl.handle.net/20.500.11840/termmaster10048192,ingredient preparing
https://hdl.handle.net/20.500.11840/termmaster10049748,gezin,https://hdl.handle.net/20.500.11840/termmaster10049745,nuclear family
https://hdl.handle.net/20.500.11840/termmaster10048574,plezierrijtuigen en vaartuigen,https://hdl.handle.net/20.500.11840/termmaster10048571,pleasure crafts and carriages
https://hdl.handle.net/20.500.11840/termmaster10058814,Puerto Cabezas,https://hdl.handle.net/20.500.11840/termmaster10058810,
https://hdl.handle.net/20.500.11840/termmaster10054384,Khemisti ,https://hdl.handle.net/20.500.11840/termmaster10054383,Bourbaki
https://hdl.handle.net/20.500.11840/termmaster10054321,Ghardaia,https://hdl.handle.net/20.500.11840/termmaster10054310,
https://hdl.handle.net/20.500.11840/termmaster10077061,Ayfat-Ayamaru- culturen,https://hdl.handle.net/20.500.11840/termmaster10077060,
https://hdl.handle.net/20.500.11840/termmaster10068043,boemerangs,https://hdl.handle.net/20.500.11840/termmaster10068042,boomerangs
https://hdl.handle.net/20.500.11840/termmaster10055836,Duttendel,https://hdl.handle.net/20.500.11840/termmaster10055818,
https://hdl.handle.net/20.500.11840/termmaster10066868,sportzalen,https://hdl.handle.net/20.500.11840/termmaster10066867,gymnasiums | gymnastiekzalen
https://hdl.handle.net/20.500.11840/termmaster10054068,Aruwimi,https://hdl.handle.net/20.500.11840/termmaster10054065,
https://hdl.handle.net/20.500.11840/termmaster10068308,vaartuigen geroeid op één niveau,https://hdl.handle.net/20.500.11840/termmaster10068307,single level rowed watercraft
https://hdl.handle.net/20.500.11840/termmaster10055168,Taoudénit (regio),https://hdl.handle.net/20.500.11840/termmaster10055095,Taoudénit (region)
https://hdl.handle.net/20.500.11840/termmaster10057116,Steinheim,https://hdl.handle.net/20.500.11840/termmaster10057108,
https://hdl.handle.net/20.500.11840/termmaster10063633,Savannakhet,https://hdl.handle.net/20.500.11840/termmaster10063622,Savanakhet
https://hdl.handle.net/20.500.11840/termmaster10069608,opzetmaskers,https://hdl.handle.net/20.500.11840/termmaster10069605,crest masks
https://hdl.handle.net/20.500.11840/termmaster10057904,Plitvicka Jezera Nacionalni Park,https://hdl.handle.net/20.500.11840/termmaster10057899,Plitvicemeren
https://hdl.handle.net/20.500.11840/termmaster10055476,Asby,https://hdl.handle.net/20.500.11840/termmaster10055475,
https://hdl.handle.net/20.500.11840/termmaster10061416,Wardo,https://hdl.handle.net/20.500.11840/termmaster10061412,
https://hdl.handle.net/20.500.11840/termmaster10060267,Pilbara (regio),https://hdl.handle.net/20.500.11840/termmaster10060239,Pilbara Region
https://hdl.handle.net/20.500.11840/termmaster10048905,jachtwapens en accessoires,https://hdl.handle.net/20.500.11840/termmaster10048903,hunting and fishing weapons
https://hdl.handle.net/20.500.11840/termmaster10070999,tatoeëerkammen,https://hdl.handle.net/20.500.11840/termmaster10070995,tatoeagekammen | tattooing combs
https://hdl.handle.net/20.500.11840/termmaster10070585,rijststomers,https://hdl.handle.net/20.500.11840/termmaster10070584,rice steamers
https://hdl.handle.net/20.500.11840/termmaster10061393,Mamberamo-gebied,https://hdl.handle.net/20.500.11840/termmaster10061303,Mamberamo Region
https://hdl.handle.net/20.500.11840/termmaster10078893,Boyela,https://hdl.handle.net/20.500.11840/termmaster10078884,Yela
https://hdl.handle.net/20.500.11840/termmaster10065647,olijfhout,https://hdl.handle.net/20.500.11840/termmaster10065616,olea | olive (wood) | olive wood
https://hdl.handle.net/20.500.11840/termmaster10057709,Brive-la-Gaillarde,https://hdl.handle.net/20.500.11840/termmaster10057707,Brive
https://hdl.handle.net/20.500.11840/termmaster10071227,eetstokjes,https://hdl.handle.net/20.500.11840/termmaster10071222,chopsticks | eetstokken
https://hdl.handle.net/20.500.11840/termmaster10071751,vrouwenmessen,https://hdl.handle.net/20.500.11840/termmaster10071740,uluit
https://hdl.handle.net/20.500.11840/termmaster10076273,Yuma,https://hdl.handle.net/20.500.11840/termmaster10076270,Yuman
https://hdl.handle.net/20.500.11840/termmaster10070292,kommen,https://hdl.handle.net/20.500.11840/termmaster10070291,basins
https://hdl.handle.net/20.500.11840/termmaster10063499,Mae Hong Son (provincie),https://hdl.handle.net/20.500.11840/termmaster10063485,Mae Hong Son (changwat) | Mae Hong Son (province)
https://hdl.handle.net/20.500.11840/termmaster10077105,Korea onder Japanse bezetting,https://hdl.handle.net/20.500.11840/termmaster10077093,Korea under Japanese occupation
https://hdl.handle.net/20.500.11840/termmaster10058295,Los Lagos (regio),https://hdl.handle.net/20.500.11840/termmaster10058276,Los Lagos (region)
https://hdl.handle.net/20.500.11840/termmaster10065559,brandhout,https://hdl.handle.net/20.500.11840/termmaster10065558,firewood | fuelwood
https://hdl.handle.net/20.500.11840/termmaster10063654,Ranagaon,https://hdl.handle.net/20.500.11840/termmaster10063639,
https://hdl.handle.net/20.500.11840/termmaster10071952,slavenketens,https://hdl.handle.net/20.500.11840/termmaster10071950,slave shackles | slavenboeien
https://hdl.handle.net/20.500.11840/termmaster10061400,Mamberamo (rivier),https://hdl.handle.net/20.500.11840/termmaster10061398,Mamberamo (river) | Tarikaikea (rivier)
https://hdl.handle.net/20.500.11840/termmaster10062793,Ngilngof,https://hdl.handle.net/20.500.11840/termmaster10062791,
https://hdl.handle.net/20.500.11840/termmaster10059566,Florida,https://hdl.handle.net/20.500.11840/termmaster10059451,
https://hdl.handle.net/20.500.11840/termmaster10067315,chromogene kleurenafdrukken,https://hdl.handle.net/20.500.11840/termmaster10067299,C-prints | chromogenic color prints
https://hdl.handle.net/20.500.11840/termmaster10066422,kerkpleinen,https://hdl.handle.net/20.500.11840/termmaster10066421,parvises
https://hdl.handle.net/20.500.11840/termmaster10069517,tunieken,https://hdl.handle.net/20.500.11840/termmaster10069495,tunics
https://hdl.handle.net/20.500.11840/termmaster10062819,Meyanodas,https://hdl.handle.net/20.500.11840/termmaster10062816,
https://hdl.handle.net/20.500.11840/termmaster10059359,Atzacualoya,https://hdl.handle.net/20.500.11840/termmaster10059356,
https://hdl.handle.net/20.500.11840/termmaster10062485,Timor Tengah,https://hdl.handle.net/20.500.11840/termmaster10062412,
https://hdl.handle.net/20.500.11840/termmaster10078631,Tende,https://hdl.handle.net/20.500.11840/termmaster10078610,Abakuria | Bakulia | Bakulya | Batende | Bulia | Ikikuria | Koria | Kulya | Kuria | Tendi | Watende
https://hdl.handle.net/20.500.11840/termmaster10056401,Bargerveen,https://hdl.handle.net/20.500.11840/termmaster10056397,
https://hdl.handle.net/20.500.11840/termmaster10065252,afzettingsgesteente naar samenstelling,https://hdl.handle.net/20.500.11840/termmaster10065251,sedimentary rock by composition
https://hdl.handle.net/20.500.11840/termmaster10064057,Patan (Gujarat),https://hdl.handle.net/20.500.11840/termmaster10064034,
https://hdl.handle.net/20.500.11840/termmaster10070009,"soorten documenten: gesproken, gezongen of gespeelde werken",https://hdl.handle.net/20.500.11840/termmaster10069980,document genres for oral or performed works
https://hdl.handle.net/20.500.11840/termmaster10064223,Hatay (provincie),https://hdl.handle.net/20.500.11840/termmaster10064220,Hatay (province)
https://hdl.handle.net/20.500.11840/termmaster10079138,massakunst,https://hdl.handle.net/20.500.11840/termmaster10049836,popular art
https://hdl.handle.net/20.500.11840/termmaster10066548,dakachtige omsluitingsbouwconstructies,https://hdl.handle.net/20.500.11840/termmaster10066545,rooflike enclosing structures
https://hdl.handle.net/20.500.11840/termmaster10054096,Nord-Kivu (provincie),https://hdl.handle.net/20.500.11840/termmaster10053986,Noord-Kivu | Nord-Kivu (province)
https://hdl.handle.net/20.500.11840/termmaster10059240,Pisaflores,https://hdl.handle.net/20.500.11840/termmaster10059223,
https://hdl.handle.net/20.500.11840/termmaster10065652,genus Prunus,https://hdl.handle.net/20.500.11840/termmaster10065616,
https://hdl.handle.net/20.500.11840/termmaster10068966,strengen,https://hdl.handle.net/20.500.11840/termmaster10068934,skeins | strings
https://hdl.handle.net/20.500.11840/termmaster10060485,Kalal,https://hdl.handle.net/20.500.11840/termmaster10060484,
https://hdl.handle.net/20.500.11840/termmaster10077939,Chang Naga,https://hdl.handle.net/20.500.11840/termmaster10077937,
https://hdl.handle.net/20.500.11840/termmaster10076070,Salasaca,https://hdl.handle.net/20.500.11840/termmaster10076069,Salasaca Quichua
https://hdl.handle.net/20.500.11840/termmaster10077145,Japanse vroege moderne perioden,https://hdl.handle.net/20.500.11840/termmaster10077126,early modern Japanese periods
https://hdl.handle.net/20.500.11840/termmaster10063461,Kleine Soenda-eilanden,https://hdl.handle.net/20.500.11840/termmaster10063459,Kepulauan Sunda Kecil | Lesser Sunda Islands
https://hdl.handle.net/20.500.11840/termmaster10079238,snijden en kappen,https://hdl.handle.net/20.500.11840/termmaster10047962,cutting and chopping
https://hdl.handle.net/20.500.11840/termmaster10071022,gambirovens,https://hdl.handle.net/20.500.11840/termmaster10071017,gambier ovens
https://hdl.handle.net/20.500.11840/termmaster10078804,Linda,https://hdl.handle.net/20.500.11840/termmaster10078799,
https://hdl.handle.net/20.500.11840/termmaster10060877,Kyûshû,https://hdl.handle.net/20.500.11840/termmaster10060759,
https://hdl.handle.net/20.500.11840/termmaster10076345,Delaware,https://hdl.handle.net/20.500.11840/termmaster10076342,
https://hdl.handle.net/20.500.11840/termmaster10057436,Bouches-du-Rhône,https://hdl.handle.net/20.500.11840/termmaster10057435,
https://hdl.handle.net/20.500.11840/termmaster10063146,Jepara,https://hdl.handle.net/20.500.11840/termmaster10063144,Japara
https://hdl.handle.net/20.500.11840/termmaster10055866,Simonshaven,https://hdl.handle.net/20.500.11840/termmaster10055865,
https://hdl.handle.net/20.500.11840/termmaster10070730,tabaksdozen,https://hdl.handle.net/20.500.11840/termmaster10070726,tobacco boxes
https://hdl.handle.net/20.500.11840/termmaster10063309,Lembang,https://hdl.handle.net/20.500.11840/termmaster10063308,
https://hdl.handle.net/20.500.11840/termmaster10062701,Dodinga,https://hdl.handle.net/20.500.11840/termmaster10062699,
https://hdl.handle.net/20.500.11840/termmaster10062089,Kuta Batu,https://hdl.handle.net/20.500.11840/termmaster10062085,
https://hdl.handle.net/20.500.11840/termmaster10057288,Granada,https://hdl.handle.net/20.500.11840/termmaster10057278,
https://hdl.handle.net/20.500.11840/termmaster10071011,kleipijpen,https://hdl.handle.net/20.500.11840/termmaster10071006,clay pipes
https://hdl.handle.net/20.500.11840/termmaster10078982,Late Tijd (Egyptisch),https://hdl.handle.net/20.500.11840/termmaster10078977,Late Period (Egyptian)
https://hdl.handle.net/20.500.11840/termmaster10066371,graslanden,https://hdl.handle.net/20.500.11840/termmaster10066370,grasslands (plant communities)
https://hdl.handle.net/20.500.11840/termmaster10077986,Basohli,https://hdl.handle.net/20.500.11840/termmaster10077985,
https://hdl.handle.net/20.500.11840/termmaster10056223,Bemelen,https://hdl.handle.net/20.500.11840/termmaster10056222,
https://hdl.handle.net/20.500.11840/termmaster10057460,Montagne Saint Victoire,https://hdl.handle.net/20.500.11840/termmaster10057435,
https://hdl.handle.net/20.500.11840/termmaster10069643,tijgermaskers,https://hdl.handle.net/20.500.11840/termmaster10069632,tiger masks
https://hdl.handle.net/20.500.11840/termmaster10067267,kleurendia's,https://hdl.handle.net/20.500.11840/termmaster10067266,color slides
https://hdl.handle.net/20.500.11840/termmaster10071835,stempelkussens,https://hdl.handle.net/20.500.11840/termmaster10071833,ink pads
https://hdl.handle.net/20.500.11840/termmaster10060570,Kunjingini  ,https://hdl.handle.net/20.500.11840/termmaster10060558,
https://hdl.handle.net/20.500.11840/termmaster10060855,Tottori,https://hdl.handle.net/20.500.11840/termmaster10060854,
https://hdl.handle.net/20.500.11840/termmaster10065638,citroenboomhout,https://hdl.handle.net/20.500.11840/termmaster10065616,citroenhout | dagame | degame | lemon | lemonwood
https://hdl.handle.net/20.500.11840/termmaster10062302,Matano,https://hdl.handle.net/20.500.11840/termmaster10062294,Matana
https://hdl.handle.net/20.500.11840/termmaster10061382,Skoyambe,https://hdl.handle.net/20.500.11840/termmaster10061379,Jamboë | Skou Jamboë | Skouw Yambe
https://hdl.handle.net/20.500.11840/termmaster10066857,theaters naar functie,https://hdl.handle.net/20.500.11840/termmaster10066853,theaters by function
https://hdl.handle.net/20.500.11840/termmaster10058185,Lombee,https://hdl.handle.net/20.500.11840/termmaster10058183,Lombe | Lombé
https://hdl.handle.net/20.500.11840/termmaster10070987,sleutelringen,https://hdl.handle.net/20.500.11840/termmaster10070985,key rings
https://hdl.handle.net/20.500.11840/termmaster10058211,Warappa Kreek (rivier),https://hdl.handle.net/20.500.11840/termmaster10058203,Warappa Kreek (river)
https://hdl.handle.net/20.500.11840/termmaster10079664,familiealbums,https://hdl.handle.net/20.500.11840/termmaster10070158,familiy album
https://hdl.handle.net/20.500.11840/termmaster10067075,telecommunicatiegebouwen,https://hdl.handle.net/20.500.11840/termmaster10067073,telecommunications buildings
https://hdl.handle.net/20.500.11840/termmaster10063383,Tejakula,https://hdl.handle.net/20.500.11840/termmaster10063378,
https://hdl.handle.net/20.500.11840/termmaster10069411,petten en mutsen,https://hdl.handle.net/20.500.11840/termmaster10069403,caps (headgear)
https://hdl.handle.net/20.500.11840/termmaster10066929,metaalbewerkingsbouwconstructies,https://hdl.handle.net/20.500.11840/termmaster10066893,metal works structures
https://hdl.handle.net/20.500.11840/termmaster10070969,insectenvallen,https://hdl.handle.net/20.500.11840/termmaster10070957,insect traps
https://hdl.handle.net/20.500.11840/termmaster10071303,sjabrakken,https://hdl.handle.net/20.500.11840/termmaster10071299,saddle rugs | schabrakken
https://hdl.handle.net/20.500.11840/termmaster10079068,aarde (element),https://hdl.handle.net/20.500.11840/termmaster10048168,earth (element)
https://hdl.handle.net/20.500.11840/termmaster10065347,zilver en zilverlegeringen,https://hdl.handle.net/20.500.11840/termmaster10065312,silver and silver alloy
https://hdl.handle.net/20.500.11840/termmaster10062224,Amurang,https://hdl.handle.net/20.500.11840/termmaster10062215,
https://hdl.handle.net/20.500.11840/termmaster10057738,Khalkidhíki,https://hdl.handle.net/20.500.11840/termmaster10057737,
https://hdl.handle.net/20.500.11840/termmaster10059478,Houston,https://hdl.handle.net/20.500.11840/termmaster10059476,
https://hdl.handle.net/20.500.11840/termmaster10067304,daglichtcollodiumzilverdrukken,https://hdl.handle.net/20.500.11840/termmaster10067299,DCZ | celloïdinedrukken | collodion prints | collodiumdrukken | droge collodiumdrukken | natte collodiumdrukken
https://hdl.handle.net/20.500.11840/termmaster10049668,bewustzijnsverruimende middelen,https://hdl.handle.net/20.500.11840/termmaster10049667,LSD | cannabis | entheogene middelen  | hasj | marihuana | mescaline | peyote | psilocybine | psychedelic substances | psychedelische middelen | wiet
https://hdl.handle.net/20.500.11840/termmaster10064982,lurik,https://hdl.handle.net/20.500.11840/termmaster10064981,
https://hdl.handle.net/20.500.11840/termmaster10077823,Laotiaanse stijlen en perioden,https://hdl.handle.net/20.500.11840/termmaster10077792,Laotian styles and periods
https://hdl.handle.net/20.500.11840/termmaster10071109,waterkokers,https://hdl.handle.net/20.500.11840/termmaster10071108,kettles
https://hdl.handle.net/20.500.11840/termmaster10076236,Osage,https://hdl.handle.net/20.500.11840/termmaster10076227,Wazhazhe
https://hdl.handle.net/20.500.11840/termmaster10054513,Oued Lalou,https://hdl.handle.net/20.500.11840/termmaster10054505,
https://hdl.handle.net/20.500.11840/termmaster10066103,zoemschijven,https://hdl.handle.net/20.500.11840/termmaster10066101,buttons-on-a-string | buzz-disks
https://hdl.handle.net/20.500.11840/termmaster10054981,Awka,https://hdl.handle.net/20.500.11840/termmaster10054977,
https://hdl.handle.net/20.500.11840/termmaster10076062,Yucateca,https://hdl.handle.net/20.500.11840/termmaster10076061,Yucatec | Yukateeks
https://hdl.handle.net/20.500.11840/termmaster10067114,gebouwen,https://hdl.handle.net/20.500.11840/termmaster10067113,buildings
https://hdl.handle.net/20.500.11840/termmaster10058498,Ancash (regio),https://hdl.handle.net/20.500.11840/termmaster10058411,Ancash (region)
https://hdl.handle.net/20.500.11840/termmaster10049789,doorwerking van slavernij,https://hdl.handle.net/20.500.11840/termmaster10047881,erfenis van slavernij | legacy of slavery
https://hdl.handle.net/20.500.11840/termmaster10064767,insmeren,https://hdl.handle.net/20.500.11840/termmaster10064758,ingesmeerd | smearing
https://hdl.handle.net/20.500.11840/termmaster10064131,HaZafon (district),https://hdl.handle.net/20.500.11840/termmaster10064126,Mehoz HaZafon  | Noord (district) | Northern (district)
https://hdl.handle.net/20.500.11840/termmaster10068653,hefbomen,https://hdl.handle.net/20.500.11840/termmaster10068626,hefboom | levers (finish hardware)
https://hdl.handle.net/20.500.11840/termmaster10054884,Takoradi,https://hdl.handle.net/20.500.11840/termmaster10054875,
https://hdl.handle.net/20.500.11840/termmaster10064972,tapijtwerk (procedés),https://hdl.handle.net/20.500.11840/termmaster10064971,tapestry (process) | tapisserie
https://hdl.handle.net/20.500.11840/termmaster10066452,landbouwcomplexen,https://hdl.handle.net/20.500.11840/termmaster10067051,agricultural complexes
https://hdl.handle.net/20.500.11840/termmaster10070264,vaandels,https://hdl.handle.net/20.500.11840/termmaster10070229,banieren | banners | vaantjes
https://hdl.handle.net/20.500.11840/termmaster10070164,schrijfblokken,https://hdl.handle.net/20.500.11840/termmaster10070154,blankbooks
https://hdl.handle.net/20.500.11840/termmaster10067727,elektrische lampen (onderdelen van verlichtingsmiddelen),https://hdl.handle.net/20.500.11840/termmaster10067726,electric lamps (lighting device components)
https://hdl.handle.net/20.500.11840/termmaster10054577,Siliana (gouvernement),https://hdl.handle.net/20.500.11840/termmaster10054515,Siliana (governorate) | Silyanah (gouvernement)
https://hdl.handle.net/20.500.11840/termmaster10067011,woonhuizen naar locatie of context,https://hdl.handle.net/20.500.11840/termmaster10067003,houses by location or context
https://hdl.handle.net/20.500.11840/termmaster10062040,Langsa (stadsgemeente),https://hdl.handle.net/20.500.11840/termmaster10062019,Langsa (kota) | Langsa (municipality)
https://hdl.handle.net/20.500.11840/termmaster10078093,Westelijk Zuid-Aziatische oude stijlen en perioden,https://hdl.handle.net/20.500.11840/termmaster10078029,Western South Asian ancient styles and periods
https://hdl.handle.net/20.500.11840/termmaster10056793,Steinbach,https://hdl.handle.net/20.500.11840/termmaster10056779,
https://hdl.handle.net/20.500.11840/termmaster10055405,Arkangelsk,https://hdl.handle.net/20.500.11840/termmaster10055373,
https://hdl.handle.net/20.500.11840/termmaster10058146,Kabalebo (rivier),https://hdl.handle.net/20.500.11840/termmaster10058104,Cabalaba | Kabalebo River
https://hdl.handle.net/20.500.11840/termmaster10057309,Castilla-León,https://hdl.handle.net/20.500.11840/termmaster10057259,Kastillië-León
https://hdl.handle.net/20.500.11840/termmaster10049696,godslastering,https://hdl.handle.net/20.500.11840/termmaster10049693,blasfemie | blasphemy | http://vocab.getty.edu/aat/300264359
https://hdl.handle.net/20.500.11840/termmaster10075771,Culturele herkomst naar religie,https://hdl.handle.net/20.500.11840/termmaster10075768,Cultural provenance by religon
https://hdl.handle.net/20.500.11840/termmaster10068590,handpoppen,https://hdl.handle.net/20.500.11840/termmaster10068588,hand puppets
https://hdl.handle.net/20.500.11840/termmaster10054208,Oost-Sudan,https://hdl.handle.net/20.500.11840/termmaster10054205,Eastern Sudan | Sudan: east | Sudan: oost
https://hdl.handle.net/20.500.11840/termmaster10054859,Nkoemvom,https://hdl.handle.net/20.500.11840/termmaster10054855,
https://hdl.handle.net/20.500.11840/termmaster10057486,Le Mesnil,https://hdl.handle.net/20.500.11840/termmaster10057485,
https://hdl.handle.net/20.500.11840/termmaster10063415,Gianyar,https://hdl.handle.net/20.500.11840/termmaster10063397,
https://hdl.handle.net/20.500.11840/termmaster10053945,Ogooué (rivier),https://hdl.handle.net/20.500.11840/termmaster10053943,Ogooué (river) | Ogowe
https://hdl.handle.net/20.500.11840/termmaster10053918,Cuando Cubango (provincie),https://hdl.handle.net/20.500.11840/termmaster10053870,Cuando Cubango (province) | Kuando Kubango
https://hdl.handle.net/20.500.11840/termmaster10062856,Workai (eiland),https://hdl.handle.net/20.500.11840/termmaster10062852,Pulau Workai | Workai (island)
https://hdl.handle.net/20.500.11840/termmaster10068186,sestertii,https://hdl.handle.net/20.500.11840/termmaster10068184,
https://hdl.handle.net/20.500.11840/termmaster10077517,Sawu,https://hdl.handle.net/20.500.11840/termmaster10077504,Dou Hawu | Hawu | Sabu | Savoenees | Savu | Savunese
https://hdl.handle.net/20.500.11840/termmaster10071410,ponsen: houtbewerkingsgereedschap,https://hdl.handle.net/20.500.11840/termmaster10071393,punches: woodworking tools
https://hdl.handle.net/20.500.11840/termmaster10076412,Pachacamac,https://hdl.handle.net/20.500.11840/termmaster10076406,Pachacamac (Pre-Columbiaans Andes-gebied: perioden) | Pachacamac (Pre-Columbian Andean periods)
https://hdl.handle.net/20.500.11840/termmaster10076310,Jemez,https://hdl.handle.net/20.500.11840/termmaster10076299,Jemez Pueblo
https://hdl.handle.net/20.500.11840/termmaster10076449,Salinar,https://hdl.handle.net/20.500.11840/termmaster10076437,Salinar-stijl
https://hdl.handle.net/20.500.11840/termmaster10063175,Semarang (stadsgemeente),https://hdl.handle.net/20.500.11840/termmaster10063042,Semarang (kota) | Semarang (municipality)
https://hdl.handle.net/20.500.11840/termmaster10067422,orthogonale tekeningen,https://hdl.handle.net/20.500.11840/termmaster10067421,orthographic drawings (objects)
https://hdl.handle.net/20.500.11840/termmaster10048567,oorlogsvaartuigen,https://hdl.handle.net/20.500.11840/termmaster10048565,war vessels
https://hdl.handle.net/20.500.11840/termmaster10068687,wasknijpers,https://hdl.handle.net/20.500.11840/termmaster10068663,clothes-pegs
https://hdl.handle.net/20.500.11840/termmaster10077480,Sipura,https://hdl.handle.net/20.500.11840/termmaster10077477,
https://hdl.handle.net/20.500.11840/termmaster10061328,Jayapura (regentschap),https://hdl.handle.net/20.500.11840/termmaster10061304,Jayapura (kabupaten) | Jayapura (regency)
https://hdl.handle.net/20.500.11840/termmaster10069686,heupbeschermers,https://hdl.handle.net/20.500.11840/termmaster10069685,
https://hdl.handle.net/20.500.11840/termmaster10068579,piepdieren,https://hdl.handle.net/20.500.11840/termmaster10068578,piepbeesten
https://hdl.handle.net/20.500.11840/termmaster10057759,Periféreia Protevoúsis,https://hdl.handle.net/20.500.11840/termmaster10057736,
https://hdl.handle.net/20.500.11840/termmaster10079405,steden en stedelijke gebieden,https://hdl.handle.net/20.500.11840/termmaster10066318,
https://hdl.handle.net/20.500.11840/termmaster10059394,Yoloxochitl,https://hdl.handle.net/20.500.11840/termmaster10059356,
https://hdl.handle.net/20.500.11840/termmaster10064166,Sour,https://hdl.handle.net/20.500.11840/termmaster10064162,Tyre
https://hdl.handle.net/20.500.11840/termmaster10053874,Dande (rivier),https://hdl.handle.net/20.500.11840/termmaster10053871,Dande (river)
https://hdl.handle.net/20.500.11840/termmaster10065001,textielkleurprocedés en -technieken,https://hdl.handle.net/20.500.11840/termmaster10065000,textile dyeing processes and techniques
https://hdl.handle.net/20.500.11840/termmaster10063319,Ciwidey,https://hdl.handle.net/20.500.11840/termmaster10063314,
https://hdl.handle.net/20.500.11840/termmaster10076969,Asmat,https://hdl.handle.net/20.500.11840/termmaster10076953,Manowe
https://hdl.handle.net/20.500.11840/termmaster10079257,ondersteuning en bescherming van het lichaam,https://hdl.handle.net/20.500.11840/termmaster10048589,persoonlijk comfort | protection and support of the body and body parts
https://hdl.handle.net/20.500.11840/termmaster10056792,Warmensteinach,https://hdl.handle.net/20.500.11840/termmaster10056779,
https://hdl.handle.net/20.500.11840/termmaster10066284,eierwekkers,https://hdl.handle.net/20.500.11840/termmaster10066271,egg-timers
https://hdl.handle.net/20.500.11840/termmaster10057154,Zwarte Woud,https://hdl.handle.net/20.500.11840/termmaster10057107,Schwarzwald
https://hdl.handle.net/20.500.11840/termmaster10053858,La Orotava,https://hdl.handle.net/20.500.11840/termmaster10053857,
https://hdl.handle.net/20.500.11840/termmaster10064016,Mandar,https://hdl.handle.net/20.500.11840/termmaster10064013,
https://hdl.handle.net/20.500.11840/termmaster10077743,Noordelijke Barito,https://hdl.handle.net/20.500.11840/termmaster10077742,Northern Barito
https://hdl.handle.net/20.500.11840/termmaster10069824,geboorteregisters,https://hdl.handle.net/20.500.11840/termmaster10069823,birth registers
https://hdl.handle.net/20.500.11840/termmaster10064312,Istanbul (provincie),https://hdl.handle.net/20.500.11840/termmaster10064308,Istanbul (province)
https://hdl.handle.net/20.500.11840/termmaster10065599,tondel,https://hdl.handle.net/20.500.11840/termmaster10065598,tinder | tonder
https://hdl.handle.net/20.500.11840/termmaster10055562,Küstala,https://hdl.handle.net/20.500.11840/termmaster10055559,
https://hdl.handle.net/20.500.11840/termmaster10055387,Amur,https://hdl.handle.net/20.500.11840/termmaster10055386,Beneden-Amurgebied
https://hdl.handle.net/20.500.11840/termmaster10070981,broekenpersen,https://hdl.handle.net/20.500.11840/termmaster10070973,trouser presses
https://hdl.handle.net/20.500.11840/termmaster10058397,Georgetown,https://hdl.handle.net/20.500.11840/termmaster10058390,
https://hdl.handle.net/20.500.11840/termmaster10077090,Aziatisch,https://hdl.handle.net/20.500.11840/termmaster10075824,Asian
https://hdl.handle.net/20.500.11840/termmaster10059889,Nova Scotia,https://hdl.handle.net/20.500.11840/termmaster10059868,
https://hdl.handle.net/20.500.11840/termmaster10059818,Ironville,https://hdl.handle.net/20.500.11840/termmaster10059817,
https://hdl.handle.net/20.500.11840/termmaster10058858,San Juan Ostuncalco,https://hdl.handle.net/20.500.11840/termmaster10058825,
https://hdl.handle.net/20.500.11840/termmaster10066311,spoorbaanonderdelen,https://hdl.handle.net/20.500.11840/termmaster10066310,track components
https://hdl.handle.net/20.500.11840/termmaster10076430,Vroege Horizon,https://hdl.handle.net/20.500.11840/termmaster10076405,Early horizon
https://hdl.handle.net/20.500.11840/termmaster10056648,Antwerpen (provincie),https://hdl.handle.net/20.500.11840/termmaster10056647,Antwerpen (province)
https://hdl.handle.net/20.500.11840/termmaster10054177,Nafusa (plateau),https://hdl.handle.net/20.500.11840/termmaster10054176,Djebel Nefousa | Jabal Nafusa
https://hdl.handle.net/20.500.11840/termmaster10062048,Sigli,https://hdl.handle.net/20.500.11840/termmaster10062047,
https://hdl.handle.net/20.500.11840/termmaster10050546,concepten van zuiverheid en verontreiniging,https://hdl.handle.net/20.500.11840/termmaster10079468,concepts of purity and contamination
https://hdl.handle.net/20.500.11840/termmaster10063344,Pandeglang (regentschap),https://hdl.handle.net/20.500.11840/termmaster10063326,Pandeglang (kabupaten) | Pandeglang (regency)
https://hdl.handle.net/20.500.11840/termmaster10078459,Chamba,https://hdl.handle.net/20.500.11840/termmaster10078457,Camba | Chamba (Nigeriaans) | Chamba (Nigerian) | Dschamba | Tsamba
https://hdl.handle.net/20.500.11840/termmaster10062744,Hatusua,https://hdl.handle.net/20.500.11840/termmaster10062740,Hatusuwa
https://hdl.handle.net/20.500.11840/termmaster10049383,seizoenfeesten,https://hdl.handle.net/20.500.11840/termmaster10079051,festivities | public holidays | public parties | publieke feesten | publieke vieringen
https://hdl.handle.net/20.500.11840/termmaster10065085,pottenbakkerstechnieken,https://hdl.handle.net/20.500.11840/termmaster10064944,pottery techniques
https://hdl.handle.net/20.500.11840/termmaster10079236,kostuums en accessoires van performers,https://hdl.handle.net/20.500.11840/termmaster10049952,costumes and attributes of performers
https://hdl.handle.net/20.500.11840/termmaster10070946,kruisnetten,https://hdl.handle.net/20.500.11840/termmaster10070941,lift nets
https://hdl.handle.net/20.500.11840/termmaster10068508,benodigdheden voor het slaan of gooien van een bal,https://hdl.handle.net/20.500.11840/termmaster10068507,ball striking or snaring and throwing equipment
https://hdl.handle.net/20.500.11840/termmaster10055691,Eibergen,https://hdl.handle.net/20.500.11840/termmaster10055671,
https://hdl.handle.net/20.500.11840/termmaster10076117,Piaroa,https://hdl.handle.net/20.500.11840/termmaster10076113,
https://hdl.handle.net/20.500.11840/termmaster10057281,Baena,https://hdl.handle.net/20.500.11840/termmaster10057279,
https://hdl.handle.net/20.500.11840/termmaster10067208,veldtekens,https://hdl.handle.net/20.500.11840/termmaster10067205,
https://hdl.handle.net/20.500.11840/termmaster10050329,grassroots,https://hdl.handle.net/20.500.11840/termmaster10049779,basisdemokratische bewegingen | grassroots movements
https://hdl.handle.net/20.500.11840/termmaster10077496,Pasemah Lebar,https://hdl.handle.net/20.500.11840/termmaster10077495,
https://hdl.handle.net/20.500.11840/termmaster10048276,handel en dienstverlening,https://hdl.handle.net/20.500.11840/termmaster10048274,marktbeginsel | markteconomie | trade and services
https://hdl.handle.net/20.500.11840/termmaster10058105,Drietabbetje,https://hdl.handle.net/20.500.11840/termmaster10058104,
https://hdl.handle.net/20.500.11840/termmaster10071247,voedseltangen,https://hdl.handle.net/20.500.11840/termmaster10071244,tangen voor het opdienen van voedsel | tongs for serving food
https://hdl.handle.net/20.500.11840/termmaster10076611,Marrons,https://hdl.handle.net/20.500.11840/termmaster10076610,Boslandcreolen | Bosnegers | Maroon (people)
https://hdl.handle.net/20.500.11840/termmaster10056866,Kerpen,https://hdl.handle.net/20.500.11840/termmaster10056862,
https://hdl.handle.net/20.500.11840/termmaster10077916,Sodha,https://hdl.handle.net/20.500.11840/termmaster10077892,
https://hdl.handle.net/20.500.11840/termmaster10054416,Taza-Al Hoceima-Taounate (regio),https://hdl.handle.net/20.500.11840/termmaster10054385,Taza-Al Hoceima-Taounate (region)
https://hdl.handle.net/20.500.11840/termmaster10049791,informele macht,https://hdl.handle.net/20.500.11840/termmaster10049790,informal power
https://hdl.handle.net/20.500.11840/termmaster10071390,glasblazerspijpen,https://hdl.handle.net/20.500.11840/termmaster10071389,blowpipes (glassworking equipment)
https://hdl.handle.net/20.500.11840/termmaster10066278,duivenfluitjes,https://hdl.handle.net/20.500.11840/termmaster10066275,pigeon whistles
https://hdl.handle.net/20.500.11840/termmaster10065485,grond (materiaal),https://hdl.handle.net/20.500.11840/termmaster10065482,soil
https://hdl.handle.net/20.500.11840/termmaster10059692,Madisonville,https://hdl.handle.net/20.500.11840/termmaster10059688,
https://hdl.handle.net/20.500.11840/termmaster10068664,singelbanden,https://hdl.handle.net/20.500.11840/termmaster10068663,singels | webbing (upholstering)
https://hdl.handle.net/20.500.11840/termmaster10066978,ophaalbruggen,https://hdl.handle.net/20.500.11840/termmaster10066977,drawbridges
https://hdl.handle.net/20.500.11840/termmaster10078137,Saudi-Arabisch,https://hdl.handle.net/20.500.11840/termmaster10078115,Saoedi-Arabisch | Saudi Arabian
https://hdl.handle.net/20.500.11840/termmaster10069274,penisstaafjes,https://hdl.handle.net/20.500.11840/termmaster10069264,ampallangs
https://hdl.handle.net/20.500.11840/termmaster10076788,Uramät,https://hdl.handle.net/20.500.11840/termmaster10076787,Ura (PNG) | Uramat (New Britain)
https://hdl.handle.net/20.500.11840/termmaster10062948,Banyuwangi,https://hdl.handle.net/20.500.11840/termmaster10062947,
https://hdl.handle.net/20.500.11840/termmaster10059355,San Miguel de Allende,https://hdl.handle.net/20.500.11840/termmaster10059352,
https://hdl.handle.net/20.500.11840/termmaster10075798,Ahmadiyya,https://hdl.handle.net/20.500.11840/termmaster10075789,
https://hdl.handle.net/20.500.11840/termmaster10076165,Cubeo,https://hdl.handle.net/20.500.11840/termmaster10076163,Cuveo | Hehenawa | Kobewa | Kubwa | Pamiwa
https://hdl.handle.net/20.500.11840/termmaster10078608,Zaramo,https://hdl.handle.net/20.500.11840/termmaster10078606,Dzalamo | Saramo | Wasaramo
https://hdl.handle.net/20.500.11840/termmaster10062768,Damar-eilanden,https://hdl.handle.net/20.500.11840/termmaster10062760,Damar Islands | Kepulauan Damar
https://hdl.handle.net/20.500.11840/termmaster10054750,Mwanza (regio),https://hdl.handle.net/20.500.11840/termmaster10054715,Mwanza (region)
https://hdl.handle.net/20.500.11840/termmaster10050195,boeken en geschriften,https://hdl.handle.net/20.500.11840/termmaster10050192,writings and scriptures
https://hdl.handle.net/20.500.11840/termmaster10070794,vogelkooien,https://hdl.handle.net/20.500.11840/termmaster10070782,birdcages (containers)
https://hdl.handle.net/20.500.11840/termmaster10056576,Chatham,https://hdl.handle.net/20.500.11840/termmaster10056575,Ceteham | Chetham
https://hdl.handle.net/20.500.11840/termmaster10055471,Västmanland,https://hdl.handle.net/20.500.11840/termmaster10055432,
https://hdl.handle.net/20.500.11840/termmaster10062933,Trenggalek (regentschap),https://hdl.handle.net/20.500.11840/termmaster10062879,Trenggalek (kabupaten) | Trenggalek (regency)
https://hdl.handle.net/20.500.11840/termmaster10047950,insectenteelt,https://hdl.handle.net/20.500.11840/termmaster10047947,0402 | apicultuur | insect fariming
https://hdl.handle.net/20.500.11840/termmaster10078330,Akan,https://hdl.handle.net/20.500.11840/termmaster10078329,
https://hdl.handle.net/20.500.11840/termmaster10067525,kantwerk,https://hdl.handle.net/20.500.11840/termmaster10067524,kant | lace (needlework)
https://hdl.handle.net/20.500.11840/termmaster10059991,Delaimakotu,https://hdl.handle.net/20.500.11840/termmaster10059990,
https://hdl.handle.net/20.500.11840/termmaster10064271,Rize,https://hdl.handle.net/20.500.11840/termmaster10064270,
https://hdl.handle.net/20.500.11840/termmaster10055884,Overvoorde (park),https://hdl.handle.net/20.500.11840/termmaster10055883,
https://hdl.handle.net/20.500.11840/termmaster10062973,Jatiroto,https://hdl.handle.net/20.500.11840/termmaster10062970,Djatiroto
https://hdl.handle.net/20.500.11840/termmaster10058183,Brokopondo (district),https://hdl.handle.net/20.500.11840/termmaster10058074,
https://hdl.handle.net/20.500.11840/termmaster10069069,gewichten,https://hdl.handle.net/20.500.11840/termmaster10069067,balansgewichten | weights
https://hdl.handle.net/20.500.11840/termmaster10070613,kleurdozen,https://hdl.handle.net/20.500.11840/termmaster10070606,
https://hdl.handle.net/20.500.11840/termmaster10069996,lijsten naar onderwerp,https://hdl.handle.net/20.500.11840/termmaster10069984,lists by subject
https://hdl.handle.net/20.500.11840/termmaster10048066,pruiken en haarstukken,https://hdl.handle.net/20.500.11840/termmaster10048064,wigs and hairpieces
https://hdl.handle.net/20.500.11840/termmaster10064952,rijgen (van kralen),https://hdl.handle.net/20.500.11840/termmaster10064950,beading (process) | geregen (kralen)
https://hdl.handle.net/20.500.11840/termmaster10067133,poppen (figuurvoorstellingen),https://hdl.handle.net/20.500.11840/termmaster10067131,dolls | poppen
https://hdl.handle.net/20.500.11840/termmaster10071000,tatoeëerclichés,https://hdl.handle.net/20.500.11840/termmaster10070995,tatoeageclichés | tatoeageplanken | tatoeagestempels | tatoeëerplanken | tatoeëerstempels | tattooing stamps
https://hdl.handle.net/20.500.11840/termmaster10061336,Yaconde,https://hdl.handle.net/20.500.11840/termmaster10061330,Jakonde | Yakonde
https://hdl.handle.net/20.500.11840/termmaster10061259,Sorong Selatan (regentschap),https://hdl.handle.net/20.500.11840/termmaster10061236,Sorong Selatan (kabupaten) | Sorong Selatan (regency)
https://hdl.handle.net/20.500.11840/termmaster10069754,typoscripten,https://hdl.handle.net/20.500.11840/termmaster10069737,getypte documenten  | typescript | typescripts | typoscript
https://hdl.handle.net/20.500.11840/termmaster10063276,Pacet,https://hdl.handle.net/20.500.11840/termmaster10063271,Patjet
https://hdl.handle.net/20.500.11840/termmaster10065364,blik (materiaal),https://hdl.handle.net/20.500.11840/termmaster10065363,tin plate | witblik | witblikken
https://hdl.handle.net/20.500.11840/termmaster10055621,Haarlemmermeer,https://hdl.handle.net/20.500.11840/termmaster10055589,
https://hdl.handle.net/20.500.11840/termmaster10058473,Pachacamac,https://hdl.handle.net/20.500.11840/termmaster10058467,
https://hdl.handle.net/20.500.11840/termmaster10056166,Baarle-Nassau,https://hdl.handle.net/20.500.11840/termmaster10056165,
https://hdl.handle.net/20.500.11840/termmaster10059578,Sumner (county),https://hdl.handle.net/20.500.11840/termmaster10059576,
https://hdl.handle.net/20.500.11840/termmaster10063430,Padangbai,https://hdl.handle.net/20.500.11840/termmaster10063419,Padang Baai | Padang Bai
https://hdl.handle.net/20.500.11840/termmaster10064360,Luristan (gebied),https://hdl.handle.net/20.500.11840/termmaster10064359,Luristan (area)
https://hdl.handle.net/20.500.11840/termmaster10070353,bierblikken,https://hdl.handle.net/20.500.11840/termmaster10070352,beer cans
https://hdl.handle.net/20.500.11840/termmaster10067508,korwars,https://hdl.handle.net/20.500.11840/termmaster10067507,korwar figures | korwarbeelden
https://hdl.handle.net/20.500.11840/termmaster10064113,Qo'qon,https://hdl.handle.net/20.500.11840/termmaster10064112,Khoqand | Kokand
https://hdl.handle.net/20.500.11840/termmaster10059326,Cancuc,https://hdl.handle.net/20.500.11840/termmaster10059313,
https://hdl.handle.net/20.500.11840/termmaster10077016,Wabo,https://hdl.handle.net/20.500.11840/termmaster10077005,Nusari | Woriasi
https://hdl.handle.net/20.500.11840/termmaster10055552,Spitsbergen,https://hdl.handle.net/20.500.11840/termmaster10055525,
https://hdl.handle.net/20.500.11840/termmaster10070517,broodzakken,https://hdl.handle.net/20.500.11840/termmaster10070506,bread bags
https://hdl.handle.net/20.500.11840/termmaster10061698,Rantauprapat,https://hdl.handle.net/20.500.11840/termmaster10061696,Rantau Prapat
https://hdl.handle.net/20.500.11840/termmaster10061713,Bonandolok,https://hdl.handle.net/20.500.11840/termmaster10061710,Bonan Dolok
https://hdl.handle.net/20.500.11840/termmaster10054137,Sembé,https://hdl.handle.net/20.500.11840/termmaster10054136,
https://hdl.handle.net/20.500.11840/termmaster10070748,zeepdozen,https://hdl.handle.net/20.500.11840/termmaster10070745,soap boxes
https://hdl.handle.net/20.500.11840/termmaster10055285,Loeriesfontein,https://hdl.handle.net/20.500.11840/termmaster10079343,
https://hdl.handle.net/20.500.11840/termmaster10057082,Binsfeld,https://hdl.handle.net/20.500.11840/termmaster10057073,
https://hdl.handle.net/20.500.11840/termmaster10063005,Pacitan (regentschap),https://hdl.handle.net/20.500.11840/termmaster10062879,Pacitan (kabupaten) | Pacitan (regency)
https://hdl.handle.net/20.500.11840/termmaster10055978,'s Gravenzande,https://hdl.handle.net/20.500.11840/termmaster10055977,
https://hdl.handle.net/20.500.11840/termmaster10077086,Sekar,https://hdl.handle.net/20.500.11840/termmaster10077081,Seka
https://hdl.handle.net/20.500.11840/termmaster10079273,autonomie,https://hdl.handle.net/20.500.11840/termmaster10049778,autonomy | zelfbestuur | zelfstandigheid (individueel)
https://hdl.handle.net/20.500.11840/termmaster10056286,Diependal,https://hdl.handle.net/20.500.11840/termmaster10056283,Tippelder
https://hdl.handle.net/20.500.11840/termmaster10067081,militaire opslag- en distributiegebouwen,https://hdl.handle.net/20.500.11840/termmaster10067078,military deployment and distribution buildings
https://hdl.handle.net/20.500.11840/termmaster10067260,mozaïekblokjes,https://hdl.handle.net/20.500.11840/termmaster10067259,mozaïekstenen | tesserae (mosaic components)
https://hdl.handle.net/20.500.11840/termmaster10069937,aankondigingen,https://hdl.handle.net/20.500.11840/termmaster10069934,announcements
https://hdl.handle.net/20.500.11840/termmaster10078975,Koptische periode,https://hdl.handle.net/20.500.11840/termmaster10078969,Coptic (period) | Koptisch (periode)
https://hdl.handle.net/20.500.11840/termmaster10076638,Kosrae,https://hdl.handle.net/20.500.11840/termmaster10076637,
https://hdl.handle.net/20.500.11840/termmaster10076642,Oost-Polynesische culturen,https://hdl.handle.net/20.500.11840/termmaster10076641,Eastern Polynesian cultures
https://hdl.handle.net/20.500.11840/termmaster10065371,edel metaal,https://hdl.handle.net/20.500.11840/termmaster10065370,precious metal
https://hdl.handle.net/20.500.11840/termmaster10063894,Baramulla,https://hdl.handle.net/20.500.11840/termmaster10063883,
https://hdl.handle.net/20.500.11840/termmaster10064787,drukprocedés,https://hdl.handle.net/20.500.11840/termmaster10064777,printing processes
https://hdl.handle.net/20.500.11840/termmaster10076514,Colima,https://hdl.handle.net/20.500.11840/termmaster10076513,Colima-stijl
https://hdl.handle.net/20.500.11840/termmaster10057202,Magdeburg,https://hdl.handle.net/20.500.11840/termmaster10057201,
https://hdl.handle.net/20.500.11840/termmaster10071687,vegers,https://hdl.handle.net/20.500.11840/termmaster10071686,handvegers | whisk brooms
https://hdl.handle.net/20.500.11840/termmaster10078116,Arabisch,https://hdl.handle.net/20.500.11840/termmaster10078115,Arabian
https://hdl.handle.net/20.500.11840/termmaster10064794,drogenaald (drukprocedé),https://hdl.handle.net/20.500.11840/termmaster10064793,drypoint (printing process)
https://hdl.handle.net/20.500.11840/termmaster10076684,Wambaya,https://hdl.handle.net/20.500.11840/termmaster10076682,Wambaia
https://hdl.handle.net/20.500.11840/termmaster10055576,IJsland- Zuid,https://hdl.handle.net/20.500.11840/termmaster10055573,
https://hdl.handle.net/20.500.11840/termmaster10079334,Maputo (provincie),https://hdl.handle.net/20.500.11840/termmaster10079332,Maputo Province | Província de Maputo
https://hdl.handle.net/20.500.11840/termmaster10057047,Baumholder,https://hdl.handle.net/20.500.11840/termmaster10057045,
https://hdl.handle.net/20.500.11840/termmaster10068584,inpakpuzzels,https://hdl.handle.net/20.500.11840/termmaster10068583,put-together puzzles
https://hdl.handle.net/20.500.11840/termmaster10076921,Sepik-gebied- oostelijk kustgebergte -culturen,https://hdl.handle.net/20.500.11840/termmaster10076860,Sepik area: eastern coastal mountains cultures
https://hdl.handle.net/20.500.11840/termmaster10061000,Shantou,https://hdl.handle.net/20.500.11840/termmaster10060997,Swatow
https://hdl.handle.net/20.500.11840/termmaster10065413,pottenbakkersklei,https://hdl.handle.net/20.500.11840/termmaster10065412,potter's clay | potter's earth
https://hdl.handle.net/20.500.11840/termmaster10066457,rijstvelden,https://hdl.handle.net/20.500.11840/termmaster10066452,rice paddies
https://hdl.handle.net/20.500.11840/termmaster10061815,Tanjung Pinang (stadsgemeente),https://hdl.handle.net/20.500.11840/termmaster10061799,Tanjung Pinang (kota) | Tanjungpinang (stadsgemeente) | Tanjuung Pinang (municipality)
https://hdl.handle.net/20.500.11840/termmaster10077798,Angkor-stijlen,https://hdl.handle.net/20.500.11840/termmaster10077797,Angkorean styles | Angkorese stijlen
https://hdl.handle.net/20.500.11840/termmaster10068146,munten (ruilmiddelen),https://hdl.handle.net/20.500.11840/termmaster10068130,coins (money) | geldstukken | muntgeld
https://hdl.handle.net/20.500.11840/termmaster10070211,bodebussen,https://hdl.handle.net/20.500.11840/termmaster10070210,
https://hdl.handle.net/20.500.11840/termmaster10070820,ceremoniële vaten,https://hdl.handle.net/20.500.11840/termmaster10070816,ceremonial vessels
https://hdl.handle.net/20.500.11840/termmaster10055705,Kotten,https://hdl.handle.net/20.500.11840/termmaster10055704,
https://hdl.handle.net/20.500.11840/termmaster10058664,Borborema,https://hdl.handle.net/20.500.11840/termmaster10058663,
https://hdl.handle.net/20.500.11840/termmaster10075969,Nanai,https://hdl.handle.net/20.500.11840/termmaster10075968,Gold(i)
https://hdl.handle.net/20.500.11840/termmaster10060718,Mili,https://hdl.handle.net/20.500.11840/termmaster10060717,
https://hdl.handle.net/20.500.11840/termmaster10048099,kleding vervaardigd voor mannen,https://hdl.handle.net/20.500.11840/termmaster10048086,expression of masculinity | gedragen door mannen | mannelijke houdingen | mannenkleding
https://hdl.handle.net/20.500.11840/termmaster10060794,Tôkyô To,https://hdl.handle.net/20.500.11840/termmaster10060775,Edo | Tokyo Metropolis | Tōkyō-to | Yedo | 東京都
https://hdl.handle.net/20.500.11840/termmaster10078558,Kabylen,https://hdl.handle.net/20.500.11840/termmaster10078557,Kabyle | Kabylisch
https://hdl.handle.net/20.500.11840/termmaster10075780,mahayana,https://hdl.handle.net/20.500.11840/termmaster10075776,
https://hdl.handle.net/20.500.11840/termmaster10079048,hanengevecht,https://hdl.handle.net/20.500.11840/termmaster10048934,cockfight
https://hdl.handle.net/20.500.11840/termmaster10068740,isolatoren (elektriciteit),https://hdl.handle.net/20.500.11840/termmaster10068739,insulators (electricity)
https://hdl.handle.net/20.500.11840/termmaster10059485,Wasatch Range,https://hdl.handle.net/20.500.11840/termmaster10059482,
https://hdl.handle.net/20.500.11840/termmaster10060423,"Long Island (PNG, eiland)",https://hdl.handle.net/20.500.11840/termmaster10060399,Long Island (PNG island)
https://hdl.handle.net/20.500.11840/termmaster10054620,Dukem,https://hdl.handle.net/20.500.11840/termmaster10054610,Ducam | Dukham
https://hdl.handle.net/20.500.11840/termmaster10058373,Saraguro,https://hdl.handle.net/20.500.11840/termmaster10058372,
https://hdl.handle.net/20.500.11840/termmaster10064734,naaien (met de hand),https://hdl.handle.net/20.500.11840/termmaster10064733,genaaid (met de hand) | hand sewing
https://hdl.handle.net/20.500.11840/termmaster10060468,Morobe (provincie),https://hdl.handle.net/20.500.11840/termmaster10060288,Morobe (province)
https://hdl.handle.net/20.500.11840/termmaster10062054,Meulaboh,https://hdl.handle.net/20.500.11840/termmaster10062053,
https://hdl.handle.net/20.500.11840/termmaster10067095,bouwconstructies voor onderzoek,https://hdl.handle.net/20.500.11840/termmaster10066761,research structures
https://hdl.handle.net/20.500.11840/termmaster10078338,Yaure,https://hdl.handle.net/20.500.11840/termmaster10078337,Snan | Yaoure | Yaouré | Yohure
https://hdl.handle.net/20.500.11840/termmaster10055100,Warsula,https://hdl.handle.net/20.500.11840/termmaster10055096,
https://hdl.handle.net/20.500.11840/termmaster10060959,Oost-Tibet,https://hdl.handle.net/20.500.11840/termmaster10060956,Eastern Tibet | Tibet: east | Tibet: oost
https://hdl.handle.net/20.500.11840/termmaster10059101,Tetelcingo,https://hdl.handle.net/20.500.11840/termmaster10059094,
https://hdl.handle.net/20.500.11840/termmaster10079073,vloedgolven,https://hdl.handle.net/20.500.11840/termmaster10079072,tidal waves | tsunami's
https://hdl.handle.net/20.500.11840/termmaster10058317,Valle del Cauca (departement),https://hdl.handle.net/20.500.11840/termmaster10058311,Cauca Vallei (departement) | Cauca Valley (department) | Valle del Cauca (department)
https://hdl.handle.net/20.500.11840/termmaster10076039,Kekchi,https://hdl.handle.net/20.500.11840/termmaster10076036,
https://hdl.handle.net/20.500.11840/termmaster10067287,negatieven naar kleur,https://hdl.handle.net/20.500.11840/termmaster10067277,negatives by color
https://hdl.handle.net/20.500.11840/termmaster10065189,natuurrubber (NR),https://hdl.handle.net/20.500.11840/termmaster10079523,natural rubber (material)
https://hdl.handle.net/20.500.11840/termmaster10058163,Ingie Pikien-val,https://hdl.handle.net/20.500.11840/termmaster10058104,Ingipikin Soela | Ingipikinval
https://hdl.handle.net/20.500.11840/termmaster10061938,Bengkulu Tengah (regentschap),https://hdl.handle.net/20.500.11840/termmaster10061915,Bengkulu Tengah (kabupaten) | Bengkulu Tengah (regency)
https://hdl.handle.net/20.500.11840/termmaster10063213,Karawang,https://hdl.handle.net/20.500.11840/termmaster10063209,
https://hdl.handle.net/20.500.11840/termmaster10068596,wajang klitik poppen,https://hdl.handle.net/20.500.11840/termmaster10068592,wajang kroetjil poppen | wayang klithik poppen | wayang klitik poppen | wayang klitik puppets | wayang krucil poppen
https://hdl.handle.net/20.500.11840/termmaster10059759,Polacca,https://hdl.handle.net/20.500.11840/termmaster10059758,
https://hdl.handle.net/20.500.11840/termmaster10059477,Morgan's Point,https://hdl.handle.net/20.500.11840/termmaster10059476,New Washington
https://hdl.handle.net/20.500.11840/termmaster10059306,Molino de Flores,https://hdl.handle.net/20.500.11840/termmaster10059266,
https://hdl.handle.net/20.500.11840/termmaster10065694,drijfhout,https://hdl.handle.net/20.500.11840/termmaster10065693,driftwood
https://hdl.handle.net/20.500.11840/termmaster10068553,klappertjespistolen,https://hdl.handle.net/20.500.11840/termmaster10068552,cap pistols
https://hdl.handle.net/20.500.11840/termmaster10066310,spoorbanen en spoorbaanonderdelen,https://hdl.handle.net/20.500.11840/termmaster10066309,tracks and track components
https://hdl.handle.net/20.500.11840/termmaster10058217,Saramacca (rivier),https://hdl.handle.net/20.500.11840/termmaster10058216,Rio Saramacca | Saramacca River | Saramacca-rivier
https://hdl.handle.net/20.500.11840/termmaster10058513,Chongoyape,https://hdl.handle.net/20.500.11840/termmaster10058508,
https://hdl.handle.net/20.500.11840/termmaster10062361,Majene,https://hdl.handle.net/20.500.11840/termmaster10062360,
https://hdl.handle.net/20.500.11840/termmaster10053926,Muramvya,https://hdl.handle.net/20.500.11840/termmaster10053924,
https://hdl.handle.net/20.500.11840/termmaster10070020,bladmuziek,https://hdl.handle.net/20.500.11840/termmaster10070018,sheet music
https://hdl.handle.net/20.500.11840/termmaster10060714,Ebon,https://hdl.handle.net/20.500.11840/termmaster10060712,
https://hdl.handle.net/20.500.11840/termmaster10054104,Dungu,https://hdl.handle.net/20.500.11840/termmaster10054103,
https://hdl.handle.net/20.500.11840/termmaster10065898,garen,https://hdl.handle.net/20.500.11840/termmaster10065896,yarn
https://hdl.handle.net/20.500.11840/termmaster10065734,houtskool (plantenmateriaal),https://hdl.handle.net/20.500.11840/termmaster10065733,charcoal (plant material)
https://hdl.handle.net/20.500.11840/termmaster10062713,Paca,https://hdl.handle.net/20.500.11840/termmaster10062709,
https://hdl.handle.net/20.500.11840/termmaster10048394,dodenwake,https://hdl.handle.net/20.500.11840/termmaster10048393,death vigil
https://hdl.handle.net/20.500.11840/termmaster10065154,overdrachttechnieken,https://hdl.handle.net/20.500.11840/termmaster10065153,transferring techniques
https://hdl.handle.net/20.500.11840/termmaster10057775,Heves,https://hdl.handle.net/20.500.11840/termmaster10057772,
https://hdl.handle.net/20.500.11840/termmaster10058773,Pekelmeer (lagune),https://hdl.handle.net/20.500.11840/termmaster10058761,Pekelmeer (lagoon)
https://hdl.handle.net/20.500.11840/termmaster10053938,Ubangi (bovenloop rivier),https://hdl.handle.net/20.500.11840/termmaster10053937,Haut-Ubangi | Upper Ubangi
https://hdl.handle.net/20.500.11840/termmaster10064753,verzilveren,https://hdl.handle.net/20.500.11840/termmaster10064749,silvering | verzilverd
https://hdl.handle.net/20.500.11840/termmaster10078876,Shira,https://hdl.handle.net/20.500.11840/termmaster10078863,Ashira | Echira | Eshira | Shiro
https://hdl.handle.net/20.500.11840/termmaster10071561,rieken,https://hdl.handle.net/20.500.11840/termmaster10071558,pitchforks
https://hdl.handle.net/20.500.11840/termmaster10065954,voering,https://hdl.handle.net/20.500.11840/termmaster10065953,backing (textile)
https://hdl.handle.net/20.500.11840/termmaster10069716,titelpagina's,https://hdl.handle.net/20.500.11840/termmaster10069715,titelbladen | title pages
https://hdl.handle.net/20.500.11840/termmaster10063824,Moradabad,https://hdl.handle.net/20.500.11840/termmaster10063818,
https://hdl.handle.net/20.500.11840/termmaster10055340,Saint James,https://hdl.handle.net/20.500.11840/termmaster10055333,
https://hdl.handle.net/20.500.11840/termmaster10068502,rekstokken,https://hdl.handle.net/20.500.11840/termmaster10068501,horizontal bars
https://hdl.handle.net/20.500.11840/termmaster10063368,Kintamani,https://hdl.handle.net/20.500.11840/termmaster10063367,
https://hdl.handle.net/20.500.11840/termmaster10058396,Orealla,https://hdl.handle.net/20.500.11840/termmaster10079157,
https://hdl.handle.net/20.500.11840/termmaster10058609,Juruá (rivier),https://hdl.handle.net/20.500.11840/termmaster10058604,Juruá (river)
https://hdl.handle.net/20.500.11840/termmaster10079027,hiphop-cultuur,https://hdl.handle.net/20.500.11840/termmaster10047991,hip-hop | hip-hop culture
https://hdl.handle.net/20.500.11840/termmaster10064545,Shabwah (gouvernement),https://hdl.handle.net/20.500.11840/termmaster10064507,Shabwah (governorate)
https://hdl.handle.net/20.500.11840/termmaster10068149,munten naar herkomst,https://hdl.handle.net/20.500.11840/termmaster10068146,coins by origin
https://hdl.handle.net/20.500.11840/termmaster10063234,Pelabuhan Ratu,https://hdl.handle.net/20.500.11840/termmaster10063231,Palaboehanratoe | Pelabuhanratu | Wijnkoopsbaai
https://hdl.handle.net/20.500.11840/termmaster10058059,Botnische golf,https://hdl.handle.net/20.500.11840/termmaster10058058,"Bothnia, Gulf of | Bottniska viken | Pohjanlahti"
https://hdl.handle.net/20.500.11840/termmaster10078875,Shinshe,https://hdl.handle.net/20.500.11840/termmaster10078863,Bashinshe | Chinge | Chinje | Kasinji | Mashinge | Shinje
https://hdl.handle.net/20.500.11840/termmaster10068658,opwindsleutels,https://hdl.handle.net/20.500.11840/termmaster10068657,
https://hdl.handle.net/20.500.11840/termmaster10058720,Nederlands Caraïbisch gebied,https://hdl.handle.net/20.500.11840/termmaster10058694,Dutch Caribbean
https://hdl.handle.net/20.500.11840/termmaster10059601,Kansas City (Missouri),https://hdl.handle.net/20.500.11840/termmaster10059600,
https://hdl.handle.net/20.500.11840/termmaster10066382,wolken,https://hdl.handle.net/20.500.11840/termmaster10079056,clouds
https://hdl.handle.net/20.500.11840/termmaster10068442,geleide voertuigen,https://hdl.handle.net/20.500.11840/termmaster10068364,guideway vehicles
https://hdl.handle.net/20.500.11840/termmaster10062804,Maluku Tenggara Barat (regentschap),https://hdl.handle.net/20.500.11840/termmaster10062759,Maluku Tenggara Barat (kabupaten) | Maluku Tenggara Barat (regency)
https://hdl.handle.net/20.500.11840/termmaster10076300,San Juan,https://hdl.handle.net/20.500.11840/termmaster10076299,San Juan (Rio Grande Pueblo) | San Juan Pueblo
https://hdl.handle.net/20.500.11840/termmaster10054152,Nana-Grébizi (prefectuur),https://hdl.handle.net/20.500.11840/termmaster10054140,Nana-Grébizi (prefecture)
https://hdl.handle.net/20.500.11840/termmaster10061842,Lubuksikaping,https://hdl.handle.net/20.500.11840/termmaster10061841,Loeboeksikaping | Lubuk Sikaping
https://hdl.handle.net/20.500.11840/termmaster10079072,golven (natuurlijke gebeurtenissen),https://hdl.handle.net/20.500.11840/termmaster10079074,waves (natural events) 
https://hdl.handle.net/20.500.11840/termmaster10077952,Banjara,https://hdl.handle.net/20.500.11840/termmaster10077892,Laman | Lambadi | Rajput banjara | Rajput vanjara
https://hdl.handle.net/20.500.11840/termmaster10077263,Jesuit (keramiekstijl),https://hdl.handle.net/20.500.11840/termmaster10077261,Jesuit (pottery style)
https://hdl.handle.net/20.500.11840/termmaster10058406,Puerto Casado,https://hdl.handle.net/20.500.11840/termmaster10058405,Casado | Puerto la Victoria
https://hdl.handle.net/20.500.11840/termmaster10056491,Teignmouth,https://hdl.handle.net/20.500.11840/termmaster10056486,
https://hdl.handle.net/20.500.11840/termmaster10065173,collodium,https://hdl.handle.net/20.500.11840/termmaster10065171,collodion
https://hdl.handle.net/20.500.11840/termmaster10079184,verooordelen en vonnisen (activiteit),https://hdl.handle.net/20.500.11840/termmaster10047814,convicting and sentencing
https://hdl.handle.net/20.500.11840/termmaster10060329,Sikal,https://hdl.handle.net/20.500.11840/termmaster10060313,
https://hdl.handle.net/20.500.11840/termmaster10065120,bakken in een oven,https://hdl.handle.net/20.500.11840/termmaster10065118,oven firing
https://hdl.handle.net/20.500.11840/termmaster10065339,nikkel en nikkellegering,https://hdl.handle.net/20.500.11840/termmaster10065312,nickel and nickel alloy
https://hdl.handle.net/20.500.11840/termmaster10068636,gordijnarmaturen,https://hdl.handle.net/20.500.11840/termmaster10068635,
https://hdl.handle.net/20.500.11840/termmaster10063007,Pacitan,https://hdl.handle.net/20.500.11840/termmaster10063005,
https://hdl.handle.net/20.500.11840/termmaster10055964,Slikkerveer,https://hdl.handle.net/20.500.11840/termmaster10055808,
https://hdl.handle.net/20.500.11840/termmaster10063355,Kesiman,https://hdl.handle.net/20.500.11840/termmaster10063352,
https://hdl.handle.net/20.500.11840/termmaster10055848,Arendsdorp,https://hdl.handle.net/20.500.11840/termmaster10055818,
https://hdl.handle.net/20.500.11840/termmaster10069527,kimono's,https://hdl.handle.net/20.500.11840/termmaster10069495,kimonos
https://hdl.handle.net/20.500.11840/termmaster10061872,Sungai Lasi,https://hdl.handle.net/20.500.11840/termmaster10061871,Soengailasi | Sungailasi
https://hdl.handle.net/20.500.11840/termmaster10065038,verzinken,https://hdl.handle.net/20.500.11840/termmaster10065036,sherardizing
https://hdl.handle.net/20.500.11840/termmaster10065810,uit- en afscheidingsproducten,https://hdl.handle.net/20.500.11840/termmaster10065756,excretions and secretions
https://hdl.handle.net/20.500.11840/termmaster10077123,Japans,https://hdl.handle.net/20.500.11840/termmaster10077121,Japanese
https://hdl.handle.net/20.500.11840/termmaster10071925,passers,https://hdl.handle.net/20.500.11840/termmaster10071895,compasses (drawing instruments) | passer
https://hdl.handle.net/20.500.11840/termmaster10075821,confucianistisch,https://hdl.handle.net/20.500.11840/termmaster10075771,Confucian | Confucianism | confucianisme
https://hdl.handle.net/20.500.11840/termmaster10067785,stoelen naar ontwerp,https://hdl.handle.net/20.500.11840/termmaster10067770,chairs by design
https://hdl.handle.net/20.500.11840/termmaster10071621,verfkwasten,https://hdl.handle.net/20.500.11840/termmaster10071620,paintbrushes
https://hdl.handle.net/20.500.11840/termmaster10061332,Asei,https://hdl.handle.net/20.500.11840/termmaster10061330,Asé
https://hdl.handle.net/20.500.11840/termmaster10067604,paardendekens,https://hdl.handle.net/20.500.11840/termmaster10067603,horse blankets | paardendekken
https://hdl.handle.net/20.500.11840/termmaster10066288,lawaaimakers,https://hdl.handle.net/20.500.11840/termmaster10066261,noisemakers
https://hdl.handle.net/20.500.11840/termmaster10061473,Nduga (regentschap),https://hdl.handle.net/20.500.11840/termmaster10061460,Nduga (kabupaten) | Nduga (regency)
https://hdl.handle.net/20.500.11840/termmaster10064184,Idlib,https://hdl.handle.net/20.500.11840/termmaster10064169,
https://hdl.handle.net/20.500.11840/termmaster10055139,Touyogou,https://hdl.handle.net/20.500.11840/termmaster10055129,
https://hdl.handle.net/20.500.11840/termmaster10076616,Oostelijke Marrons,https://hdl.handle.net/20.500.11840/termmaster10076611,Eastern Maroon (people)
https://hdl.handle.net/20.500.11840/termmaster10076366,Atacameño,https://hdl.handle.net/20.500.11840/termmaster10076365,Atacames | Atacameños-cultuur
https://hdl.handle.net/20.500.11840/termmaster10054720,Tegetero,https://hdl.handle.net/20.500.11840/termmaster10054715,
https://hdl.handle.net/20.500.11840/termmaster10079171,aanvallen,https://hdl.handle.net/20.500.11840/termmaster10047827,attacks (armed conflicts)
https://hdl.handle.net/20.500.11840/termmaster10058412,Peru: regionaal,https://hdl.handle.net/20.500.11840/termmaster10058411,
https://hdl.handle.net/20.500.11840/termmaster10065135,versieren,https://hdl.handle.net/20.500.11840/termmaster10065131,decorating | toegepaste decoratie | versierd
https://hdl.handle.net/20.500.11840/termmaster10058845,Tikal,https://hdl.handle.net/20.500.11840/termmaster10058825,
https://hdl.handle.net/20.500.11840/termmaster10059039,Tolimán,https://hdl.handle.net/20.500.11840/termmaster10059038,
https://hdl.handle.net/20.500.11840/termmaster10063799,Vriddhachalam,https://hdl.handle.net/20.500.11840/termmaster10063798,
https://hdl.handle.net/20.500.11840/termmaster10054322,Grand Erg Occidental,https://hdl.handle.net/20.500.11840/termmaster10054310,
https://hdl.handle.net/20.500.11840/termmaster10076114,Macusi,https://hdl.handle.net/20.500.11840/termmaster10076113,Macushi | Makushi | Makushì
https://hdl.handle.net/20.500.11840/termmaster10071424,afkortzagen,https://hdl.handle.net/20.500.11840/termmaster10071423,crosscut saws
https://hdl.handle.net/20.500.11840/termmaster10061432,Kwatisore,https://hdl.handle.net/20.500.11840/termmaster10061430,
https://hdl.handle.net/20.500.11840/termmaster10054521,Hammam Lif,https://hdl.handle.net/20.500.11840/termmaster10054520,
https://hdl.handle.net/20.500.11840/termmaster10068386,vorkheftrucks,https://hdl.handle.net/20.500.11840/termmaster10068383,forklift trucks
https://hdl.handle.net/20.500.11840/termmaster10064135,Zefat,https://hdl.handle.net/20.500.11840/termmaster10064131,Safad
https://hdl.handle.net/20.500.11840/termmaster10069463,schouderaccessoires,https://hdl.handle.net/20.500.11840/termmaster10069449,shoulder accessories
https://hdl.handle.net/20.500.11840/termmaster10077710,Nomadische volkeren,https://hdl.handle.net/20.500.11840/termmaster10077708,Nomadic groups
https://hdl.handle.net/20.500.11840/termmaster10062528,Kapuas Hulu (regentschap),https://hdl.handle.net/20.500.11840/termmaster10062520,Kapuas Hulu (kabupaten) | Kapuas Hulu (regency)
https://hdl.handle.net/20.500.11840/termmaster10063835,Yamuna (rivier),https://hdl.handle.net/20.500.11840/termmaster10063818,Yamuna (river)
https://hdl.handle.net/20.500.11840/termmaster10077791,Semang,https://hdl.handle.net/20.500.11840/termmaster10077752,Menik | Ngok
https://hdl.handle.net/20.500.11840/termmaster10078567,Aït Atta,https://hdl.handle.net/20.500.11840/termmaster10078566,Ait Atta
https://hdl.handle.net/20.500.11840/termmaster10063622,Laos,https://hdl.handle.net/20.500.11840/termmaster10063468,LAO  | Lao PDR
https://hdl.handle.net/20.500.11840/termmaster10076348,Mohawk,https://hdl.handle.net/20.500.11840/termmaster10076346,Kanienkehaka
https://hdl.handle.net/20.500.11840/termmaster10077665,Jepara,https://hdl.handle.net/20.500.11840/termmaster10077660,
https://hdl.handle.net/20.500.11840/termmaster10076129,Arecuna,https://hdl.handle.net/20.500.11840/termmaster10076128,
https://hdl.handle.net/20.500.11840/termmaster10070627,weefmanden,https://hdl.handle.net/20.500.11840/termmaster10070624,loom baskets
https://hdl.handle.net/20.500.11840/termmaster10065800,slakkenhuis,https://hdl.handle.net/20.500.11840/termmaster10065794,gastropod shell
https://hdl.handle.net/20.500.11840/termmaster10059154,Ocotlán,https://hdl.handle.net/20.500.11840/termmaster10059119,Ocotlán de Morelos
https://hdl.handle.net/20.500.11840/termmaster10067285,gelatinenegatieven op nitraat,https://hdl.handle.net/20.500.11840/termmaster10067282,gelatine silver negatives on nitrate
https://hdl.handle.net/20.500.11840/termmaster10057731,Cãmara de Lobos,https://hdl.handle.net/20.500.11840/termmaster10057729,
https://hdl.handle.net/20.500.11840/termmaster10049219,trance en extase,https://hdl.handle.net/20.500.11840/termmaster10079104,trance and extasy
https://hdl.handle.net/20.500.11840/termmaster10076472,Precolumbiaanse Noord-Amerikaanse perioden,https://hdl.handle.net/20.500.11840/termmaster10076461,Pre-Columbian North American periods
https://hdl.handle.net/20.500.11840/termmaster10056213,Berlicum,https://hdl.handle.net/20.500.11840/termmaster10056165,
https://hdl.handle.net/20.500.11840/termmaster10065000,afwerkingsprocedés en technieken (textiel),https://hdl.handle.net/20.500.11840/termmaster10064945,textile finishing processes and techniques | versieringsprocedés en -technieken (textiel)
https://hdl.handle.net/20.500.11840/termmaster10056532,Ipswich,https://hdl.handle.net/20.500.11840/termmaster10056531,
https://hdl.handle.net/20.500.11840/termmaster10047971,verzorging van gewassen,https://hdl.handle.net/20.500.11840/termmaster10047962,030103 | crop care
https://hdl.handle.net/20.500.11840/termmaster10056685,Couvin,https://hdl.handle.net/20.500.11840/termmaster10056684,
https://hdl.handle.net/20.500.11840/termmaster10070400,bonbonnières,https://hdl.handle.net/20.500.11840/termmaster10070399,bonbondozen | sweetmeat stands
https://hdl.handle.net/20.500.11840/termmaster10054911,Kissidougou,https://hdl.handle.net/20.500.11840/termmaster10054906,
https://hdl.handle.net/20.500.11840/termmaster10056940,Hannover (district),https://hdl.handle.net/20.500.11840/termmaster10056939,
https://hdl.handle.net/20.500.11840/termmaster10054603,Ethiopië,https://hdl.handle.net/20.500.11840/termmaster10054600,ETH  | Ethiopia | Etiopië
https://hdl.handle.net/20.500.11840/termmaster10054182,Gharyan (district),https://hdl.handle.net/20.500.11840/termmaster10054176,
https://hdl.handle.net/20.500.11840/termmaster10066702,kantoren (kamers),https://hdl.handle.net/20.500.11840/termmaster10066692,offices (work spaces)
https://hdl.handle.net/20.500.11840/termmaster10067929,beddenplanken,https://hdl.handle.net/20.500.11840/termmaster10067923,bedboards
https://hdl.handle.net/20.500.11840/termmaster10067180,kachô,https://hdl.handle.net/20.500.11840/termmaster10067127,kacho | kacho-e | kachô-e
https://hdl.handle.net/20.500.11840/termmaster10054661,Nakuru,https://hdl.handle.net/20.500.11840/termmaster10054654,
https://hdl.handle.net/20.500.11840/termmaster10055228,Mbabane,https://hdl.handle.net/20.500.11840/termmaster10055227,
https://hdl.handle.net/20.500.11840/termmaster10059936,Williams Lake,https://hdl.handle.net/20.500.11840/termmaster10059923,
https://hdl.handle.net/20.500.11840/termmaster10071169,slagersmessen,https://hdl.handle.net/20.500.11840/termmaster10071167,butcher knives | slachtmessen
https://hdl.handle.net/20.500.11840/termmaster10064036,Ahmadabad,https://hdl.handle.net/20.500.11840/termmaster10064034,Ahmedabad
https://hdl.handle.net/20.500.11840/termmaster10065039,bekleden (van metaal met metaal),https://hdl.handle.net/20.500.11840/termmaster10065036,cladding (metal coating)
https://hdl.handle.net/20.500.11840/termmaster10078259,Kwamatwi,https://hdl.handle.net/20.500.11840/termmaster10078242,
https://hdl.handle.net/20.500.11840/termmaster10078723,Msalala,https://hdl.handle.net/20.500.11840/termmaster10078714,
https://hdl.handle.net/20.500.11840/termmaster10076321,Karok,https://hdl.handle.net/20.500.11840/termmaster10076316,Karuk
https://hdl.handle.net/20.500.11840/termmaster10069193,kleding,https://hdl.handle.net/20.500.11840/termmaster10066041,costume | kleren
https://hdl.handle.net/20.500.11840/termmaster10067616,lijkwaden,https://hdl.handle.net/20.500.11840/termmaster10067615,shrouds
https://hdl.handle.net/20.500.11840/termmaster10071214,koekplanken,https://hdl.handle.net/20.500.11840/termmaster10071210,cake molds (forming) | koekmallen | koekvormen
https://hdl.handle.net/20.500.11840/termmaster10065907,textielmaterialen naar procedé of techniek,https://hdl.handle.net/20.500.11840/termmaster10065895,textile materials by process or technique
https://hdl.handle.net/20.500.11840/termmaster10065396,eierschaalporselein,https://hdl.handle.net/20.500.11840/termmaster10065393,bodiless ware | egg-shell china | eggshell | eggshell porcelain | t'o t'ai ware | tan-p'I ware
https://hdl.handle.net/20.500.11840/termmaster10062788,Kai-eilanden,https://hdl.handle.net/20.500.11840/termmaster10062787,Kai Islands | Kepulauan Kai
https://hdl.handle.net/20.500.11840/termmaster10065492,aarde,https://hdl.handle.net/20.500.11840/termmaster10065491,dirth | earth | earthen
https://hdl.handle.net/20.500.11840/termmaster10060104,Samoa,https://hdl.handle.net/20.500.11840/termmaster10060093,Malo Sa'oloto Tuto'atasi o Samoa | WSM | West-Samoa | Western Samoa
https://hdl.handle.net/20.500.11840/termmaster10066456,kinderboerderijen,https://hdl.handle.net/20.500.11840/termmaster10066455,children's farms
https://hdl.handle.net/20.500.11840/termmaster10062815,Kandar,https://hdl.handle.net/20.500.11840/termmaster10062813,
https://hdl.handle.net/20.500.11840/termmaster10062326,Bungin,https://hdl.handle.net/20.500.11840/termmaster10062323,Boenging | Bunging
https://hdl.handle.net/20.500.11840/termmaster10077099,Verenigd Shilla,https://hdl.handle.net/20.500.11840/termmaster10077093,T'ong'il Shilla | Unified Shilla Kingdom | Verenigd Silla Koninkrijk
https://hdl.handle.net/20.500.11840/termmaster10060576,Kaminimbit,https://hdl.handle.net/20.500.11840/termmaster10060520,
https://hdl.handle.net/20.500.11840/termmaster10063851,Dariapur,https://hdl.handle.net/20.500.11840/termmaster10063837,
https://hdl.handle.net/20.500.11840/termmaster10067392,handrolschilderingen,https://hdl.handle.net/20.500.11840/termmaster10067391,handrolschilderijen | handscrolls
https://hdl.handle.net/20.500.11840/termmaster10048762,"slaan, roeren, karnen, opkloppen",https://hdl.handle.net/20.500.11840/termmaster10048199,"beating, stirring, churning, whipping"
https://hdl.handle.net/20.500.11840/termmaster10054376,Bou Saâda,https://hdl.handle.net/20.500.11840/termmaster10054375,
https://hdl.handle.net/20.500.11840/termmaster10062016,Dumai (stadsgemeente),https://hdl.handle.net/20.500.11840/termmaster10061996,Dumai (kota) | Dumai (municipality)
https://hdl.handle.net/20.500.11840/termmaster10057342,Gipuzkoa,https://hdl.handle.net/20.500.11840/termmaster10057259,Guipúzcoa
https://hdl.handle.net/20.500.11840/termmaster10063290,Cilauteureun-baai,https://hdl.handle.net/20.500.11840/termmaster10063287,Baai van Tjilaoeteureun | Cilauteureun  Bay | Teluk Cilauteureun | Tjilaoeteureun-baai
https://hdl.handle.net/20.500.11840/termmaster10079278,bestuurlijke en juridische documenten en brieven,https://hdl.handle.net/20.500.11840/termmaster10050278,administrative and legal documents and letters | bestuurlijke brieven  | vergunningen | verordeningen | wetteksten
https://hdl.handle.net/20.500.11840/termmaster10079475,hersenen,https://hdl.handle.net/20.500.11840/termmaster10065807,brains
https://hdl.handle.net/20.500.11840/termmaster10077716,Dusun en noordelijke volkeren,https://hdl.handle.net/20.500.11840/termmaster10077713,Dusun and northern groups
https://hdl.handle.net/20.500.11840/termmaster10056975,Ebersdorf,https://hdl.handle.net/20.500.11840/termmaster10056972,
https://hdl.handle.net/20.500.11840/termmaster10056990,Oberschulenberg,https://hdl.handle.net/20.500.11840/termmaster10056939,
https://hdl.handle.net/20.500.11840/termmaster10061928,Seluma,https://hdl.handle.net/20.500.11840/termmaster10061927,Pasarseluma | Seloema
https://hdl.handle.net/20.500.11840/termmaster10066248,stokciters,https://hdl.handle.net/20.500.11840/termmaster10066239,bar zithers | stick zithers
https://hdl.handle.net/20.500.11840/termmaster10070663,verbanddozen,https://hdl.handle.net/20.500.11840/termmaster10070656,bandage boxes
https://hdl.handle.net/20.500.11840/termmaster10063766,Fatehnagar,https://hdl.handle.net/20.500.11840/termmaster10063759,Fatanagar
https://hdl.handle.net/20.500.11840/termmaster10058604,"Amazonas (Brazilië, deelstaat)",https://hdl.handle.net/20.500.11840/termmaster10058588,Amazonas (BRA state)
https://hdl.handle.net/20.500.11840/termmaster10068788,telefoons,https://hdl.handle.net/20.500.11840/termmaster10068785,telephones
https://hdl.handle.net/20.500.11840/termmaster10063012,Situbondo (regentschap),https://hdl.handle.net/20.500.11840/termmaster10062879,Situbondo (kabupaten) | Situbondo (regency)
https://hdl.handle.net/20.500.11840/termmaster10079534,huishoudelijk werk,https://hdl.handle.net/20.500.11840/termmaster10048478,housework
https://hdl.handle.net/20.500.11840/termmaster10069482,regencapes,https://hdl.handle.net/20.500.11840/termmaster10069479,rain capes
https://hdl.handle.net/20.500.11840/termmaster10059461,Deschutes,https://hdl.handle.net/20.500.11840/termmaster10059460,
https://hdl.handle.net/20.500.11840/termmaster10058099,Kalebaskreek,https://hdl.handle.net/20.500.11840/termmaster10058097,Kalabas-kreek | Kalebas-kreek
https://hdl.handle.net/20.500.11840/termmaster10071082,gehoorapparaten,https://hdl.handle.net/20.500.11840/termmaster10071081,hearing aids
https://hdl.handle.net/20.500.11840/termmaster10076802,Lavongai,https://hdl.handle.net/20.500.11840/termmaster10076795,
https://hdl.handle.net/20.500.11840/termmaster10059977,Rarotonga,https://hdl.handle.net/20.500.11840/termmaster10059973,
https://hdl.handle.net/20.500.11840/termmaster10060689,Fanla,https://hdl.handle.net/20.500.11840/termmaster10060688,
https://hdl.handle.net/20.500.11840/termmaster10055637,Naardermeer,https://hdl.handle.net/20.500.11840/termmaster10055589,
https://hdl.handle.net/20.500.11840/termmaster10063972,Amravati,https://hdl.handle.net/20.500.11840/termmaster10063955,
https://hdl.handle.net/20.500.11840/termmaster10070136,herdrukken,https://hdl.handle.net/20.500.11840/termmaster10070134,reprints
https://hdl.handle.net/20.500.11840/termmaster10076285,Havasupai,https://hdl.handle.net/20.500.11840/termmaster10076270,Supai
https://hdl.handle.net/20.500.11840/termmaster10060299,New Britain,https://hdl.handle.net/20.500.11840/termmaster10060298,Neupommern | Nieuw-Britannië
https://hdl.handle.net/20.500.11840/termmaster10060597,Kabriman,https://hdl.handle.net/20.500.11840/termmaster10060520,
https://hdl.handle.net/20.500.11840/termmaster10067332,albumplaatjes,https://hdl.handle.net/20.500.11840/termmaster10067330,album pictures
https://hdl.handle.net/20.500.11840/termmaster10055015,Aran Orin,https://hdl.handle.net/20.500.11840/termmaster10055013,
https://hdl.handle.net/20.500.11840/termmaster10048776,zeven en filteren ,https://hdl.handle.net/20.500.11840/termmaster10048774,"sifting, straining and filtering"
https://hdl.handle.net/20.500.11840/termmaster10055188,Niamey,https://hdl.handle.net/20.500.11840/termmaster10055178,
https://hdl.handle.net/20.500.11840/termmaster10054872,Dolu Koptu,https://hdl.handle.net/20.500.11840/termmaster10054795,
https://hdl.handle.net/20.500.11840/termmaster10077314,Qianlong,https://hdl.handle.net/20.500.11840/termmaster10077310,
https://hdl.handle.net/20.500.11840/termmaster10058073,Zuid-Amerika,https://hdl.handle.net/20.500.11840/termmaster10058072,South America
https://hdl.handle.net/20.500.11840/termmaster10061024,Huanghe,https://hdl.handle.net/20.500.11840/termmaster10060930,
https://hdl.handle.net/20.500.11840/termmaster10067139,vruchtbaarheidspoppen,https://hdl.handle.net/20.500.11840/termmaster10067133,fertility dolls
https://hdl.handle.net/20.500.11840/termmaster10059784,Walpi,https://hdl.handle.net/20.500.11840/termmaster10059783,Pueblo Walpi
https://hdl.handle.net/20.500.11840/termmaster10056998,Dillenburg,https://hdl.handle.net/20.500.11840/termmaster10056997,
https://hdl.handle.net/20.500.11840/termmaster10056360,Loppersum,https://hdl.handle.net/20.500.11840/termmaster10056355,
https://hdl.handle.net/20.500.11840/termmaster10053828,Morondava,https://hdl.handle.net/20.500.11840/termmaster10053825,
https://hdl.handle.net/20.500.11840/termmaster10062779,Romang (eiland),https://hdl.handle.net/20.500.11840/termmaster10062774,Pulau Roma | Pulau Romang | Roma (Leti-eilanden) | Romang (island)
https://hdl.handle.net/20.500.11840/termmaster10075971,Oroch,https://hdl.handle.net/20.500.11840/termmaster10075968,Orochi | Orotschen
https://hdl.handle.net/20.500.11840/termmaster10057598,Novion-Porcien,https://hdl.handle.net/20.500.11840/termmaster10057596,
https://hdl.handle.net/20.500.11840/termmaster10062531,Putussibau,https://hdl.handle.net/20.500.11840/termmaster10062528,Poetoes-Sibau
https://hdl.handle.net/20.500.11840/termmaster10070249,straatnaambordjes,https://hdl.handle.net/20.500.11840/termmaster10070247,street signs
https://hdl.handle.net/20.500.11840/termmaster10058741,Grote Zoutpan,https://hdl.handle.net/20.500.11840/termmaster10058735,Great Salt Pond
https://hdl.handle.net/20.500.11840/termmaster10056895,Bielefeld,https://hdl.handle.net/20.500.11840/termmaster10056894,
https://hdl.handle.net/20.500.11840/termmaster10075849,Merewijk,https://hdl.handle.net/20.500.11840/termmaster10075848,
https://hdl.handle.net/20.500.11840/termmaster10061394,Meervlakte,https://hdl.handle.net/20.500.11840/termmaster10061393,Tariku-Taritatu
https://hdl.handle.net/20.500.11840/termmaster10071600,katrollen,https://hdl.handle.net/20.500.11840/termmaster10071599,pulleys
https://hdl.handle.net/20.500.11840/termmaster10055216,Namibië,https://hdl.handle.net/20.500.11840/termmaster10055215,NAM  | Namibia | Zuidwest-Afrika
https://hdl.handle.net/20.500.11840/termmaster10076326,Paiute,https://hdl.handle.net/20.500.11840/termmaster10076325,
https://hdl.handle.net/20.500.11840/termmaster10058887,Chimaltenango (departement),https://hdl.handle.net/20.500.11840/termmaster10058825,Chimaltenango (department)
https://hdl.handle.net/20.500.11840/termmaster10065661,teakhout,https://hdl.handle.net/20.500.11840/termmaster10065616,Indian oak | Tectona grandis | djatihout | jati (hout) | teak
https://hdl.handle.net/20.500.11840/termmaster10048572,vervoer van goederen,https://hdl.handle.net/20.500.11840/termmaster10048570,freight transport
https://hdl.handle.net/20.500.11840/termmaster10063142,Demak (regentschap),https://hdl.handle.net/20.500.11840/termmaster10063042,Demak (kabupaten) | Demak (regency)
https://hdl.handle.net/20.500.11840/termmaster10071559,snoeimessen,https://hdl.handle.net/20.500.11840/termmaster10071558,bill-hooks
https://hdl.handle.net/20.500.11840/termmaster10061890,Palembang (stadsgemeente),https://hdl.handle.net/20.500.11840/termmaster10061883,Palembang (kota) | Palembang (municipality)
https://hdl.handle.net/20.500.11840/termmaster10075885,Aurignacien,https://hdl.handle.net/20.500.11840/termmaster10075879,Aurignacian
https://hdl.handle.net/20.500.11840/termmaster10064880,droge collodiumprocedés,https://hdl.handle.net/20.500.11840/termmaster10064876,dry collodion process
https://hdl.handle.net/20.500.11840/termmaster10065684,mesquitehout,https://hdl.handle.net/20.500.11840/termmaster10065674,Prosopis chilensis | algaroba | algarobo | algarroba | algarrobo | algeroba | mesquit | mesquite | mezquit | mezquite
https://hdl.handle.net/20.500.11840/termmaster10069766,gebedenboeken,https://hdl.handle.net/20.500.11840/termmaster10069761,prayer books
https://hdl.handle.net/20.500.11840/termmaster10062817,Alilit,https://hdl.handle.net/20.500.11840/termmaster10062816,Olilit
https://hdl.handle.net/20.500.11840/termmaster10056352,Oostkapelle,https://hdl.handle.net/20.500.11840/termmaster10056308,
https://hdl.handle.net/20.500.11840/termmaster10063034,Kediri (stadsgemeente),https://hdl.handle.net/20.500.11840/termmaster10062879,Kediri (kota) | Kediri (municipality)
https://hdl.handle.net/20.500.11840/termmaster10066536,zuilen,https://hdl.handle.net/20.500.11840/termmaster10066535,columns (architectural elements)
https://hdl.handle.net/20.500.11840/termmaster10063144,Jepara (regentschap),https://hdl.handle.net/20.500.11840/termmaster10063042,Jepara (kabupaten) | Jepara (regency)
https://hdl.handle.net/20.500.11840/termmaster10059921,Calgary,https://hdl.handle.net/20.500.11840/termmaster10059915,
https://hdl.handle.net/20.500.11840/termmaster10071328,lenzen (optische instrumenten),https://hdl.handle.net/20.500.11840/termmaster10071325,lenses (optical instruments)
https://hdl.handle.net/20.500.11840/termmaster10062095,Sigule,https://hdl.handle.net/20.500.11840/termmaster10062085,Sigulè
https://hdl.handle.net/20.500.11840/termmaster10056045,Rijssen,https://hdl.handle.net/20.500.11840/termmaster10055995,
https://hdl.handle.net/20.500.11840/termmaster10065964,calico,https://hdl.handle.net/20.500.11840/termmaster10065963,kaliko
https://hdl.handle.net/20.500.11840/termmaster10070349,bakken,https://hdl.handle.net/20.500.11840/termmaster10070287,trays (containers)
https://hdl.handle.net/20.500.11840/termmaster10079024,"kostuumfeesten, re-enactments en rollenspel",https://hdl.handle.net/20.500.11840/termmaster10049952,"cosplay | costume parties, re-enactments and role playing | re-enactments"
https://hdl.handle.net/20.500.11840/termmaster10058522,Arequipa (regio),https://hdl.handle.net/20.500.11840/termmaster10058411,Arequipa (region)
https://hdl.handle.net/20.500.11840/termmaster10063087,Banyubiru,https://hdl.handle.net/20.500.11840/termmaster10063084,Banjoebiroe
https://hdl.handle.net/20.500.11840/termmaster10055977,Westland (gemeente),https://hdl.handle.net/20.500.11840/termmaster10055808,Westland (municipality)
https://hdl.handle.net/20.500.11840/termmaster10060201,Dauan (eiland),https://hdl.handle.net/20.500.11840/termmaster10060200,Bauan (eiland) | Dauan Island | Tauan (eiland)
https://hdl.handle.net/20.500.11840/termmaster10067540,bedekkingen en voorhangen,https://hdl.handle.net/20.500.11840/termmaster10067539,coverings and hangings
https://hdl.handle.net/20.500.11840/termmaster10076768,Papoea Nieuw-Guinea -culturen: zuidelijke Centrale Bergland,https://hdl.handle.net/20.500.11840/termmaster10076757,Papua New Guinea cultures: southern central mountains
https://hdl.handle.net/20.500.11840/termmaster10071330,periscopen,https://hdl.handle.net/20.500.11840/termmaster10071325,periscoop | periscopes
https://hdl.handle.net/20.500.11840/termmaster10067155,kruisen,https://hdl.handle.net/20.500.11840/termmaster10067127,crosses (visual works)
https://hdl.handle.net/20.500.11840/termmaster10055156,Koro (kring),https://hdl.handle.net/20.500.11840/termmaster10055128,Koro (circle)
https://hdl.handle.net/20.500.11840/termmaster10078485,Fur,https://hdl.handle.net/20.500.11840/termmaster10078481,Dala | For | Furakang | Furawai | Kadirgi | Konjara | Kurka | Onage
https://hdl.handle.net/20.500.11840/termmaster10064116,Zuidwest-Azië,https://hdl.handle.net/20.500.11840/termmaster10064094,Southwest Asia
https://hdl.handle.net/20.500.11840/termmaster10063240,Sumedang (regentschap),https://hdl.handle.net/20.500.11840/termmaster10063208,Soemedang (regentschap) | Sumedang (kabupaten) | Sumedang (regency)
https://hdl.handle.net/20.500.11840/termmaster10078887,Sungu,https://hdl.handle.net/20.500.11840/termmaster10078886,
https://hdl.handle.net/20.500.11840/termmaster10063726,Kalkudah,https://hdl.handle.net/20.500.11840/termmaster10063711,
https://hdl.handle.net/20.500.11840/termmaster10066118,cuícas,https://hdl.handle.net/20.500.11840/termmaster10066117,cuïcas
https://hdl.handle.net/20.500.11840/termmaster10069239,medaillons (sieraden),https://hdl.handle.net/20.500.11840/termmaster10069234,lockets
https://hdl.handle.net/20.500.11840/termmaster10063538,Nakhon Pathom,https://hdl.handle.net/20.500.11840/termmaster10063537,Nagara Pathom | Nagorn Pathom | Nakon Patom
https://hdl.handle.net/20.500.11840/termmaster10068260,mijnenleggers,https://hdl.handle.net/20.500.11840/termmaster10068258,minelayers
https://hdl.handle.net/20.500.11840/termmaster10064611,Lahij (gouvernement),https://hdl.handle.net/20.500.11840/termmaster10064507,Lahij (governorate)
https://hdl.handle.net/20.500.11840/termmaster10064639,Kunduz (provincie),https://hdl.handle.net/20.500.11840/termmaster10064622,Kondoz (provincie) | Konduz (provincie) | Kunduz (province)
https://hdl.handle.net/20.500.11840/termmaster10057751,Kikládhes,https://hdl.handle.net/20.500.11840/termmaster10057747,
https://hdl.handle.net/20.500.11840/termmaster10078520,Bagirmi,https://hdl.handle.net/20.500.11840/termmaster10078519,Baghirmi | Baguirmi | Barma
https://hdl.handle.net/20.500.11840/termmaster10079296,"facturen, betalingsbewijzen en bewijzen van levering",https://hdl.handle.net/20.500.11840/termmaster10079530,"facturen en kwitanties | invoices, proof of payment and proof of delivery"
https://hdl.handle.net/20.500.11840/termmaster10050040,bruidsschat en bruidsprijs,https://hdl.handle.net/20.500.11840/termmaster10048267,dowry and bridewealth
https://hdl.handle.net/20.500.11840/termmaster10058679,Uatatás (rivier),https://hdl.handle.net/20.500.11840/termmaster10058678,Paraiba | Parima (rivier) | Uatatás (river)
https://hdl.handle.net/20.500.11840/termmaster10059823,Hot Springs,https://hdl.handle.net/20.500.11840/termmaster10059822,
https://hdl.handle.net/20.500.11840/termmaster10065283,stollingsgesteente,https://hdl.handle.net/20.500.11840/termmaster10065250,igneous rock
https://hdl.handle.net/20.500.11840/termmaster10071187,meelscheppen,https://hdl.handle.net/20.500.11840/termmaster10071184,flour scoops
https://hdl.handle.net/20.500.11840/termmaster10061831,Batang Anai (rivier),https://hdl.handle.net/20.500.11840/termmaster10061829,Batang Anai (river)
https://hdl.handle.net/20.500.11840/termmaster10063714,Colombo,https://hdl.handle.net/20.500.11840/termmaster10063711,
https://hdl.handle.net/20.500.11840/termmaster10061510,Mappi (rivier),https://hdl.handle.net/20.500.11840/termmaster10061507,Mappi (river)
https://hdl.handle.net/20.500.11840/termmaster10065876,visschub,https://hdl.handle.net/20.500.11840/termmaster10065875,fish scale
https://hdl.handle.net/20.500.11840/termmaster10067390,schilderingen naar vorm,https://hdl.handle.net/20.500.11840/termmaster10067374,paintings by form
https://hdl.handle.net/20.500.11840/termmaster10063113,Purwokerto,https://hdl.handle.net/20.500.11840/termmaster10063111,Poerwokerto
https://hdl.handle.net/20.500.11840/termmaster10066706,badkamers,https://hdl.handle.net/20.500.11840/termmaster10066705,bathrooms
https://hdl.handle.net/20.500.11840/termmaster10068323,mechanisch aangedreven vaartuigen,https://hdl.handle.net/20.500.11840/termmaster10068305,mechanically powered watercraft
https://hdl.handle.net/20.500.11840/termmaster10065043,drijven,https://hdl.handle.net/20.500.11840/termmaster10065040,chasing
https://hdl.handle.net/20.500.11840/termmaster10069902,handleidingen,https://hdl.handle.net/20.500.11840/termmaster10069900,gebruiksaanwijzingen | manuals
https://hdl.handle.net/20.500.11840/termmaster10062059,Krueng Aceh (rivier),https://hdl.handle.net/20.500.11840/termmaster10062057,Aceh River | Aceh-rivier | Atjeh-rivier | Krueng Aceh | Krueng Aceh (river)
https://hdl.handle.net/20.500.11840/termmaster10048498,wanden en wandbedekkingen,https://hdl.handle.net/20.500.11840/termmaster10048494,walls and wall coverings
https://hdl.handle.net/20.500.11840/termmaster10079578,Australian Aboriginal kunststijlen,https://hdl.handle.net/20.500.11840/termmaster10076667,Australian Aboriginal art styles
https://hdl.handle.net/20.500.11840/termmaster10062288,Luwu (gebied),https://hdl.handle.net/20.500.11840/termmaster10062270,Loewoe | Luwu (oud regentschap) | Luwu Region
https://hdl.handle.net/20.500.11840/termmaster10069590,gelegenheidskleding,https://hdl.handle.net/20.500.11840/termmaster10069572,dress (worn in particular situations)
https://hdl.handle.net/20.500.11840/termmaster10068008,draagbare vuurwapens naar functie,https://hdl.handle.net/20.500.11840/termmaster10068007,small arms by function
https://hdl.handle.net/20.500.11840/termmaster10078478,Nupe,https://hdl.handle.net/20.500.11840/termmaster10078465,
https://hdl.handle.net/20.500.11840/termmaster10068539,recreatieve poppen,https://hdl.handle.net/20.500.11840/termmaster10068538,poppen (speelgoed) | recreational dolls | speelpoppen
https://hdl.handle.net/20.500.11840/termmaster10055169,Taoudenni,https://hdl.handle.net/20.500.11840/termmaster10055168,Taoudéni | Taudeni
https://hdl.handle.net/20.500.11840/termmaster10066745,priëlen,https://hdl.handle.net/20.500.11840/termmaster10066743,arbors
https://hdl.handle.net/20.500.11840/termmaster10070693,koffers,https://hdl.handle.net/20.500.11840/termmaster10070692,handkoffers | kleerkoffers | suitcases
https://hdl.handle.net/20.500.11840/termmaster10057448,Gorges du Verdon,https://hdl.handle.net/20.500.11840/termmaster10057445,
https://hdl.handle.net/20.500.11840/termmaster10078761,Mbete,https://hdl.handle.net/20.500.11840/termmaster10078752,Ambete | Bambete | Oumbete | Umbete
https://hdl.handle.net/20.500.11840/termmaster10065845,huid (menselijk),https://hdl.handle.net/20.500.11840/termmaster10079474,mensenhuid | skin (human)
https://hdl.handle.net/20.500.11840/termmaster10061319,Sarmi (rivier),https://hdl.handle.net/20.500.11840/termmaster10061307,Sarmi (river)
https://hdl.handle.net/20.500.11840/termmaster10054330,Oran,https://hdl.handle.net/20.500.11840/termmaster10054310,
https://hdl.handle.net/20.500.11840/termmaster10049062,economische macht,https://hdl.handle.net/20.500.11840/termmaster10049053,economical power
https://hdl.handle.net/20.500.11840/termmaster10076052,Chortí,https://hdl.handle.net/20.500.11840/termmaster10076036,Chorti
https://hdl.handle.net/20.500.11840/termmaster10064541,Aden,https://hdl.handle.net/20.500.11840/termmaster10064540,'Adan | Adan
https://hdl.handle.net/20.500.11840/termmaster10062032,Aceh Selatan (regentschap),https://hdl.handle.net/20.500.11840/termmaster10062019,Aceh Selatan (kabupaten) | Aceh Selatan (regency)
https://hdl.handle.net/20.500.11840/termmaster10064173,Dar'a,https://hdl.handle.net/20.500.11840/termmaster10064169,
https://hdl.handle.net/20.500.11840/termmaster10056620,Strathclyde,https://hdl.handle.net/20.500.11840/termmaster10056600,
https://hdl.handle.net/20.500.11840/termmaster10077092,Koreaans,https://hdl.handle.net/20.500.11840/termmaster10077091,Korean
https://hdl.handle.net/20.500.11840/termmaster10067106,archiefgebouwen,https://hdl.handle.net/20.500.11840/termmaster10067104,archives (buildings)
https://hdl.handle.net/20.500.11840/termmaster10076728,Kamilaroi,https://hdl.handle.net/20.500.11840/termmaster10076727,Gamilaraay | Gamilaroi
https://hdl.handle.net/20.500.11840/termmaster10057527,Nièvre,https://hdl.handle.net/20.500.11840/termmaster10057522,
https://hdl.handle.net/20.500.11840/termmaster10068576,duw- of trekspeelgoed,https://hdl.handle.net/20.500.11840/termmaster10068571,push-pull toys
https://hdl.handle.net/20.500.11840/termmaster10048040,veranderen van huidskleur,https://hdl.handle.net/20.500.11840/termmaster10048026,skin tanning
https://hdl.handle.net/20.500.11840/termmaster10071238,messen behorend bij een couvert,https://hdl.handle.net/20.500.11840/termmaster10071222,place knives
https://hdl.handle.net/20.500.11840/termmaster10061912,Ogan Komering Ulu Timur (regentschap),https://hdl.handle.net/20.500.11840/termmaster10061883,Ogan Komering Ulu Timur (kabupaten) | Ogan Komering Ulu Timur (regency)
https://hdl.handle.net/20.500.11840/termmaster10068402,hulpverleningsvoertuigen,https://hdl.handle.net/20.500.11840/termmaster10068394,emergency vehicles
https://hdl.handle.net/20.500.11840/termmaster10079472,vermenging van culturele stijlen en opvattingen,https://hdl.handle.net/20.500.11840/termmaster10079471,creolisering | cultural mixing | culturele hybridisatie | versmelten van culturele elementen
https://hdl.handle.net/20.500.11840/termmaster10064188,Arwad,https://hdl.handle.net/20.500.11840/termmaster10064187,Arados | Aradus
https://hdl.handle.net/20.500.11840/termmaster10066027,wandtegel,https://hdl.handle.net/20.500.11840/termmaster10066026,facing tile | wall tile (tile) | wall tiles
https://hdl.handle.net/20.500.11840/termmaster10059016,Mecapalapa,https://hdl.handle.net/20.500.11840/termmaster10058972,
https://hdl.handle.net/20.500.11840/termmaster10076653,Tikopia,https://hdl.handle.net/20.500.11840/termmaster10076652,
https://hdl.handle.net/20.500.11840/termmaster10057532,Gironde,https://hdl.handle.net/20.500.11840/termmaster10057529,
https://hdl.handle.net/20.500.11840/termmaster10071385,vormschijven,https://hdl.handle.net/20.500.11840/termmaster10071384,bats (pottery equipment)
https://hdl.handle.net/20.500.11840/termmaster10056312,Domburg -Nederland,https://hdl.handle.net/20.500.11840/termmaster10056308,
https://hdl.handle.net/20.500.11840/termmaster10062470,Kambera,https://hdl.handle.net/20.500.11840/termmaster10062466,
https://hdl.handle.net/20.500.11840/termmaster10065499,fotografische platen,https://hdl.handle.net/20.500.11840/termmaster10065498,photographic plates
https://hdl.handle.net/20.500.11840/termmaster10056799,Gunzenbach,https://hdl.handle.net/20.500.11840/termmaster10056798,
https://hdl.handle.net/20.500.11840/termmaster10065494,materialen naar functie,https://hdl.handle.net/20.500.11840/termmaster10065156,materials by function
https://hdl.handle.net/20.500.11840/termmaster10055312,Kaapschehoop,https://hdl.handle.net/20.500.11840/termmaster10055330,Kaapsehoop
https://hdl.handle.net/20.500.11840/termmaster10062900,Nganjuk (regentschap),https://hdl.handle.net/20.500.11840/termmaster10062879,Nganjuk (kabupaten) | Nganjuk (regency)
https://hdl.handle.net/20.500.11840/termmaster10065958,zijde (textiel),https://hdl.handle.net/20.500.11840/termmaster10065955,silk (textile)
https://hdl.handle.net/20.500.11840/termmaster10067042,ambassades,https://hdl.handle.net/20.500.11840/termmaster10067041,embassies
https://hdl.handle.net/20.500.11840/termmaster10062101,Singkil,https://hdl.handle.net/20.500.11840/termmaster10062100,
https://hdl.handle.net/20.500.11840/termmaster10054318,Djelfa,https://hdl.handle.net/20.500.11840/termmaster10054310,
https://hdl.handle.net/20.500.11840/termmaster10078885,Tabwa,https://hdl.handle.net/20.500.11840/termmaster10078884,Batabwa | Itawa | Watabwa
https://hdl.handle.net/20.500.11840/termmaster10078750,Bane,https://hdl.handle.net/20.500.11840/termmaster10078749,Bene
https://hdl.handle.net/20.500.11840/termmaster10075833,Schots,https://hdl.handle.net/20.500.11840/termmaster10075832,Scottish
https://hdl.handle.net/20.500.11840/termmaster10054199,Shimal Darfur (deelstaat),https://hdl.handle.net/20.500.11840/termmaster10054194,Noord-Darfur | Northern Darfur | Shamal Darfur
https://hdl.handle.net/20.500.11840/termmaster10077810,Chiang Mai,https://hdl.handle.net/20.500.11840/termmaster10077809,
https://hdl.handle.net/20.500.11840/termmaster10058301,Libertador General Bernardo O'Higgins (regio),https://hdl.handle.net/20.500.11840/termmaster10058276,Libertador General Bernardo O'Higgins (region)
https://hdl.handle.net/20.500.11840/termmaster10071089,pannenlappen,https://hdl.handle.net/20.500.11840/termmaster10071088,pannelappen | potholders
https://hdl.handle.net/20.500.11840/termmaster10077841,Lepcha,https://hdl.handle.net/20.500.11840/termmaster10077837,
https://hdl.handle.net/20.500.11840/termmaster10064035,Vyara,https://hdl.handle.net/20.500.11840/termmaster10064034,
https://hdl.handle.net/20.500.11840/termmaster10064224,Iskenderun,https://hdl.handle.net/20.500.11840/termmaster10064223,
https://hdl.handle.net/20.500.11840/termmaster10079556,exotiseren en karikaturiseren van volken en culturen,https://hdl.handle.net/20.500.11840/termmaster10050285,exoticizing and caricaturing peoples and cultures
https://hdl.handle.net/20.500.11840/termmaster10065273,kwartsiet,https://hdl.handle.net/20.500.11840/termmaster10065264,quartzite
https://hdl.handle.net/20.500.11840/termmaster10078335,Ano,https://hdl.handle.net/20.500.11840/termmaster10078334,Anufo | Chakossi | Chokosi -Westelijke Guinee kustgebied | Dyakosi -Westelijke Guinee kustgebied | Mangu
https://hdl.handle.net/20.500.11840/termmaster10064244,Manisa (provincie),https://hdl.handle.net/20.500.11840/termmaster10064236,Manisa (province)
https://hdl.handle.net/20.500.11840/termmaster10057823,Zahorany,https://hdl.handle.net/20.500.11840/termmaster10057813,
https://hdl.handle.net/20.500.11840/termmaster10062584,Martapura,https://hdl.handle.net/20.500.11840/termmaster10062583,
https://hdl.handle.net/20.500.11840/termmaster10062544,Semarangkai,https://hdl.handle.net/20.500.11840/termmaster10062540,
https://hdl.handle.net/20.500.11840/termmaster10068403,ambulances,https://hdl.handle.net/20.500.11840/termmaster10068402,
https://hdl.handle.net/20.500.11840/termmaster10077012,Ron,https://hdl.handle.net/20.500.11840/termmaster10077005,Roon (taal)
https://hdl.handle.net/20.500.11840/termmaster10064401,Zagros-gebergte,https://hdl.handle.net/20.500.11840/termmaster10064394,Kuhha-ye Zargos | Zargos Mountains
https://hdl.handle.net/20.500.11840/termmaster10076554,Cholula,https://hdl.handle.net/20.500.11840/termmaster10076545,
https://hdl.handle.net/20.500.11840/termmaster10060525,Schouten-eilanden (PNG),https://hdl.handle.net/20.500.11840/termmaster10060520,Schouten Islands (PNG)
https://hdl.handle.net/20.500.11840/termmaster10077938,Angami Naga,https://hdl.handle.net/20.500.11840/termmaster10077937,
https://hdl.handle.net/20.500.11840/termmaster10064655,Zuid-Afghanistan,https://hdl.handle.net/20.500.11840/termmaster10064651,Afghanistan: south | Afghanistan: zuid | Southern Afghanistan
https://hdl.handle.net/20.500.11840/termmaster10066921,textielfabrieken,https://hdl.handle.net/20.500.11840/termmaster10066897,textile mills
https://hdl.handle.net/20.500.11840/termmaster10067406,vuurpijlen,https://hdl.handle.net/20.500.11840/termmaster10067405,"rockets (projectiles, general)"
https://hdl.handle.net/20.500.11840/termmaster10069497,borststukken,https://hdl.handle.net/20.500.11840/termmaster10069496,breast pieces (costume)
https://hdl.handle.net/20.500.11840/termmaster10061667,Weo,https://hdl.handle.net/20.500.11840/termmaster10061643,
https://hdl.handle.net/20.500.11840/termmaster10055326,Ciskei,https://hdl.handle.net/20.500.11840/termmaster10055345,
https://hdl.handle.net/20.500.11840/termmaster10057492,Chaumont-en-Vexin,https://hdl.handle.net/20.500.11840/termmaster10057487,
https://hdl.handle.net/20.500.11840/termmaster10075995,Inheems Centraal-Mexicaans,https://hdl.handle.net/20.500.11840/termmaster10075994,Native Central Mexican | Native Central Mexican styles | inheemse Centraal-Mexicaanse stijlen
https://hdl.handle.net/20.500.11840/termmaster10059234,Tulancingo,https://hdl.handle.net/20.500.11840/termmaster10059223,
https://hdl.handle.net/20.500.11840/termmaster10056420,Nieuw-Buinen,https://hdl.handle.net/20.500.11840/termmaster10056387,
https://hdl.handle.net/20.500.11840/termmaster10057331,Rio Minho,https://hdl.handle.net/20.500.11840/termmaster10057259,
https://hdl.handle.net/20.500.11840/termmaster10077479,Sareikit,https://hdl.handle.net/20.500.11840/termmaster10077477,
https://hdl.handle.net/20.500.11840/termmaster10077334,Wei,https://hdl.handle.net/20.500.11840/termmaster10077333,
https://hdl.handle.net/20.500.11840/termmaster10077617,Banda-eilanden,https://hdl.handle.net/20.500.11840/termmaster10077616,Banda Islands culture
https://hdl.handle.net/20.500.11840/termmaster10061833,Pagai-eilanden,https://hdl.handle.net/20.500.11840/termmaster10061832,Nassau-eilanden | Pagai Islands | Pagaï-eilanden
https://hdl.handle.net/20.500.11840/termmaster10062796,Rumadian,https://hdl.handle.net/20.500.11840/termmaster10062791,
https://hdl.handle.net/20.500.11840/termmaster10079009,Euraziatisch,https://hdl.handle.net/20.500.11840/termmaster10075824,Eurasian
https://hdl.handle.net/20.500.11840/termmaster10077563,Banggai,https://hdl.handle.net/20.500.11840/termmaster10077561,Aki | Banggaai | Banggay | Banggaya
https://hdl.handle.net/20.500.11840/termmaster10062104,Lampahan,https://hdl.handle.net/20.500.11840/termmaster10062103,
https://hdl.handle.net/20.500.11840/termmaster10049379,acrobatiek en jongleren,https://hdl.handle.net/20.500.11840/termmaster10048926,acrobatics and juggling
https://hdl.handle.net/20.500.11840/termmaster10060636,Lake Murray,https://hdl.handle.net/20.500.11840/termmaster10060632,
https://hdl.handle.net/20.500.11840/termmaster10071467,spoelen (onderdeel van weefgetouwen),https://hdl.handle.net/20.500.11840/termmaster10071461,bobbins (loom components) | spools (loom components)
https://hdl.handle.net/20.500.11840/termmaster10048162,milieu,https://hdl.handle.net/20.500.11840/termmaster10079662,Umwelt | leefomgeving | natural environment | natuurlijke omgeving
https://hdl.handle.net/20.500.11840/termmaster10077396,Palawan,https://hdl.handle.net/20.500.11840/termmaster10077369,Palawan islands people
https://hdl.handle.net/20.500.11840/termmaster10067652,fakkelhouders,https://hdl.handle.net/20.500.11840/termmaster10067651,torch holders
https://hdl.handle.net/20.500.11840/termmaster10056704,Verviers,https://hdl.handle.net/20.500.11840/termmaster10056697,
https://hdl.handle.net/20.500.11840/termmaster10055206,Tambacounda (regio),https://hdl.handle.net/20.500.11840/termmaster10055200,Tambacounda (region)
https://hdl.handle.net/20.500.11840/termmaster10061438,Waropen (regentschap),https://hdl.handle.net/20.500.11840/termmaster10061409,Waropen (kabupaten) | Waropen (regency)
https://hdl.handle.net/20.500.11840/termmaster10060900,Korea,https://hdl.handle.net/20.500.11840/termmaster10060758,
https://hdl.handle.net/20.500.11840/termmaster10066717,portalen (binnenruimte),https://hdl.handle.net/20.500.11840/termmaster10066716,vestibules
https://hdl.handle.net/20.500.11840/termmaster10061530,Pulau Yos Sudarso,https://hdl.handle.net/20.500.11840/termmaster10061525,Frederik Hendrik-eiland | Kolepom | Kolopom | Pulau Dolak
https://hdl.handle.net/20.500.11840/termmaster10057909,Roemenië,https://hdl.handle.net/20.500.11840/termmaster10057771,ROU  | Romania
https://hdl.handle.net/20.500.11840/termmaster10067847,dameskaptafels,https://hdl.handle.net/20.500.11840/termmaster10067845,ladies' dressing tables
https://hdl.handle.net/20.500.11840/termmaster10067452,voorouderpalen,https://hdl.handle.net/20.500.11840/termmaster10067450,ancestral poles | geestenpalen
https://hdl.handle.net/20.500.11840/termmaster10071367,gietkernen,https://hdl.handle.net/20.500.11840/termmaster10071366,lost-was process core
https://hdl.handle.net/20.500.11840/termmaster10056627,Dumbarton,https://hdl.handle.net/20.500.11840/termmaster10056600,
https://hdl.handle.net/20.500.11840/termmaster10077595,Napu,https://hdl.handle.net/20.500.11840/termmaster10077586,Pekurehua
https://hdl.handle.net/20.500.11840/termmaster10054678,Kapenguria,https://hdl.handle.net/20.500.11840/termmaster10054674,
https://hdl.handle.net/20.500.11840/termmaster10064901,chromogene procedés,https://hdl.handle.net/20.500.11840/termmaster10064900,c-print (procedé) | chromogenic processes
https://hdl.handle.net/20.500.11840/termmaster10076536,Maya aardewerk stijlen,https://hdl.handle.net/20.500.11840/termmaster10076535,Maya area pottery styles | aardewerkstijlen uit het Mayagebied
https://hdl.handle.net/20.500.11840/termmaster10067580,jaloezieën (bedekkingen),https://hdl.handle.net/20.500.11840/termmaster10067576,blinds (coverings)
https://hdl.handle.net/20.500.11840/termmaster10055196,In Tuila,https://hdl.handle.net/20.500.11840/termmaster10055178,
https://hdl.handle.net/20.500.11840/termmaster10055486,Göteborg,https://hdl.handle.net/20.500.11840/termmaster10055485,Goteborg | Goteburg | Gothenburg
https://hdl.handle.net/20.500.11840/termmaster10059693,Lucas county,https://hdl.handle.net/20.500.11840/termmaster10059688,
https://hdl.handle.net/20.500.11840/termmaster10076965,South Muyu,https://hdl.handle.net/20.500.11840/termmaster10076963,South Kati
https://hdl.handle.net/20.500.11840/termmaster10068876,vlechtwerk,https://hdl.handle.net/20.500.11840/termmaster10068873,wickerwork
https://hdl.handle.net/20.500.11840/termmaster10077129,Japanse protohistorische perioden,https://hdl.handle.net/20.500.11840/termmaster10077126,Japanese protohistoric periods
https://hdl.handle.net/20.500.11840/termmaster10063757,Amritsar,https://hdl.handle.net/20.500.11840/termmaster10063754,
https://hdl.handle.net/20.500.11840/termmaster10057358,Cuneo,https://hdl.handle.net/20.500.11840/termmaster10057353,
https://hdl.handle.net/20.500.11840/termmaster10066224,ukeleles,https://hdl.handle.net/20.500.11840/termmaster10066220,ukuleles
https://hdl.handle.net/20.500.11840/termmaster10049612,braden,https://hdl.handle.net/20.500.11840/termmaster10049611,roasting and baking
https://hdl.handle.net/20.500.11840/termmaster10063428,Kubu,https://hdl.handle.net/20.500.11840/termmaster10063419,Koeboe
https://hdl.handle.net/20.500.11840/termmaster10068320,vierkant getuigde vaartuigen,https://hdl.handle.net/20.500.11840/termmaster10068314,square-rigged vessels
https://hdl.handle.net/20.500.11840/termmaster10054191,Nijl,https://hdl.handle.net/20.500.11840/termmaster10054184,Nile
https://hdl.handle.net/20.500.11840/termmaster10067073,communicatiebouwconstructies,https://hdl.handle.net/20.500.11840/termmaster10066761,communications structures
https://hdl.handle.net/20.500.11840/termmaster10067281,collodiumnegatieven,https://hdl.handle.net/20.500.11840/termmaster10067279,collodion negatives | collodiumglasnegatieven | natte plaatnegatieven | wet plate negatives
https://hdl.handle.net/20.500.11840/termmaster10067761,eenpersoonszitmeubels,https://hdl.handle.net/20.500.11840/termmaster10067756,single seating furniture
https://hdl.handle.net/20.500.11840/termmaster10057482,Amiens,https://hdl.handle.net/20.500.11840/termmaster10057481,
https://hdl.handle.net/20.500.11840/termmaster10070561,kookmanden,https://hdl.handle.net/20.500.11840/termmaster10070560,cooking baskets
https://hdl.handle.net/20.500.11840/termmaster10068079,stokwapens,https://hdl.handle.net/20.500.11840/termmaster10068044,staff weapons
https://hdl.handle.net/20.500.11840/termmaster10057229,Duitsland: regionaal,https://hdl.handle.net/20.500.11840/termmaster10056736,
https://hdl.handle.net/20.500.11840/termmaster10055756,Elspeet,https://hdl.handle.net/20.500.11840/termmaster10055671,
https://hdl.handle.net/20.500.11840/termmaster10055610,Aerdenhout,https://hdl.handle.net/20.500.11840/termmaster10055607,
https://hdl.handle.net/20.500.11840/termmaster10078185,Afrikaans,https://hdl.handle.net/20.500.11840/termmaster10075824,African
https://hdl.handle.net/20.500.11840/termmaster10058203,Commewijne (district),https://hdl.handle.net/20.500.11840/termmaster10058074,
https://hdl.handle.net/20.500.11840/termmaster10061073,Zuid-Chinese Zee,https://hdl.handle.net/20.500.11840/termmaster10061071,Laut Cina Selatan | South China Sea
https://hdl.handle.net/20.500.11840/termmaster10079170,supportersculturen (teamsport),https://hdl.handle.net/20.500.11840/termmaster10079020,supporter cultures | voetbalfans
https://hdl.handle.net/20.500.11840/termmaster10057283,Almería,https://hdl.handle.net/20.500.11840/termmaster10057278,
https://hdl.handle.net/20.500.11840/termmaster10054477,Mhamid,https://hdl.handle.net/20.500.11840/termmaster10054469,M'Hamid
https://hdl.handle.net/20.500.11840/termmaster10057693,Bonneval,https://hdl.handle.net/20.500.11840/termmaster10057691,
https://hdl.handle.net/20.500.11840/termmaster10071819,ledenpoppen,https://hdl.handle.net/20.500.11840/termmaster10071815,lay figures
https://hdl.handle.net/20.500.11840/termmaster10055602,Eierland,https://hdl.handle.net/20.500.11840/termmaster10055601,
https://hdl.handle.net/20.500.11840/termmaster10061646,Jamasj-Jeni,https://hdl.handle.net/20.500.11840/termmaster10061643,Yemas Yeni
https://hdl.handle.net/20.500.11840/termmaster10077195,Otsu-e,https://hdl.handle.net/20.500.11840/termmaster10077179,
https://hdl.handle.net/20.500.11840/termmaster10071148,boterpersen,https://hdl.handle.net/20.500.11840/termmaster10071145,butter presses
https://hdl.handle.net/20.500.11840/termmaster10053957,Butare,https://hdl.handle.net/20.500.11840/termmaster10053956,
https://hdl.handle.net/20.500.11840/termmaster10079298,verering van goden of personen van goddelijke status,https://hdl.handle.net/20.500.11840/termmaster10048342,veneration of gods and persons of godly status
https://hdl.handle.net/20.500.11840/termmaster10067618,baarkleden,https://hdl.handle.net/20.500.11840/termmaster10067617,funeral palls
https://hdl.handle.net/20.500.11840/termmaster10054084,Itimbiri,https://hdl.handle.net/20.500.11840/termmaster10054065,
https://hdl.handle.net/20.500.11840/termmaster10076818,Kilivila,https://hdl.handle.net/20.500.11840/termmaster10076813,
https://hdl.handle.net/20.500.11840/termmaster10059260,Sayula,https://hdl.handle.net/20.500.11840/termmaster10059248,
https://hdl.handle.net/20.500.11840/termmaster10063350,Serang (stadsgemeente),https://hdl.handle.net/20.500.11840/termmaster10063326,Serang (kota) | Serang (municipality)
https://hdl.handle.net/20.500.11840/termmaster10069135,gazometers,https://hdl.handle.net/20.500.11840/termmaster10069125,gasmeters | gasometers
https://hdl.handle.net/20.500.11840/termmaster10068273,koopvaardijschepen naar lading,https://hdl.handle.net/20.500.11840/termmaster10068272,merchant vessels by cargo type
https://hdl.handle.net/20.500.11840/termmaster10061123,Singapore,https://hdl.handle.net/20.500.11840/termmaster10061074,SGP 
https://hdl.handle.net/20.500.11840/termmaster10058844,Tecpán,https://hdl.handle.net/20.500.11840/termmaster10058825,
https://hdl.handle.net/20.500.11840/termmaster10056646,Anderlecht,https://hdl.handle.net/20.500.11840/termmaster10056645,
https://hdl.handle.net/20.500.11840/termmaster10068815,opiumstellen,https://hdl.handle.net/20.500.11840/termmaster10068804,opium sets | opiumgebruiksgerei | opiumschuifstellen
https://hdl.handle.net/20.500.11840/termmaster10062294,Luwu Timur (regentschap),https://hdl.handle.net/20.500.11840/termmaster10062288,Luwu Timur (kabupaten) | Luwu Timur (regency)
https://hdl.handle.net/20.500.11840/termmaster10062621,Pulang Pisau (regentschap),https://hdl.handle.net/20.500.11840/termmaster10062598,Pulang Pisau (kabupaten) | Pulang Pisau (regency)
https://hdl.handle.net/20.500.11840/termmaster10067650,wandkandelaars,https://hdl.handle.net/20.500.11840/termmaster10067649,candle brackets | muurkandelaars
https://hdl.handle.net/20.500.11840/termmaster10068853,schaakspellen,https://hdl.handle.net/20.500.11840/termmaster10068851,chess sets
https://hdl.handle.net/20.500.11840/termmaster10070433,zoutvaten,https://hdl.handle.net/20.500.11840/termmaster10070428,salts (condiment vessels)
https://hdl.handle.net/20.500.11840/termmaster10066072,trombones,https://hdl.handle.net/20.500.11840/termmaster10066071,
https://hdl.handle.net/20.500.11840/termmaster10057677,Vaches noires,https://hdl.handle.net/20.500.11840/termmaster10057676,
https://hdl.handle.net/20.500.11840/termmaster10062957,Wlingi,https://hdl.handle.net/20.500.11840/termmaster10062956,
https://hdl.handle.net/20.500.11840/termmaster10070306,tuit-hengselkruiken,https://hdl.handle.net/20.500.11840/termmaster10070294,handle spout jars
https://hdl.handle.net/20.500.11840/termmaster10055422,Altayskiy Kray (gebied),https://hdl.handle.net/20.500.11840/termmaster10055373,Altayskiy Kray (area)
https://hdl.handle.net/20.500.11840/termmaster10061869,Silungkang,https://hdl.handle.net/20.500.11840/termmaster10061868,Siloenkang | Silongkang | Silungklang
https://hdl.handle.net/20.500.11840/termmaster10066350,landschapsvorm,https://hdl.handle.net/20.500.11840/termmaster10066332,landforms (terrestrial)
https://hdl.handle.net/20.500.11840/termmaster10078110,Swat,https://hdl.handle.net/20.500.11840/termmaster10078096,
https://hdl.handle.net/20.500.11840/termmaster10071874,diaraampjes,https://hdl.handle.net/20.500.11840/termmaster10071872,diaramen
https://hdl.handle.net/20.500.11840/termmaster10061509,Ipem,https://hdl.handle.net/20.500.11840/termmaster10061507,
https://hdl.handle.net/20.500.11840/termmaster10049405,souvenirs en aandenkens,https://hdl.handle.net/20.500.11840/termmaster10049403,souvenirs
https://hdl.handle.net/20.500.11840/termmaster10060051,Rotorua,https://hdl.handle.net/20.500.11840/termmaster10060043,
https://hdl.handle.net/20.500.11840/termmaster10056527,Ilford,https://hdl.handle.net/20.500.11840/termmaster10056526,
https://hdl.handle.net/20.500.11840/termmaster10058515,Cerro de Pasco,https://hdl.handle.net/20.500.11840/termmaster10058514,
https://hdl.handle.net/20.500.11840/termmaster10059455,Elgin,https://hdl.handle.net/20.500.11840/termmaster10059454,
https://hdl.handle.net/20.500.11840/termmaster10063871,India: regionaal,https://hdl.handle.net/20.500.11840/termmaster10063752,
https://hdl.handle.net/20.500.11840/termmaster10059611,Keyport,https://hdl.handle.net/20.500.11840/termmaster10059610,
https://hdl.handle.net/20.500.11840/termmaster10076206,Cree,https://hdl.handle.net/20.500.11840/termmaster10076205,
https://hdl.handle.net/20.500.11840/termmaster10058507,Morococha,https://hdl.handle.net/20.500.11840/termmaster10058503,
https://hdl.handle.net/20.500.11840/termmaster10068943,beenfragmenten,https://hdl.handle.net/20.500.11840/termmaster10068941,bone fragments | botfragmenten
https://hdl.handle.net/20.500.11840/termmaster10066503,altaren,https://hdl.handle.net/20.500.11840/termmaster10066499,altars (religious building fixtures) | offeraltaren | offertafels
https://hdl.handle.net/20.500.11840/termmaster10063108,Banjarnegara (regentschap),https://hdl.handle.net/20.500.11840/termmaster10063042,Bandjarnegara | Banjanegara (regency) | Banjarnegara (kabupaten)
https://hdl.handle.net/20.500.11840/termmaster10054432,Amizmiz,https://hdl.handle.net/20.500.11840/termmaster10054431,
https://hdl.handle.net/20.500.11840/termmaster10076874,Duranmin,https://hdl.handle.net/20.500.11840/termmaster10076870,
https://hdl.handle.net/20.500.11840/termmaster10057772,Hongarije,https://hdl.handle.net/20.500.11840/termmaster10057771,HUN  | Hungary
https://hdl.handle.net/20.500.11840/termmaster10049015,propaganda,https://hdl.handle.net/20.500.11840/termmaster10049836,
https://hdl.handle.net/20.500.11840/termmaster10078322,Nalu,https://hdl.handle.net/20.500.11840/termmaster10078313,Nalou
https://hdl.handle.net/20.500.11840/termmaster10066863,achtbanen,https://hdl.handle.net/20.500.11840/termmaster10066860,achtbaan | roller coasters
https://hdl.handle.net/20.500.11840/termmaster10078773,Lega regio,https://hdl.handle.net/20.500.11840/termmaster10078771,Lega Region
https://hdl.handle.net/20.500.11840/termmaster10076742,Big Nambas,https://hdl.handle.net/20.500.11840/termmaster10076741,
https://hdl.handle.net/20.500.11840/termmaster10069284,sieraden gedragen aan armen en handen,https://hdl.handle.net/20.500.11840/termmaster10069245,jewelry worn on arms and hands
https://hdl.handle.net/20.500.11840/termmaster10054067,Ango,https://hdl.handle.net/20.500.11840/termmaster10054065,
https://hdl.handle.net/20.500.11840/termmaster10059277,Tecomatepec,https://hdl.handle.net/20.500.11840/termmaster10059266,
https://hdl.handle.net/20.500.11840/termmaster10057535,Dax,https://hdl.handle.net/20.500.11840/termmaster10057534,
https://hdl.handle.net/20.500.11840/termmaster10061834,Pagai Utara (eiland),https://hdl.handle.net/20.500.11840/termmaster10061833,Noord-Pagaï | North Pagai (island) | Pulau Pagai Utara
https://hdl.handle.net/20.500.11840/termmaster10069095,ohmmeters,https://hdl.handle.net/20.500.11840/termmaster10069094,ohmmeter
https://hdl.handle.net/20.500.11840/termmaster10071182,kaasschaven,https://hdl.handle.net/20.500.11840/termmaster10071167,cheese slicers
https://hdl.handle.net/20.500.11840/termmaster10061127,Brunei,https://hdl.handle.net/20.500.11840/termmaster10061074,BRN  | Brunei Darussalam | Negara Brunei Darussalam
https://hdl.handle.net/20.500.11840/termmaster10057402,Ischia (eiland),https://hdl.handle.net/20.500.11840/termmaster10057396,"Ischia (island) | Ischia, Isola d'"
https://hdl.handle.net/20.500.11840/termmaster10077451,Simalungun,https://hdl.handle.net/20.500.11840/termmaster10077446,Batak Simalungun | Simelungan | Timur Batak
https://hdl.handle.net/20.500.11840/termmaster10066446,begraafplaatsen,https://hdl.handle.net/20.500.11840/termmaster10066761,cemeteries
https://hdl.handle.net/20.500.11840/termmaster10058416,Centrale Andes van Peru,https://hdl.handle.net/20.500.11840/termmaster10058415,Central Peruvian Andes | Peru: central highland | Peru: centrale Sierra | Peru: centrale hoogland
https://hdl.handle.net/20.500.11840/termmaster10065578,meststof,https://hdl.handle.net/20.500.11840/termmaster10065494,fertilizer
https://hdl.handle.net/20.500.11840/termmaster10060621,Tifalmin (plaats),https://hdl.handle.net/20.500.11840/termmaster10060608,Tifalmin (populated place)
https://hdl.handle.net/20.500.11840/termmaster10064160,'Amman (gouvernement),https://hdl.handle.net/20.500.11840/termmaster10064156,'Amman (governorate) | Amman (gouvernement)
https://hdl.handle.net/20.500.11840/termmaster10056723,Charleroi,https://hdl.handle.net/20.500.11840/termmaster10056721,
https://hdl.handle.net/20.500.11840/termmaster10064851,decoratieschilderingen,https://hdl.handle.net/20.500.11840/termmaster10064850,faux finishing
https://hdl.handle.net/20.500.11840/termmaster10070765,houders voor apothekers,https://hdl.handle.net/20.500.11840/termmaster10070376,apothecary containers
https://hdl.handle.net/20.500.11840/termmaster10077848,Kathmandu,https://hdl.handle.net/20.500.11840/termmaster10077846,
https://hdl.handle.net/20.500.11840/termmaster10066947,schuren (gebouwen),https://hdl.handle.net/20.500.11840/termmaster10066942,barns
https://hdl.handle.net/20.500.11840/termmaster10061132,Cagayan-eilanden,https://hdl.handle.net/20.500.11840/termmaster10061128,Cagayan Islands
https://hdl.handle.net/20.500.11840/termmaster10054115,Ngoko (rivier),https://hdl.handle.net/20.500.11840/termmaster10054113,N'goko | Ngoko (river)
https://hdl.handle.net/20.500.11840/termmaster10077410,Malay,https://hdl.handle.net/20.500.11840/termmaster10077409,Maleis
https://hdl.handle.net/20.500.11840/termmaster10065530,inkt naar eigenschap,https://hdl.handle.net/20.500.11840/termmaster10065516,ink by property
https://hdl.handle.net/20.500.11840/termmaster10053998,Bas-Zaïre,https://hdl.handle.net/20.500.11840/termmaster10053986,Bas-Congo (province) | Lower Congo (province) | Neder-Congo gebied
https://hdl.handle.net/20.500.11840/termmaster10068686,spijkers naar vorm: type kop,https://hdl.handle.net/20.500.11840/termmaster10068685,nails by form: head type
https://hdl.handle.net/20.500.11840/termmaster10076464,Hopewell,https://hdl.handle.net/20.500.11840/termmaster10076462,Hopewell-cultuur
https://hdl.handle.net/20.500.11840/termmaster10055768,Lobith,https://hdl.handle.net/20.500.11840/termmaster10055767,
https://hdl.handle.net/20.500.11840/termmaster10067009,paalwoningen,https://hdl.handle.net/20.500.11840/termmaster10067007,stilt houses
https://hdl.handle.net/20.500.11840/termmaster10058531,Cajamarca (regio),https://hdl.handle.net/20.500.11840/termmaster10058411,Cajamarca (region)
https://hdl.handle.net/20.500.11840/termmaster10054552,Kebili,https://hdl.handle.net/20.500.11840/termmaster10054551,
https://hdl.handle.net/20.500.11840/termmaster10057392,Rome,https://hdl.handle.net/20.500.11840/termmaster10057391,
https://hdl.handle.net/20.500.11840/termmaster10066325,cultuurlandschappen,https://hdl.handle.net/20.500.11840/termmaster10066324,cultural landscapes
https://hdl.handle.net/20.500.11840/termmaster10069827,belastingaanslagen,https://hdl.handle.net/20.500.11840/termmaster10069826,tax bills
https://hdl.handle.net/20.500.11840/termmaster10079600,cross-hatching (Australian Aboriginal Art),https://hdl.handle.net/20.500.11840/termmaster10079597,
https://hdl.handle.net/20.500.11840/termmaster10058399,Chaco Boreal,https://hdl.handle.net/20.500.11840/termmaster10058398,
https://hdl.handle.net/20.500.11840/termmaster10058031,Wassen,https://hdl.handle.net/20.500.11840/termmaster10058027,
https://hdl.handle.net/20.500.11840/termmaster10068444,treinstellen,https://hdl.handle.net/20.500.11840/termmaster10068443,railroad cars | wagons (trein)
https://hdl.handle.net/20.500.11840/termmaster10059356,Guerrero (deelstaat),https://hdl.handle.net/20.500.11840/termmaster10058919,Guerrero (state)
https://hdl.handle.net/20.500.11840/termmaster10057640,Val-de-Marne,https://hdl.handle.net/20.500.11840/termmaster10057624,
https://hdl.handle.net/20.500.11840/termmaster10067177,architectuurstukken,https://hdl.handle.net/20.500.11840/termmaster10067127,architectural paintings
https://hdl.handle.net/20.500.11840/termmaster10068461,luchtvaartuigen,https://hdl.handle.net/20.500.11840/termmaster10068458,aircraft
https://hdl.handle.net/20.500.11840/termmaster10058971,Tlatlazoquico,https://hdl.handle.net/20.500.11840/termmaster10058938,
https://hdl.handle.net/20.500.11840/termmaster10048077,rokken en doeken voor onderlichaam,https://hdl.handle.net/20.500.11840/termmaster10048076,060103 | skirts and cloths voor lower body
https://hdl.handle.net/20.500.11840/termmaster10078349,Adangme,https://hdl.handle.net/20.500.11840/termmaster10078348,Adampa | Adampe | Adangbé | Dangme
https://hdl.handle.net/20.500.11840/termmaster10054164,Hun (Fezzan),https://hdl.handle.net/20.500.11840/termmaster10054163,
https://hdl.handle.net/20.500.11840/termmaster10069465,kokardes,https://hdl.handle.net/20.500.11840/termmaster10069226,cockades
https://hdl.handle.net/20.500.11840/termmaster10062633,Belayan (rivier),https://hdl.handle.net/20.500.11840/termmaster10062629,Belayan (river)
https://hdl.handle.net/20.500.11840/termmaster10059047,Santa Maria del Río,https://hdl.handle.net/20.500.11840/termmaster10059043,
https://hdl.handle.net/20.500.11840/termmaster10069863,wetten,https://hdl.handle.net/20.500.11840/termmaster10069862,statute | statutes | wet
https://hdl.handle.net/20.500.11840/termmaster10059496,Northwest-Coast U.S.A.,https://hdl.handle.net/20.500.11840/termmaster10059489,
https://hdl.handle.net/20.500.11840/termmaster10064440,Qom (provincie),https://hdl.handle.net/20.500.11840/termmaster10064359,Qom (province)
https://hdl.handle.net/20.500.11840/termmaster10076793,Duke of York -culturen,https://hdl.handle.net/20.500.11840/termmaster10076786,Duke of York cultures
https://hdl.handle.net/20.500.11840/termmaster10071586,pootstokken,https://hdl.handle.net/20.500.11840/termmaster10071558,dibbles | plantstokken | poothouten | pootijzers
https://hdl.handle.net/20.500.11840/termmaster10078358,Dida,https://hdl.handle.net/20.500.11840/termmaster10078357,Dyida | Kuka
https://hdl.handle.net/20.500.11840/termmaster10054174,Ghat (district),https://hdl.handle.net/20.500.11840/termmaster10054161,
https://hdl.handle.net/20.500.11840/termmaster10059055,El Chilillo,https://hdl.handle.net/20.500.11840/termmaster10059049,
https://hdl.handle.net/20.500.11840/termmaster10062235,Kepulauan Talaud (regentschap),https://hdl.handle.net/20.500.11840/termmaster10062225,Kepulauan Talaud (kabupaten) | Kepulauan Talaud (regency) | Talaud Islands | Talaud-eilanden
https://hdl.handle.net/20.500.11840/termmaster10048396,crematie,https://hdl.handle.net/20.500.11840/termmaster10048393,cremation | lijkverbranding
https://hdl.handle.net/20.500.11840/termmaster10079237,kalligrafie en kalligraferen,https://hdl.handle.net/20.500.11840/termmaster10049311,calligraphy (writing process)
https://hdl.handle.net/20.500.11840/termmaster10063053,Magelang (regentschap),https://hdl.handle.net/20.500.11840/termmaster10063042,Magelang (kabupaten) | Magelang (regency)
https://hdl.handle.net/20.500.11840/termmaster10062573,Kalimantan Selatan (provincie),https://hdl.handle.net/20.500.11840/termmaster10062519,Kalimantan Selatan (province) | Kalimantan: zuid | South Kalimantan | Zuid-Kalimantan
https://hdl.handle.net/20.500.11840/termmaster10069341,turftrappers,https://hdl.handle.net/20.500.11840/termmaster10069340,veentrappers
https://hdl.handle.net/20.500.11840/termmaster10069426,kepies,https://hdl.handle.net/20.500.11840/termmaster10069422,kepis
https://hdl.handle.net/20.500.11840/termmaster10066521,luchtafweerbatterijen,https://hdl.handle.net/20.500.11840/termmaster10066520,
https://hdl.handle.net/20.500.11840/termmaster10071930,schildersuitrusting,https://hdl.handle.net/20.500.11840/termmaster10071815,painting equipment | schildersbenodigdheden
https://hdl.handle.net/20.500.11840/termmaster10079156,Dravida (bevolkingsgroepen / taal),https://hdl.handle.net/20.500.11840/termmaster10077892,Dravidian (peoples / languages)
https://hdl.handle.net/20.500.11840/termmaster10071354,papierzeven,https://hdl.handle.net/20.500.11840/termmaster10071351,deckles
https://hdl.handle.net/20.500.11840/termmaster10047834,terrorisme,https://hdl.handle.net/20.500.11840/termmaster10079482,terreur | terrorism
https://hdl.handle.net/20.500.11840/termmaster10049734,bruiloft,https://hdl.handle.net/20.500.11840/termmaster10048384,1303 | huwelijksceremonie | huwelijksfeesten | huwelijksrituelen | weddings (ceremonies)
https://hdl.handle.net/20.500.11840/termmaster10070679,portemonnees,https://hdl.handle.net/20.500.11840/termmaster10070678,coin purses
https://hdl.handle.net/20.500.11840/termmaster10059526,Kemmerer,https://hdl.handle.net/20.500.11840/termmaster10059525,
https://hdl.handle.net/20.500.11840/termmaster10064940,afslaan (vuursteenbewerking),https://hdl.handle.net/20.500.11840/termmaster10064924,lithic reduction
https://hdl.handle.net/20.500.11840/termmaster10060546,Timbunke,https://hdl.handle.net/20.500.11840/termmaster10060520,
https://hdl.handle.net/20.500.11840/termmaster10067789,vouwstoelen,https://hdl.handle.net/20.500.11840/termmaster10067785,folding chairs | klapstoelen
https://hdl.handle.net/20.500.11840/termmaster10070537,biervaten,https://hdl.handle.net/20.500.11840/termmaster10070522,beer vessels
https://hdl.handle.net/20.500.11840/termmaster10076436,Tembladera,https://hdl.handle.net/20.500.11840/termmaster10076430,
https://hdl.handle.net/20.500.11840/termmaster10067946,patroonhulzen,https://hdl.handle.net/20.500.11840/termmaster10067945,cartridge cases
https://hdl.handle.net/20.500.11840/termmaster10066081,schalmeien,https://hdl.handle.net/20.500.11840/termmaster10066080,shawms
https://hdl.handle.net/20.500.11840/termmaster10068941,fragmenten,https://hdl.handle.net/20.500.11840/termmaster10068934,fragments
https://hdl.handle.net/20.500.11840/termmaster10066673,bordessen,https://hdl.handle.net/20.500.11840/termmaster10066670,stoops (uncovered spaces)
https://hdl.handle.net/20.500.11840/termmaster10065926,damast,https://hdl.handle.net/20.500.11840/termmaster10065908,damasco | damask
https://hdl.handle.net/20.500.11840/termmaster10056716,Vielsalm,https://hdl.handle.net/20.500.11840/termmaster10056714,
https://hdl.handle.net/20.500.11840/termmaster10065796,oesterschelp,https://hdl.handle.net/20.500.11840/termmaster10065794,oyster shell | oystershell
https://hdl.handle.net/20.500.11840/termmaster10067168,bloemstillevens,https://hdl.handle.net/20.500.11840/termmaster10067167,flower pieces
https://hdl.handle.net/20.500.11840/termmaster10062377,Narmada,https://hdl.handle.net/20.500.11840/termmaster10062376,
https://hdl.handle.net/20.500.11840/termmaster10054540,Bizerte (gouvernement),https://hdl.handle.net/20.500.11840/termmaster10054515,Banzert (gouvernement) | Bizerte (governorate)
https://hdl.handle.net/20.500.11840/termmaster10063233,Jampang Tengah,https://hdl.handle.net/20.500.11840/termmaster10063231,Bodjonglopang
https://hdl.handle.net/20.500.11840/termmaster10055918,Maassluis,https://hdl.handle.net/20.500.11840/termmaster10055808,
https://hdl.handle.net/20.500.11840/termmaster10070698,brillenetui's,https://hdl.handle.net/20.500.11840/termmaster10070667,spectacle cases
https://hdl.handle.net/20.500.11840/termmaster10072073,roerstokken,https://hdl.handle.net/20.500.11840/termmaster10072072,stirring rods
https://hdl.handle.net/20.500.11840/termmaster10059122,San Pedro Amusgos,https://hdl.handle.net/20.500.11840/termmaster10059119,
https://hdl.handle.net/20.500.11840/termmaster10077733,Mualang,https://hdl.handle.net/20.500.11840/termmaster10077730,
https://hdl.handle.net/20.500.11840/termmaster10064752,vuurvergulden,https://hdl.handle.net/20.500.11840/termmaster10064751,amalgam gilding
https://hdl.handle.net/20.500.11840/termmaster10061559,Otakwa,https://hdl.handle.net/20.500.11840/termmaster10061555,
https://hdl.handle.net/20.500.11840/termmaster10060505,Sauf ,https://hdl.handle.net/20.500.11840/termmaster10060468,
https://hdl.handle.net/20.500.11840/termmaster10064726,vastspijkeren,https://hdl.handle.net/20.500.11840/termmaster10064720,gespijkerd | nailing
https://hdl.handle.net/20.500.11840/termmaster10056973,Adendorf,https://hdl.handle.net/20.500.11840/termmaster10056972,
https://hdl.handle.net/20.500.11840/termmaster10065611,pandanblad,https://hdl.handle.net/20.500.11840/termmaster10065605,Pandanus (blad) | pandanus leaf
https://hdl.handle.net/20.500.11840/termmaster10063877,Noord-India,https://hdl.handle.net/20.500.11840/termmaster10063871,India (north) | India: noord | Northern India
https://hdl.handle.net/20.500.11840/termmaster10065720,gierst,https://hdl.handle.net/20.500.11840/termmaster10065717,millet
https://hdl.handle.net/20.500.11840/termmaster10071834,rollen (drukgereedschap),https://hdl.handle.net/20.500.11840/termmaster10071833,rollers (printing tools)
https://hdl.handle.net/20.500.11840/termmaster10076461,Precolumbiaans Noord-Amerikaans,https://hdl.handle.net/20.500.11840/termmaster10076361,Pre-Columbian North American | Pre-Columbian North American styles and periods | Precolumbiaanse Noord-Amerikaanse stijlen en perioden
https://hdl.handle.net/20.500.11840/termmaster10061395,Taritatu (rivier),https://hdl.handle.net/20.500.11840/termmaster10061394,Idenburg (rivier) | Taritatu (river)
https://hdl.handle.net/20.500.11840/termmaster10054707,Tororo,https://hdl.handle.net/20.500.11840/termmaster10054703,
https://hdl.handle.net/20.500.11840/termmaster10069598,uniformjassen,https://hdl.handle.net/20.500.11840/termmaster10069597,uniform coats
https://hdl.handle.net/20.500.11840/termmaster10057275,Vegadeo,https://hdl.handle.net/20.500.11840/termmaster10057274,
https://hdl.handle.net/20.500.11840/termmaster10060354,Luf,https://hdl.handle.net/20.500.11840/termmaster10060353,
https://hdl.handle.net/20.500.11840/termmaster10066757,wachttorens,https://hdl.handle.net/20.500.11840/termmaster10066755,watchtowers
https://hdl.handle.net/20.500.11840/termmaster10060921,Kangwòndo: Noord-Korea,https://hdl.handle.net/20.500.11840/termmaster10060920,Kangwon-do
https://hdl.handle.net/20.500.11840/termmaster10062862,Jawa,https://hdl.handle.net/20.500.11840/termmaster10061190,Java
https://hdl.handle.net/20.500.11840/termmaster10064992,satijnbinding,https://hdl.handle.net/20.500.11840/termmaster10064989,atlasbinding | satin weave (process)
https://hdl.handle.net/20.500.11840/termmaster10070566,bakplaten,https://hdl.handle.net/20.500.11840/termmaster10070564,cookie sheets
https://hdl.handle.net/20.500.11840/termmaster10055678,Arnhem,https://hdl.handle.net/20.500.11840/termmaster10055671,
https://hdl.handle.net/20.500.11840/termmaster10056237,Haanrade,https://hdl.handle.net/20.500.11840/termmaster10056235,
https://hdl.handle.net/20.500.11840/termmaster10079614,studiefoto's,https://hdl.handle.net/20.500.11840/termmaster10079613,study photographs
https://hdl.handle.net/20.500.11840/termmaster10068434,recreatievoertuigen,https://hdl.handle.net/20.500.11840/termmaster10068433,recreational vehicles
https://hdl.handle.net/20.500.11840/termmaster10064928,zagen (handeling),https://hdl.handle.net/20.500.11840/termmaster10064925,gezaagd  | sawing
https://hdl.handle.net/20.500.11840/termmaster10076335,Kickapoo,https://hdl.handle.net/20.500.11840/termmaster10076330,Kikapoo | Kikapú
https://hdl.handle.net/20.500.11840/termmaster10053963,Tsjaad,https://hdl.handle.net/20.500.11840/termmaster10053869,Chad | TCD  | Tchad
https://hdl.handle.net/20.500.11840/termmaster10070455,schenkkannen,https://hdl.handle.net/20.500.11840/termmaster10070440,flagons
https://hdl.handle.net/20.500.11840/termmaster10059262,Talpa,https://hdl.handle.net/20.500.11840/termmaster10059248,
https://hdl.handle.net/20.500.11840/termmaster10071440,vingerhoeden,https://hdl.handle.net/20.500.11840/termmaster10071438,thimbles
https://hdl.handle.net/20.500.11840/termmaster10064448,Qazvin (provincie),https://hdl.handle.net/20.500.11840/termmaster10064359,Qazvin (province)
https://hdl.handle.net/20.500.11840/termmaster10068845,werpspellen,https://hdl.handle.net/20.500.11840/termmaster10068844,mikspellen | throwing games
https://hdl.handle.net/20.500.11840/termmaster10068940,buizen,https://hdl.handle.net/20.500.11840/termmaster10068934,tubes (object forms)
https://hdl.handle.net/20.500.11840/termmaster10067716,oliedruipborden,https://hdl.handle.net/20.500.11840/termmaster10067700,oil drip-plates | olieschalen
https://hdl.handle.net/20.500.11840/termmaster10077510,Ngada,https://hdl.handle.net/20.500.11840/termmaster10077505,Badjava | Bajava | Nad’a | Ngad'a
https://hdl.handle.net/20.500.11840/termmaster10066242,plankciters,https://hdl.handle.net/20.500.11840/termmaster10066239,board zithers
https://hdl.handle.net/20.500.11840/termmaster10060584,Slai,https://hdl.handle.net/20.500.11840/termmaster10060520,
https://hdl.handle.net/20.500.11840/termmaster10078337,Baulé,https://hdl.handle.net/20.500.11840/termmaster10078330,Baoule | Baule
https://hdl.handle.net/20.500.11840/termmaster10065804,paarlemoer,https://hdl.handle.net/20.500.11840/termmaster10065793,mother of pearl | mother-of-pearl | parelmoer
https://hdl.handle.net/20.500.11840/termmaster10062814,Adaut,https://hdl.handle.net/20.500.11840/termmaster10062813,
https://hdl.handle.net/20.500.11840/termmaster10079207,uiting van persoonlijke status en toestand,https://hdl.handle.net/20.500.11840/termmaster10048029,expression of personal status and condition
https://hdl.handle.net/20.500.11840/termmaster10071456,knoopgetouwen,https://hdl.handle.net/20.500.11840/termmaster10071437,knotting looms
https://hdl.handle.net/20.500.11840/termmaster10059058,Cacalotán,https://hdl.handle.net/20.500.11840/termmaster10059049,
https://hdl.handle.net/20.500.11840/termmaster10066662,paviljoens,https://hdl.handle.net/20.500.11840/termmaster10066654,pavilions (building divisions) | paviljoenen
https://hdl.handle.net/20.500.11840/termmaster10056761,Solnhofen,https://hdl.handle.net/20.500.11840/termmaster10056758,
https://hdl.handle.net/20.500.11840/termmaster10061004,Guangxi,https://hdl.handle.net/20.500.11840/termmaster10060930,
https://hdl.handle.net/20.500.11840/termmaster10070839,canopen,https://hdl.handle.net/20.500.11840/termmaster10070834,canopic jars
https://hdl.handle.net/20.500.11840/termmaster10069373,geldriemen,https://hdl.handle.net/20.500.11840/termmaster10069371,geldgordels | money belts
https://hdl.handle.net/20.500.11840/termmaster10076681,Gija,https://hdl.handle.net/20.500.11840/termmaster10076674,Gidja | Kija | Kitja | Lungga
https://hdl.handle.net/20.500.11840/termmaster10064985,weven met trapperweefgetouw,https://hdl.handle.net/20.500.11840/termmaster10064983,treadle loom weaving
https://hdl.handle.net/20.500.11840/termmaster10077104,Laat-Chosôn,https://hdl.handle.net/20.500.11840/termmaster10077101,Late Chosôn
https://hdl.handle.net/20.500.11840/termmaster10060544,Kambrindo,https://hdl.handle.net/20.500.11840/termmaster10060520,
https://hdl.handle.net/20.500.11840/termmaster10079272,ongelijkheid van mensen voor de wet,https://hdl.handle.net/20.500.11840/termmaster10079271,inequality of people before the law
https://hdl.handle.net/20.500.11840/termmaster10049228,landrechten,https://hdl.handle.net/20.500.11840/termmaster10047807,expropriation of property
https://hdl.handle.net/20.500.11840/termmaster10075817,Santeria,https://hdl.handle.net/20.500.11840/termmaster10075813,
https://hdl.handle.net/20.500.11840/termmaster10076612,Centrale Marrons,https://hdl.handle.net/20.500.11840/termmaster10076611,Central Maroon (people)
https://hdl.handle.net/20.500.11840/termmaster10056988,Suddendorf,https://hdl.handle.net/20.500.11840/termmaster10056939,
https://hdl.handle.net/20.500.11840/termmaster10079703,wayang golek,https://hdl.handle.net/20.500.11840/termmaster10079702,wajang golek | wayang golèk
https://hdl.handle.net/20.500.11840/termmaster10077787,Yao,https://hdl.handle.net/20.500.11840/termmaster10077752,Mien- Thaise Yao | Thaise Yao
https://hdl.handle.net/20.500.11840/termmaster10063384,Munduk,https://hdl.handle.net/20.500.11840/termmaster10063378,Moendoek
https://hdl.handle.net/20.500.11840/termmaster10069109,meetinstrumenten voor het meten van druk,https://hdl.handle.net/20.500.11840/termmaster10069077,pressure measuring devices
https://hdl.handle.net/20.500.11840/termmaster10061033,Yangzhou,https://hdl.handle.net/20.500.11840/termmaster10061028,
https://hdl.handle.net/20.500.11840/termmaster10061283,Bomberai-schiereiland,https://hdl.handle.net/20.500.11840/termmaster10061263,Bomberai Peninsula | Semanjung Bomberai
https://hdl.handle.net/20.500.11840/termmaster10066985,vuurtorens,https://hdl.handle.net/20.500.11840/termmaster10066984,lighthouses
https://hdl.handle.net/20.500.11840/termmaster10067654,toortsen,https://hdl.handle.net/20.500.11840/termmaster10067653,flambeaux
https://hdl.handle.net/20.500.11840/termmaster10077958,Harappa,https://hdl.handle.net/20.500.11840/termmaster10077957,
https://hdl.handle.net/20.500.11840/termmaster10067087,jeugdherbergen,https://hdl.handle.net/20.500.11840/termmaster10067086,youth hostels
https://hdl.handle.net/20.500.11840/termmaster10067979,knotsen,https://hdl.handle.net/20.500.11840/termmaster10067976,bludgeon
https://hdl.handle.net/20.500.11840/termmaster10078194,Tanala,https://hdl.handle.net/20.500.11840/termmaster10078188,Antanala
https://hdl.handle.net/20.500.11840/termmaster10061686,Karo (regentschap),https://hdl.handle.net/20.500.11840/termmaster10061673,Karo (kabupaten) | Karo (regency) | Karolanden
https://hdl.handle.net/20.500.11840/termmaster10068606,fioelen,https://hdl.handle.net/20.500.11840/termmaster10068605,finials
https://hdl.handle.net/20.500.11840/termmaster10067110,bouwwerken naar conditie,https://hdl.handle.net/20.500.11840/termmaster10066731,single built works by condition
https://hdl.handle.net/20.500.11840/termmaster10058437,Macusani,https://hdl.handle.net/20.500.11840/termmaster10058423,
https://hdl.handle.net/20.500.11840/termmaster10058953,Tantoyuca,https://hdl.handle.net/20.500.11840/termmaster10058938,
https://hdl.handle.net/20.500.11840/termmaster10060922,Kyònggido: Noord-Korea,https://hdl.handle.net/20.500.11840/termmaster10060920,Kaesong-si
https://hdl.handle.net/20.500.11840/termmaster10059946,Pond Inlet,https://hdl.handle.net/20.500.11840/termmaster10059941,Pond-Inlet
https://hdl.handle.net/20.500.11840/termmaster10049745,verwantschapsgroepen,https://hdl.handle.net/20.500.11840/termmaster10049091,kinship groups
https://hdl.handle.net/20.500.11840/termmaster10054779,Athieme,https://hdl.handle.net/20.500.11840/termmaster10054776,
https://hdl.handle.net/20.500.11840/termmaster10048748,industrieel bewerkt voedsel,https://hdl.handle.net/20.500.11840/termmaster10050335,industially prepared and processed food | voedingsmiddelenindustrie
https://hdl.handle.net/20.500.11840/termmaster10055107,Farabako,https://hdl.handle.net/20.500.11840/termmaster10055106,
https://hdl.handle.net/20.500.11840/termmaster10064028,Madhubani (plaats),https://hdl.handle.net/20.500.11840/termmaster10064013,Madhubani (populated place)
https://hdl.handle.net/20.500.11840/termmaster10063734,Brits-Indië,https://hdl.handle.net/20.500.11840/termmaster10063733,British India | Eng. Voor-Indie | Engelsch-Indië
https://hdl.handle.net/20.500.11840/termmaster10077289,Nan Song,https://hdl.handle.net/20.500.11840/termmaster10077287,Zuidelijke Song
https://hdl.handle.net/20.500.11840/termmaster10070035,historische atlassen,https://hdl.handle.net/20.500.11840/termmaster10070032,historical atlases
https://hdl.handle.net/20.500.11840/termmaster10069419,kwartiermutsen,https://hdl.handle.net/20.500.11840/termmaster10069413,garrison caps
https://hdl.handle.net/20.500.11840/termmaster10079700,karagöz,https://hdl.handle.net/20.500.11840/termmaster10079699,Karagöz ve Hacivat | karagöz play | karagöz schimmenspel
https://hdl.handle.net/20.500.11840/termmaster10058561,Buenos Aires (provincie),https://hdl.handle.net/20.500.11840/termmaster10058559,Buenos Aires (province)
https://hdl.handle.net/20.500.11840/termmaster10055707,Angerlo,https://hdl.handle.net/20.500.11840/termmaster10055671,
https://hdl.handle.net/20.500.11840/termmaster10058779,Westpunt,https://hdl.handle.net/20.500.11840/termmaster10058777,
https://hdl.handle.net/20.500.11840/termmaster10055554,Åndalsnes,https://hdl.handle.net/20.500.11840/termmaster10055553,Andalsnes
https://hdl.handle.net/20.500.11840/termmaster10064123,Dode Zee,https://hdl.handle.net/20.500.11840/termmaster10064117,Dead Sea | Yam Hamela
https://hdl.handle.net/20.500.11840/termmaster10058713,Kingston,https://hdl.handle.net/20.500.11840/termmaster10058706,
https://hdl.handle.net/20.500.11840/termmaster10048267,circulatie van goederen en diensten,https://hdl.handle.net/20.500.11840/termmaster10047723,"0907 | circulation of goods and services | geven en nemen | ruilen, handel en schenken"
https://hdl.handle.net/20.500.11840/termmaster10064314,Eyüp,https://hdl.handle.net/20.500.11840/termmaster10064312,
https://hdl.handle.net/20.500.11840/termmaster10058516,Piura (regio),https://hdl.handle.net/20.500.11840/termmaster10058411,Piura (region)
https://hdl.handle.net/20.500.11840/termmaster10068133,kralengeld,https://hdl.handle.net/20.500.11840/termmaster10068131,handelskralen | kralen (goederengeld) | trade beads
https://hdl.handle.net/20.500.11840/termmaster10059174,San Agustín Tlacotepec,https://hdl.handle.net/20.500.11840/termmaster10059119,
https://hdl.handle.net/20.500.11840/termmaster10070598,schedes,https://hdl.handle.net/20.500.11840/termmaster10070595,scabbards
https://hdl.handle.net/20.500.11840/termmaster10071782,spatels (medisch gereedschap),https://hdl.handle.net/20.500.11840/termmaster10071774,spatulas (medical equipment)
https://hdl.handle.net/20.500.11840/termmaster10059020,Huehuetla (Puebla),https://hdl.handle.net/20.500.11840/termmaster10058972,
https://hdl.handle.net/20.500.11840/termmaster10057942,Pfitschtal,https://hdl.handle.net/20.500.11840/termmaster10057938,
https://hdl.handle.net/20.500.11840/termmaster10078543,Reguibat,https://hdl.handle.net/20.500.11840/termmaster10078542,Regeibat
https://hdl.handle.net/20.500.11840/termmaster10058177,Moengotapoe,https://hdl.handle.net/20.500.11840/termmaster10058172,Moengoe Tapoe | Mongotapoe
https://hdl.handle.net/20.500.11840/termmaster10078439,Kurumba,https://hdl.handle.net/20.500.11840/termmaster10078416,Akurumba | Foulse | Fulse | Koromfré | Kurumfe
https://hdl.handle.net/20.500.11840/termmaster10060500,Malasiga,https://hdl.handle.net/20.500.11840/termmaster10060468,
https://hdl.handle.net/20.500.11840/termmaster10068533,poppenwagens,https://hdl.handle.net/20.500.11840/termmaster10068529,doll carriages
https://hdl.handle.net/20.500.11840/termmaster10064011,Arunachal Pradesh (deelstaat),https://hdl.handle.net/20.500.11840/termmaster10063752,Arunachal Pradesh (state)
https://hdl.handle.net/20.500.11840/termmaster10062029,Lhoong,https://hdl.handle.net/20.500.11840/termmaster10062020,Lhong
https://hdl.handle.net/20.500.11840/termmaster10062491,Raijua (eiland),https://hdl.handle.net/20.500.11840/termmaster10062490,Pulau Raijua | Raijua (island)
https://hdl.handle.net/20.500.11840/termmaster10056586,Tyne and Wear (county),https://hdl.handle.net/20.500.11840/termmaster10056471,
https://hdl.handle.net/20.500.11840/termmaster10062729,Makian (eiland),https://hdl.handle.net/20.500.11840/termmaster10062725,Makian (island) | Pulau Makian
https://hdl.handle.net/20.500.11840/termmaster10059210,San José Yosocano,https://hdl.handle.net/20.500.11840/termmaster10059119,
https://hdl.handle.net/20.500.11840/termmaster10062433,Centraal Flores,https://hdl.handle.net/20.500.11840/termmaster10062416,Central Flores
https://hdl.handle.net/20.500.11840/termmaster10078512,Bamenda,https://hdl.handle.net/20.500.11840/termmaster10078511,Manda | Mandankwe | Mende-Nkwe | Munda
https://hdl.handle.net/20.500.11840/termmaster10079135,staatsiebezoeken,https://hdl.handle.net/20.500.11840/termmaster10079084,staatsbezoeken | visits of state
https://hdl.handle.net/20.500.11840/termmaster10058893,Concepción Tutuapa,https://hdl.handle.net/20.500.11840/termmaster10058825,
https://hdl.handle.net/20.500.11840/termmaster10061529,Okaba,https://hdl.handle.net/20.500.11840/termmaster10061525,
https://hdl.handle.net/20.500.11840/termmaster10067100,onderzoeksstations,https://hdl.handle.net/20.500.11840/termmaster10067099,research stations
https://hdl.handle.net/20.500.11840/termmaster10064212,Balaban,https://hdl.handle.net/20.500.11840/termmaster10064210,
https://hdl.handle.net/20.500.11840/termmaster10070121,grammofoonplaten,https://hdl.handle.net/20.500.11840/termmaster10070117,phonograph records
https://hdl.handle.net/20.500.11840/termmaster10070950,treknetten,https://hdl.handle.net/20.500.11840/termmaster10070941,drought nets
https://hdl.handle.net/20.500.11840/termmaster10069007,steengoed,https://hdl.handle.net/20.500.11840/termmaster10069001,stoneware (pottery)
https://hdl.handle.net/20.500.11840/termmaster10057820,Príbram,https://hdl.handle.net/20.500.11840/termmaster10057813,Pribam
https://hdl.handle.net/20.500.11840/termmaster10079681,naaktheid,https://hdl.handle.net/20.500.11840/termmaster10048027,nudity | nu­di­teit
https://hdl.handle.net/20.500.11840/termmaster10060488,Zumin,https://hdl.handle.net/20.500.11840/termmaster10060469,
https://hdl.handle.net/20.500.11840/termmaster10078411,Songhai-sprekende volken,https://hdl.handle.net/20.500.11840/termmaster10078382,Songhai speaking peoples
https://hdl.handle.net/20.500.11840/termmaster10067094,looierijen,https://hdl.handle.net/20.500.11840/termmaster10067088,looierijgebouwen | tanneries
https://hdl.handle.net/20.500.11840/termmaster10058871,Panajachel,https://hdl.handle.net/20.500.11840/termmaster10058825,
https://hdl.handle.net/20.500.11840/termmaster10064494,Khamis Mushayt,https://hdl.handle.net/20.500.11840/termmaster10064493,
https://hdl.handle.net/20.500.11840/termmaster10077097,Kaya,https://hdl.handle.net/20.500.11840/termmaster10077093,
https://hdl.handle.net/20.500.11840/termmaster10066173,watertrommen,https://hdl.handle.net/20.500.11840/termmaster10066172,water drums
https://hdl.handle.net/20.500.11840/termmaster10055559,Finland,https://hdl.handle.net/20.500.11840/termmaster10055431,FIN 
https://hdl.handle.net/20.500.11840/termmaster10061993,Metro (stadsgemeente),https://hdl.handle.net/20.500.11840/termmaster10061964,Metro (kota) | Metro (municipality) | Trimurjo
https://hdl.handle.net/20.500.11840/termmaster10077470,Agam,https://hdl.handle.net/20.500.11840/termmaster10077469,
https://hdl.handle.net/20.500.11840/termmaster10068453,trams,https://hdl.handle.net/20.500.11840/termmaster10068452,streetcars
https://hdl.handle.net/20.500.11840/termmaster10071297,paardentuigen,https://hdl.handle.net/20.500.11840/termmaster10071296,horse harnesses
https://hdl.handle.net/20.500.11840/termmaster10061997,Kampar (regentschap),https://hdl.handle.net/20.500.11840/termmaster10061996,Kampar (kabupaten) | Kampar (regency)
https://hdl.handle.net/20.500.11840/termmaster10064789,etsen (drukprocedé),https://hdl.handle.net/20.500.11840/termmaster10064788,etching (printing process) | geëtst
https://hdl.handle.net/20.500.11840/termmaster10059546,Contra Costa,https://hdl.handle.net/20.500.11840/termmaster10059528,
https://hdl.handle.net/20.500.11840/termmaster10059981,Tongareva,https://hdl.handle.net/20.500.11840/termmaster10059979,
https://hdl.handle.net/20.500.11840/termmaster10063503,Phayao,https://hdl.handle.net/20.500.11840/termmaster10063501,
https://hdl.handle.net/20.500.11840/termmaster10077656,Balinees,https://hdl.handle.net/20.500.11840/termmaster10077440,Balinese
https://hdl.handle.net/20.500.11840/termmaster10055825,Ockenrode,https://hdl.handle.net/20.500.11840/termmaster10055818,
https://hdl.handle.net/20.500.11840/termmaster10065297,basisch stollingsgesteente,https://hdl.handle.net/20.500.11840/termmaster10065293,basic igneous rock | basic rock
https://hdl.handle.net/20.500.11840/termmaster10065129,balgen,https://hdl.handle.net/20.500.11840/termmaster10065127,gebalgd | taxidermy without stuffing
https://hdl.handle.net/20.500.11840/termmaster10068698,gespen (bevestigingsmiddelen),https://hdl.handle.net/20.500.11840/termmaster10068663,buckles (strap accessories)
https://hdl.handle.net/20.500.11840/termmaster10067036,wachthuizen,https://hdl.handle.net/20.500.11840/termmaster10067035,watch-houses
https://hdl.handle.net/20.500.11840/termmaster10077975,Mughal schilderstijl,https://hdl.handle.net/20.500.11840/termmaster10077973,Mughal painting style
https://hdl.handle.net/20.500.11840/termmaster10056597,Warrenpoint,https://hdl.handle.net/20.500.11840/termmaster10056596,
https://hdl.handle.net/20.500.11840/termmaster10075962,Noordwest-Siberisch,https://hdl.handle.net/20.500.11840/termmaster10075961,Northwest Siberian
https://hdl.handle.net/20.500.11840/termmaster10047984,"cultuur, identificatie en herinnering",https://hdl.handle.net/20.500.11840/termmaster10047723,"culture, identification, and memory"
https://hdl.handle.net/20.500.11840/termmaster10058162,Tebu Top,https://hdl.handle.net/20.500.11840/termmaster10058104,
https://hdl.handle.net/20.500.11840/termmaster10070236,kampnummers,https://hdl.handle.net/20.500.11840/termmaster10070209,
https://hdl.handle.net/20.500.11840/termmaster10065268,serpentijn,https://hdl.handle.net/20.500.11840/termmaster10065264,ophite | serpentine | serpentinite | serpentinous marble | serpentinous rock
https://hdl.handle.net/20.500.11840/termmaster10058550,Calchaqui (rivier),https://hdl.handle.net/20.500.11840/termmaster10058548,Calchaqui (river)
https://hdl.handle.net/20.500.11840/termmaster10064990,inslagtwijnbinding,https://hdl.handle.net/20.500.11840/termmaster10064989,fitsbinding | weft twine binding
https://hdl.handle.net/20.500.11840/termmaster10070413,borden (vaatwerk),https://hdl.handle.net/20.500.11840/termmaster10070412,eetborden | etensborden | plates (dishes)
https://hdl.handle.net/20.500.11840/termmaster10066001,katoenvezel,https://hdl.handle.net/20.500.11840/termmaster10065997,cotton (fiber) | cotton fiber
https://hdl.handle.net/20.500.11840/termmaster10063238,Ubrug,https://hdl.handle.net/20.500.11840/termmaster10063231,
https://hdl.handle.net/20.500.11840/termmaster10049107,levensfasen en waardering van levensfasen,https://hdl.handle.net/20.500.11840/termmaster10048122,life stages and appreciation of life stages
https://hdl.handle.net/20.500.11840/termmaster10054532,Kheredine,https://hdl.handle.net/20.500.11840/termmaster10054529,Khayr ad Din | Kérédine
https://hdl.handle.net/20.500.11840/termmaster10077031,Kemtuik,https://hdl.handle.net/20.500.11840/termmaster10077021,Kamtuk | Kemtuk
https://hdl.handle.net/20.500.11840/termmaster10059550,Oakland,https://hdl.handle.net/20.500.11840/termmaster10059549,
https://hdl.handle.net/20.500.11840/termmaster10070911,mierenmatten,https://hdl.handle.net/20.500.11840/termmaster10070910,ant mats
https://hdl.handle.net/20.500.11840/termmaster10054032,Lisala,https://hdl.handle.net/20.500.11840/termmaster10054015,
https://hdl.handle.net/20.500.11840/termmaster10079667,polswarmers,https://hdl.handle.net/20.500.11840/termmaster10069322,muffettees | polsmofujes
https://hdl.handle.net/20.500.11840/termmaster10059488,Salt Lake City,https://hdl.handle.net/20.500.11840/termmaster10059487,
https://hdl.handle.net/20.500.11840/termmaster10068684,spijkers,https://hdl.handle.net/20.500.11840/termmaster10068663,nails
https://hdl.handle.net/20.500.11840/termmaster10058667,Acre (deelstaat),https://hdl.handle.net/20.500.11840/termmaster10058588,Acre (state)
https://hdl.handle.net/20.500.11840/termmaster10064914,pointillé,https://hdl.handle.net/20.500.11840/termmaster10064913,gepointileerd
https://hdl.handle.net/20.500.11840/termmaster10054482,Sidi Ifni,https://hdl.handle.net/20.500.11840/termmaster10054469,
https://hdl.handle.net/20.500.11840/termmaster10058439,Azángaro,https://hdl.handle.net/20.500.11840/termmaster10058423,Azangaro
https://hdl.handle.net/20.500.11840/termmaster10069968,plannen naar onderwerp,https://hdl.handle.net/20.500.11840/termmaster10069967,plan naar onderwerp | plans by subject
https://hdl.handle.net/20.500.11840/termmaster10062164,Banggai-eilanden,https://hdl.handle.net/20.500.11840/termmaster10062160,Banggai Islands
https://hdl.handle.net/20.500.11840/termmaster10071334,demonstratie-instrumenten,https://hdl.handle.net/20.500.11840/termmaster10071324,demonstratie-instrument | demonstration instruments
https://hdl.handle.net/20.500.11840/termmaster10067639,bolle spiegels,https://hdl.handle.net/20.500.11840/termmaster10067637,convex mirrors
https://hdl.handle.net/20.500.11840/termmaster10071848,ateliercamera's,https://hdl.handle.net/20.500.11840/termmaster10071843,studio cameras
https://hdl.handle.net/20.500.11840/termmaster10054933,Dix-huit Montagnes (regio),https://hdl.handle.net/20.500.11840/termmaster10054917,Dix-huit Montagnes (region)
https://hdl.handle.net/20.500.11840/termmaster10078848,Wute,https://hdl.handle.net/20.500.11840/termmaster10078825,Baboute | Bamboute | Mbute | Mfute | Voute | Vute
https://hdl.handle.net/20.500.11840/termmaster10057131,Hüffenhardt,https://hdl.handle.net/20.500.11840/termmaster10057129,
https://hdl.handle.net/20.500.11840/termmaster10075792,sjiitisch,https://hdl.handle.net/20.500.11840/termmaster10075789,Shi'a | Shi'ite | Shia | Shiite
https://hdl.handle.net/20.500.11840/termmaster10060803,Hakone,https://hdl.handle.net/20.500.11840/termmaster10060799,
https://hdl.handle.net/20.500.11840/termmaster10079069,lucht,https://hdl.handle.net/20.500.11840/termmaster10048168,air
https://hdl.handle.net/20.500.11840/termmaster10064185,Saraqib,https://hdl.handle.net/20.500.11840/termmaster10064169,Sarakeb
https://hdl.handle.net/20.500.11840/termmaster10063293,Indramayu (regentschap),https://hdl.handle.net/20.500.11840/termmaster10063208,Indramayu (kabupaten) | Indramayu (regency)
https://hdl.handle.net/20.500.11840/termmaster10067677,tafellampen,https://hdl.handle.net/20.500.11840/termmaster10067674,table lamps
https://hdl.handle.net/20.500.11840/termmaster10065116,oxideren,https://hdl.handle.net/20.500.11840/termmaster10065112,geroest | gezwart (zilver) | oxidation | roesten van ijzer | zwarten van zilver
https://hdl.handle.net/20.500.11840/termmaster10049261,etnische zuivering en genocide,https://hdl.handle.net/20.500.11840/termmaster10047833,ethnic cleansing and genocide | etnische zuivering | genocide
https://hdl.handle.net/20.500.11840/termmaster10071332,communicerende vaten,https://hdl.handle.net/20.500.11840/termmaster10071324,communicating vessels
https://hdl.handle.net/20.500.11840/termmaster10078061,Il-Khanidisch,https://hdl.handle.net/20.500.11840/termmaster10078051,Il-Khanid
https://hdl.handle.net/20.500.11840/termmaster10055981,Monster,https://hdl.handle.net/20.500.11840/termmaster10055977,
https://hdl.handle.net/20.500.11840/termmaster10064243,Milas,https://hdl.handle.net/20.500.11840/termmaster10064239,
https://hdl.handle.net/20.500.11840/termmaster10061852,Sirukam (Sumatera),https://hdl.handle.net/20.500.11840/termmaster10061849,
https://hdl.handle.net/20.500.11840/termmaster10071758,"ventilators (koel-, verwarm- en bevochtigingsuitrusting)",https://hdl.handle.net/20.500.11840/termmaster10071757,fans (equipment) | waaiers (koeluitrusting)
https://hdl.handle.net/20.500.11840/termmaster10056025,Oldenzaal,https://hdl.handle.net/20.500.11840/termmaster10055995,
https://hdl.handle.net/20.500.11840/termmaster10069944,proclamaties,https://hdl.handle.net/20.500.11840/termmaster10069934,proclamations
https://hdl.handle.net/20.500.11840/termmaster10058362,San Lorenzo,https://hdl.handle.net/20.500.11840/termmaster10058341,
https://hdl.handle.net/20.500.11840/termmaster10061574,Uta,https://hdl.handle.net/20.500.11840/termmaster10061555,
https://hdl.handle.net/20.500.11840/termmaster10071530,buigtangen,https://hdl.handle.net/20.500.11840/termmaster10071528,pliers
https://hdl.handle.net/20.500.11840/termmaster10071135,"voedselmalers, -molens en -persen",https://hdl.handle.net/20.500.11840/termmaster10071099,"food mills, grinders and presses"
https://hdl.handle.net/20.500.11840/termmaster10068091,elgers,https://hdl.handle.net/20.500.11840/termmaster10068090,aalscharen | aalsperen | eel spears | eel-forks | palingscharen | palingstekers
https://hdl.handle.net/20.500.11840/termmaster10056424,Zuidlaren,https://hdl.handle.net/20.500.11840/termmaster10056387,
https://hdl.handle.net/20.500.11840/termmaster10058111,Nieuw Jacobkondre,https://hdl.handle.net/20.500.11840/termmaster10058104,
https://hdl.handle.net/20.500.11840/termmaster10064950,handwerken,https://hdl.handle.net/20.500.11840/termmaster10064949,naaldwerk (techniek) | needleworking
https://hdl.handle.net/20.500.11840/termmaster10067410,tekeningen,https://hdl.handle.net/20.500.11840/termmaster10067247,drawings
https://hdl.handle.net/20.500.11840/termmaster10069807,internationale afspraken,https://hdl.handle.net/20.500.11840/termmaster10069806,international agreements
https://hdl.handle.net/20.500.11840/termmaster10068076,boksbeugels,https://hdl.handle.net/20.500.11840/termmaster10068073,brass knuckles
https://hdl.handle.net/20.500.11840/termmaster10059896,Port Colborne,https://hdl.handle.net/20.500.11840/termmaster10059891,
https://hdl.handle.net/20.500.11840/termmaster10062292,Masamba,https://hdl.handle.net/20.500.11840/termmaster10062290,Masanba
https://hdl.handle.net/20.500.11840/termmaster10061212,Anggi-meren,https://hdl.handle.net/20.500.11840/termmaster10061210,Anggi Lakes | Angi-meren
https://hdl.handle.net/20.500.11840/termmaster10071975,winkelhaken,https://hdl.handle.net/20.500.11840/termmaster10071974,carpenters' squares
https://hdl.handle.net/20.500.11840/termmaster10054097,Kyondo,https://hdl.handle.net/20.500.11840/termmaster10054096,
https://hdl.handle.net/20.500.11840/termmaster10077645,Leti,https://hdl.handle.net/20.500.11840/termmaster10077641,
https://hdl.handle.net/20.500.11840/termmaster10069155,zonnewijzers,https://hdl.handle.net/20.500.11840/termmaster10069147,sundials
https://hdl.handle.net/20.500.11840/termmaster10062162,Balaang,https://hdl.handle.net/20.500.11840/termmaster10062161,Bolaang | Bolaäng
https://hdl.handle.net/20.500.11840/termmaster10069559,boubou's,https://hdl.handle.net/20.500.11840/termmaster10069495,
https://hdl.handle.net/20.500.11840/termmaster10058259,Aragua (deelstaat),https://hdl.handle.net/20.500.11840/termmaster10058234,Aragua (state)
https://hdl.handle.net/20.500.11840/termmaster10066964,vervoersbouwconstructies,https://hdl.handle.net/20.500.11840/termmaster10079410,transportation structures
https://hdl.handle.net/20.500.11840/termmaster10061992,Tulang Bawang Barat (regentschap),https://hdl.handle.net/20.500.11840/termmaster10061964,Tulang Bawang Barat (kabupaten) | Tulang Bawang Barat (regency)
https://hdl.handle.net/20.500.11840/termmaster10065665,notenhout,https://hdl.handle.net/20.500.11840/termmaster10065616,walnut (hardwood)
https://hdl.handle.net/20.500.11840/termmaster10079532,cartografische weergave van de ruimte,https://hdl.handle.net/20.500.11840/termmaster10049034,cartografie | cartographic represention of space
https://hdl.handle.net/20.500.11840/termmaster10064183,Khan Shaykhun,https://hdl.handle.net/20.500.11840/termmaster10064169,
